ISO-10303-21;
HEADER;
FILE_DESCRIPTION(('FreeCAD Model'),'2;1');
FILE_NAME('Open CASCADE Shape Model','2023-04-12T02:46:06',(
    'kicad StepUp'),('ksu MCAD'),'Open CASCADE STEP processor 7.6',
  'FreeCAD','Unknown');
FILE_SCHEMA(('AUTOMOTIVE_DESIGN { 1 0 10303 214 1 1 1 1 }'));
ENDSEC;
DATA;
#1 = APPLICATION_PROTOCOL_DEFINITION('international standard',
  'automotive_design',2000,#2);
#2 = APPLICATION_CONTEXT(
  'core data for automotive mechanical design processes');
#3 = SHAPE_DEFINITION_REPRESENTATION(#4,#10);
#4 = PRODUCT_DEFINITION_SHAPE('','',#5);
#5 = PRODUCT_DEFINITION('design','',#6,#9);
#6 = PRODUCT_DEFINITION_FORMATION('','',#7);
#7 = PRODUCT('PCB Terminal Block 5 DEG381-3.5',
  'PCB Terminal Block 5 DEG381-3.5','',(#8));
#8 = PRODUCT_CONTEXT('',#2,'mechanical');
#9 = PRODUCT_DEFINITION_CONTEXT('part definition',#2,'design');
#10 = SHAPE_REPRESENTATION('',(#11,#15,#19,#23,#27,#31,#35,#39,#43,#47,
    #51,#55,#59,#63,#67,#71,#75),#79);
#11 = AXIS2_PLACEMENT_3D('',#12,#13,#14);
#12 = CARTESIAN_POINT('',(0.,0.,0.));
#13 = DIRECTION('',(0.,0.,1.));
#14 = DIRECTION('',(1.,0.,-0.));
#15 = AXIS2_PLACEMENT_3D('',#16,#17,#18);
#16 = CARTESIAN_POINT('',(0.,0.,0.));
#17 = DIRECTION('',(0.,0.,1.));
#18 = DIRECTION('',(1.,0.,0.));
#19 = AXIS2_PLACEMENT_3D('',#20,#21,#22);
#20 = CARTESIAN_POINT('',(0.,0.,0.));
#21 = DIRECTION('',(0.,0.,1.));
#22 = DIRECTION('',(1.,0.,0.));
#23 = AXIS2_PLACEMENT_3D('',#24,#25,#26);
#24 = CARTESIAN_POINT('',(0.,0.,0.));
#25 = DIRECTION('',(0.,0.,1.));
#26 = DIRECTION('',(1.,0.,0.));
#27 = AXIS2_PLACEMENT_3D('',#28,#29,#30);
#28 = CARTESIAN_POINT('',(0.,0.,6.95));
#29 = DIRECTION('',(-0.,0.,1.));
#30 = DIRECTION('',(0.707106781187,-0.707106781187,0.));
#31 = AXIS2_PLACEMENT_3D('',#32,#33,#34);
#32 = CARTESIAN_POINT('',(3.5,0.,0.));
#33 = DIRECTION('',(0.,0.,1.));
#34 = DIRECTION('',(1.,0.,0.));
#35 = AXIS2_PLACEMENT_3D('',#36,#37,#38);
#36 = CARTESIAN_POINT('',(3.5,0.,0.));
#37 = DIRECTION('',(0.,0.,1.));
#38 = DIRECTION('',(1.,0.,0.));
#39 = AXIS2_PLACEMENT_3D('',#40,#41,#42);
#40 = CARTESIAN_POINT('',(3.5,0.,0.));
#41 = DIRECTION('',(0.,0.,1.));
#42 = DIRECTION('',(1.,0.,0.));
#43 = AXIS2_PLACEMENT_3D('',#44,#45,#46);
#44 = CARTESIAN_POINT('',(7.,0.,0.));
#45 = DIRECTION('',(0.,0.,1.));
#46 = DIRECTION('',(1.,0.,0.));
#47 = AXIS2_PLACEMENT_3D('',#48,#49,#50);
#48 = CARTESIAN_POINT('',(7.,0.,0.));
#49 = DIRECTION('',(0.,0.,1.));
#50 = DIRECTION('',(1.,0.,0.));
#51 = AXIS2_PLACEMENT_3D('',#52,#53,#54);
#52 = CARTESIAN_POINT('',(7.,0.,0.));
#53 = DIRECTION('',(0.,0.,1.));
#54 = DIRECTION('',(1.,0.,0.));
#55 = AXIS2_PLACEMENT_3D('',#56,#57,#58);
#56 = CARTESIAN_POINT('',(10.5,0.,0.));
#57 = DIRECTION('',(0.,0.,1.));
#58 = DIRECTION('',(1.,0.,0.));
#59 = AXIS2_PLACEMENT_3D('',#60,#61,#62);
#60 = CARTESIAN_POINT('',(10.5,0.,0.));
#61 = DIRECTION('',(0.,0.,1.));
#62 = DIRECTION('',(1.,0.,0.));
#63 = AXIS2_PLACEMENT_3D('',#64,#65,#66);
#64 = CARTESIAN_POINT('',(10.5,0.,0.));
#65 = DIRECTION('',(0.,0.,1.));
#66 = DIRECTION('',(1.,0.,0.));
#67 = AXIS2_PLACEMENT_3D('',#68,#69,#70);
#68 = CARTESIAN_POINT('',(14.,0.,0.));
#69 = DIRECTION('',(0.,0.,1.));
#70 = DIRECTION('',(1.,0.,0.));
#71 = AXIS2_PLACEMENT_3D('',#72,#73,#74);
#72 = CARTESIAN_POINT('',(14.,0.,0.));
#73 = DIRECTION('',(0.,0.,1.));
#74 = DIRECTION('',(1.,0.,0.));
#75 = AXIS2_PLACEMENT_3D('',#76,#77,#78);
#76 = CARTESIAN_POINT('',(14.,0.,0.));
#77 = DIRECTION('',(0.,0.,1.));
#78 = DIRECTION('',(1.,0.,0.));
#79 = ( GEOMETRIC_REPRESENTATION_CONTEXT(3) 
GLOBAL_UNCERTAINTY_ASSIGNED_CONTEXT((#83)) GLOBAL_UNIT_ASSIGNED_CONTEXT(
(#80,#81,#82)) REPRESENTATION_CONTEXT('Context #1',
  '3D Context with UNIT and UNCERTAINTY') );
#80 = ( LENGTH_UNIT() NAMED_UNIT(*) SI_UNIT(.MILLI.,.METRE.) );
#81 = ( NAMED_UNIT(*) PLANE_ANGLE_UNIT() SI_UNIT($,.RADIAN.) );
#82 = ( NAMED_UNIT(*) SI_UNIT($,.STERADIAN.) SOLID_ANGLE_UNIT() );
#83 = UNCERTAINTY_MEASURE_WITH_UNIT(LENGTH_MEASURE(2.E-07),#80,
  'distance_accuracy_value','confusion accuracy');
#84 = PRODUCT_RELATED_PRODUCT_CATEGORY('part',$,(#7));
#85 = SHAPE_DEFINITION_REPRESENTATION(#86,#92);
#86 = PRODUCT_DEFINITION_SHAPE('','',#87);
#87 = PRODUCT_DEFINITION('design','',#88,#91);
#88 = PRODUCT_DEFINITION_FORMATION('','',#89);
#89 = PRODUCT('Plastic Housing004','Plastic Housing004','',(#90));
#90 = PRODUCT_CONTEXT('',#2,'mechanical');
#91 = PRODUCT_DEFINITION_CONTEXT('part definition',#2,'design');
#92 = ADVANCED_BREP_SHAPE_REPRESENTATION('',(#11,#93),#6169);
#93 = MANIFOLD_SOLID_BREP('',#94);
#94 = CLOSED_SHELL('',(#95,#128,#215,#240,#271,#359,#463,#544,#569,#594,
    #619,#644,#664,#681,#714,#889,#920,#944,#968,#1155,#1186,#1226,#1257
    ,#1297,#1328,#1368,#1399,#1439,#1470,#1496,#1527,#1551,#1575,#1600,
    #1625,#1650,#1675,#1700,#1740,#1758,#1783,#1824,#1841,#1866,#1907,
    #1924,#1949,#1990,#2007,#2032,#2073,#2090,#2115,#2141,#2158,#2214,
    #2286,#2317,#2348,#2411,#2474,#2505,#2527,#2592,#2614,#2636,#2658,
    #2680,#2743,#2815,#2846,#2877,#2940,#3003,#3034,#3056,#3121,#3143,
    #3165,#3187,#3209,#3272,#3344,#3375,#3406,#3469,#3532,#3563,#3585,
    #3650,#3672,#3694,#3716,#3738,#3801,#3873,#3904,#3935,#3998,#4061,
    #4092,#4114,#4179,#4201,#4223,#4245,#4267,#4330,#4402,#4433,#4464,
    #4527,#4590,#4621,#4643,#4708,#4730,#4752,#4774,#4796,#4816,#4832,
    #4848,#4860,#4880,#4896,#4912,#4924,#4944,#4960,#4976,#4988,#5008,
    #5024,#5040,#5052,#5072,#5088,#5104,#5116,#5135,#5152,#5171,#5190,
    #5207,#5226,#5245,#5262,#5281,#5300,#5317,#5336,#5355,#5372,#5389,
    #5409,#5429,#5449,#5469,#5489,#5501,#5524,#5536,#5550,#5562,#5585,
    #5597,#5611,#5623,#5646,#5658,#5672,#5684,#5707,#5719,#5733,#5745,
    #5768,#5780,#5794,#5819,#5844,#5869,#5894,#5911,#5936,#5961,#5986,
    #6011,#6023,#6035,#6047,#6059));
#95 = ADVANCED_FACE('',(#96),#123,.F.);
#96 = FACE_BOUND('',#97,.F.);
#97 = EDGE_LOOP('',(#98,#107,#115,#122));
#98 = ORIENTED_EDGE('',*,*,#99,.T.);
#99 = EDGE_CURVE('',#100,#100,#102,.T.);
#100 = VERTEX_POINT('',#101);
#101 = CARTESIAN_POINT('',(12.40958767963,1.E-15,8.6));
#102 = CIRCLE('',#103,1.59041232037);
#103 = AXIS2_PLACEMENT_3D('',#104,#105,#106);
#104 = CARTESIAN_POINT('',(14.,1.08E-15,8.6));
#105 = DIRECTION('',(6.E-17,2.8E-16,-1.));
#106 = DIRECTION('',(-1.,-1.7E-16,-6.E-17));
#107 = ORIENTED_EDGE('',*,*,#108,.T.);
#108 = EDGE_CURVE('',#100,#109,#111,.T.);
#109 = VERTEX_POINT('',#110);
#110 = CARTESIAN_POINT('',(12.525,1.E-15,8.503157564544));
#111 = LINE('',#112,#113);
#112 = CARTESIAN_POINT('',(12.35,6.1E-16,8.65));
#113 = VECTOR('',#114,1.);
#114 = DIRECTION('',(0.766044443119,2.E-17,-0.642787609686));
#115 = ORIENTED_EDGE('',*,*,#116,.F.);
#116 = EDGE_CURVE('',#109,#109,#117,.T.);
#117 = CIRCLE('',#118,1.475);
#118 = AXIS2_PLACEMENT_3D('',#119,#120,#121);
#119 = CARTESIAN_POINT('',(14.,-5.6E-16,8.503157564544));
#120 = DIRECTION('',(1.7E-16,3.4E-16,-1.));
#121 = DIRECTION('',(-1.,-1.7E-16,-1.7E-16));
#122 = ORIENTED_EDGE('',*,*,#108,.F.);
#123 = CONICAL_SURFACE('',#124,1.65,0.872664625997);
#124 = AXIS2_PLACEMENT_3D('',#125,#126,#127);
#125 = CARTESIAN_POINT('',(14.,-5.5E-16,8.65));
#126 = DIRECTION('',(1.7E-16,0.,1.));
#127 = DIRECTION('',(-1.,-1.7E-16,1.7E-16));
#128 = ADVANCED_FACE('',(#129,#163,#174,#185,#188,#199),#210,.T.);
#129 = FACE_BOUND('',#130,.T.);
#130 = EDGE_LOOP('',(#131,#141,#149,#157));
#131 = ORIENTED_EDGE('',*,*,#132,.T.);
#132 = EDGE_CURVE('',#133,#135,#137,.T.);
#133 = VERTEX_POINT('',#134);
#134 = CARTESIAN_POINT('',(-1.75,-2.1,8.6));
#135 = VERTEX_POINT('',#136);
#136 = CARTESIAN_POINT('',(15.75,-2.1,8.6));
#137 = LINE('',#138,#139);
#138 = CARTESIAN_POINT('',(-1.75,-2.1,8.6));
#139 = VECTOR('',#140,1.);
#140 = DIRECTION('',(1.,-3.3E-16,3.9E-16));
#141 = ORIENTED_EDGE('',*,*,#142,.T.);
#142 = EDGE_CURVE('',#135,#143,#145,.T.);
#143 = VERTEX_POINT('',#144);
#144 = CARTESIAN_POINT('',(15.75,2.,8.6));
#145 = LINE('',#146,#147);
#146 = CARTESIAN_POINT('',(15.75,-2.1,8.6));
#147 = VECTOR('',#148,1.);
#148 = DIRECTION('',(1.7E-16,1.,6.E-16));
#149 = ORIENTED_EDGE('',*,*,#150,.F.);
#150 = EDGE_CURVE('',#151,#143,#153,.T.);
#151 = VERTEX_POINT('',#152);
#152 = CARTESIAN_POINT('',(-1.75,2.,8.6));
#153 = LINE('',#154,#155);
#154 = CARTESIAN_POINT('',(12.25,2.,8.6));
#155 = VECTOR('',#156,1.);
#156 = DIRECTION('',(1.,-2.7E-16,3.9E-16));
#157 = ORIENTED_EDGE('',*,*,#158,.F.);
#158 = EDGE_CURVE('',#133,#151,#159,.T.);
#159 = LINE('',#160,#161);
#160 = CARTESIAN_POINT('',(-1.75,-2.1,8.6));
#161 = VECTOR('',#162,1.);
#162 = DIRECTION('',(1.1E-16,1.,5.4E-16));
#163 = FACE_BOUND('',#164,.T.);
#164 = EDGE_LOOP('',(#165));
#165 = ORIENTED_EDGE('',*,*,#166,.T.);
#166 = EDGE_CURVE('',#167,#167,#169,.T.);
#167 = VERTEX_POINT('',#168);
#168 = CARTESIAN_POINT('',(-1.59041232037,0.,8.6));
#169 = CIRCLE('',#170,1.59041232037);
#170 = AXIS2_PLACEMENT_3D('',#171,#172,#173);
#171 = CARTESIAN_POINT('',(9.5E-16,-4.8E-16,8.6));
#172 = DIRECTION('',(1.1E-16,2.8E-16,-1.));
#173 = DIRECTION('',(-1.,-1.1E-16,-1.1E-16));
#174 = FACE_BOUND('',#175,.T.);
#175 = EDGE_LOOP('',(#176));
#176 = ORIENTED_EDGE('',*,*,#177,.T.);
#177 = EDGE_CURVE('',#178,#178,#180,.T.);
#178 = VERTEX_POINT('',#179);
#179 = CARTESIAN_POINT('',(8.90958767963,1.E-15,8.6));
#180 = CIRCLE('',#181,1.59041232037);
#181 = AXIS2_PLACEMENT_3D('',#182,#183,#184);
#182 = CARTESIAN_POINT('',(10.5,6.9E-16,8.6));
#183 = DIRECTION('',(6.E-17,2.8E-16,-1.));
#184 = DIRECTION('',(-1.,-1.7E-16,-6.E-17));
#185 = FACE_BOUND('',#186,.T.);
#186 = EDGE_LOOP('',(#187));
#187 = ORIENTED_EDGE('',*,*,#99,.T.);
#188 = FACE_BOUND('',#189,.T.);
#189 = EDGE_LOOP('',(#190));
#190 = ORIENTED_EDGE('',*,*,#191,.T.);
#191 = EDGE_CURVE('',#192,#192,#194,.T.);
#192 = VERTEX_POINT('',#193);
#193 = CARTESIAN_POINT('',(1.90958767963,1.E-15,8.6));
#194 = CIRCLE('',#195,1.59041232037);
#195 = AXIS2_PLACEMENT_3D('',#196,#197,#198);
#196 = CARTESIAN_POINT('',(3.5,-9.E-17,8.6));
#197 = DIRECTION('',(6.E-17,2.8E-16,-1.));
#198 = DIRECTION('',(-1.,-1.7E-16,-6.E-17));
#199 = FACE_BOUND('',#200,.T.);
#200 = EDGE_LOOP('',(#201));
#201 = ORIENTED_EDGE('',*,*,#202,.T.);
#202 = EDGE_CURVE('',#203,#203,#205,.T.);
#203 = VERTEX_POINT('',#204);
#204 = CARTESIAN_POINT('',(5.40958767963,1.E-15,8.6));
#205 = CIRCLE('',#206,1.59041232037);
#206 = AXIS2_PLACEMENT_3D('',#207,#208,#209);
#207 = CARTESIAN_POINT('',(7.,3.E-16,8.6));
#208 = DIRECTION('',(6.E-17,2.8E-16,-1.));
#209 = DIRECTION('',(-1.,-1.7E-16,-6.E-17));
#210 = PLANE('',#211);
#211 = AXIS2_PLACEMENT_3D('',#212,#213,#214);
#212 = CARTESIAN_POINT('',(7.,-5.E-02,8.6));
#213 = DIRECTION('',(4.E-17,3.E-17,1.));
#214 = DIRECTION('',(1.1E-16,1.,-3.E-17));
#215 = ADVANCED_FACE('',(#216),#235,.F.);
#216 = FACE_BOUND('',#217,.F.);
#217 = EDGE_LOOP('',(#218,#219,#227,#234));
#218 = ORIENTED_EDGE('',*,*,#116,.T.);
#219 = ORIENTED_EDGE('',*,*,#220,.T.);
#220 = EDGE_CURVE('',#109,#221,#223,.T.);
#221 = VERTEX_POINT('',#222);
#222 = CARTESIAN_POINT('',(12.525,1.E-15,8.3));
#223 = LINE('',#224,#225);
#224 = CARTESIAN_POINT('',(12.525,6.2E-16,8.503157564544));
#225 = VECTOR('',#226,1.);
#226 = DIRECTION('',(-1.7E-16,-1.7E-16,-1.));
#227 = ORIENTED_EDGE('',*,*,#228,.F.);
#228 = EDGE_CURVE('',#221,#221,#229,.T.);
#229 = CIRCLE('',#230,1.475);
#230 = AXIS2_PLACEMENT_3D('',#231,#232,#233);
#231 = CARTESIAN_POINT('',(14.,-5.5E-16,8.3));
#232 = DIRECTION('',(1.7E-16,3.4E-16,-1.));
#233 = DIRECTION('',(-1.,-1.7E-16,-1.7E-16));
#234 = ORIENTED_EDGE('',*,*,#220,.F.);
#235 = CYLINDRICAL_SURFACE('',#236,1.475);
#236 = AXIS2_PLACEMENT_3D('',#237,#238,#239);
#237 = CARTESIAN_POINT('',(14.,-5.6E-16,8.503157564544));
#238 = DIRECTION('',(-1.7E-16,0.,-1.));
#239 = DIRECTION('',(-1.,-1.7E-16,1.7E-16));
#240 = ADVANCED_FACE('',(#241),#266,.T.);
#241 = FACE_BOUND('',#242,.T.);
#242 = EDGE_LOOP('',(#243,#253,#259,#260));
#243 = ORIENTED_EDGE('',*,*,#244,.T.);
#244 = EDGE_CURVE('',#245,#247,#249,.T.);
#245 = VERTEX_POINT('',#246);
#246 = CARTESIAN_POINT('',(-1.75,-3.,5.));
#247 = VERTEX_POINT('',#248);
#248 = CARTESIAN_POINT('',(15.75,-3.,5.));
#249 = LINE('',#250,#251);
#250 = CARTESIAN_POINT('',(-1.75,-3.,5.));
#251 = VECTOR('',#252,1.);
#252 = DIRECTION('',(1.,-3.3E-16,3.9E-16));
#253 = ORIENTED_EDGE('',*,*,#254,.T.);
#254 = EDGE_CURVE('',#247,#135,#255,.T.);
#255 = LINE('',#256,#257);
#256 = CARTESIAN_POINT('',(15.75,-3.,5.));
#257 = VECTOR('',#258,1.);
#258 = DIRECTION('',(2.E-16,0.242535625036,0.970142500145));
#259 = ORIENTED_EDGE('',*,*,#132,.F.);
#260 = ORIENTED_EDGE('',*,*,#261,.F.);
#261 = EDGE_CURVE('',#245,#133,#262,.T.);
#262 = LINE('',#263,#264);
#263 = CARTESIAN_POINT('',(-1.75,-3.,5.));
#264 = VECTOR('',#265,1.);
#265 = DIRECTION('',(1.3E-16,0.242535625036,0.970142500145));
#266 = PLANE('',#267);
#267 = AXIS2_PLACEMENT_3D('',#268,#269,#270);
#268 = CARTESIAN_POINT('',(7.,-2.55,6.8));
#269 = DIRECTION('',(-1.7E-16,-0.970142500145,0.242535625036));
#270 = DIRECTION('',(-1.3E-16,-0.242535625036,-0.970142500145));
#271 = ADVANCED_FACE('',(#272),#354,.T.);
#272 = FACE_BOUND('',#273,.T.);
#273 = EDGE_LOOP('',(#274,#275,#276,#284,#292,#300,#308,#316,#324,#332,
    #340,#348));
#274 = ORIENTED_EDGE('',*,*,#142,.F.);
#275 = ORIENTED_EDGE('',*,*,#254,.F.);
#276 = ORIENTED_EDGE('',*,*,#277,.F.);
#277 = EDGE_CURVE('',#278,#247,#280,.T.);
#278 = VERTEX_POINT('',#279);
#279 = CARTESIAN_POINT('',(15.75,-3.5,5.));
#280 = LINE('',#281,#282);
#281 = CARTESIAN_POINT('',(15.75,-3.5,5.));
#282 = VECTOR('',#283,1.);
#283 = DIRECTION('',(1.7E-16,1.,1.7E-16));
#284 = ORIENTED_EDGE('',*,*,#285,.F.);
#285 = EDGE_CURVE('',#286,#278,#288,.T.);
#286 = VERTEX_POINT('',#287);
#287 = CARTESIAN_POINT('',(15.75,-3.5,3.E-15));
#288 = LINE('',#289,#290);
#289 = CARTESIAN_POINT('',(15.75,-3.5,3.552713678801E-15));
#290 = VECTOR('',#291,1.);
#291 = DIRECTION('',(1.7E-16,1.7E-16,1.));
#292 = ORIENTED_EDGE('',*,*,#293,.F.);
#293 = EDGE_CURVE('',#294,#286,#296,.T.);
#294 = VERTEX_POINT('',#295);
#295 = CARTESIAN_POINT('',(15.75,2.590685424949,1.E-15));
#296 = LINE('',#297,#298);
#297 = CARTESIAN_POINT('',(15.75,3.9,3.552713678801E-15));
#298 = VECTOR('',#299,1.);
#299 = DIRECTION('',(-1.7E-16,-1.,-1.7E-16));
#300 = ORIENTED_EDGE('',*,*,#301,.T.);
#301 = EDGE_CURVE('',#294,#302,#304,.T.);
#302 = VERTEX_POINT('',#303);
#303 = CARTESIAN_POINT('',(15.75,2.590685424949,4.5));
#304 = LINE('',#305,#306);
#305 = CARTESIAN_POINT('',(15.75,2.590685424949,8.7E-16));
#306 = VECTOR('',#307,1.);
#307 = DIRECTION('',(0.,6.E-17,1.));
#308 = ORIENTED_EDGE('',*,*,#309,.F.);
#309 = EDGE_CURVE('',#310,#302,#312,.T.);
#310 = VERTEX_POINT('',#311);
#311 = CARTESIAN_POINT('',(15.75,3.109314575051,4.5));
#312 = LINE('',#313,#314);
#313 = CARTESIAN_POINT('',(15.75,3.109314575051,4.5));
#314 = VECTOR('',#315,1.);
#315 = DIRECTION('',(-6.E-17,-1.,-6.E-17));
#316 = ORIENTED_EDGE('',*,*,#317,.F.);
#317 = EDGE_CURVE('',#318,#310,#320,.T.);
#318 = VERTEX_POINT('',#319);
#319 = CARTESIAN_POINT('',(15.75,3.109314575051,1.E-15));
#320 = LINE('',#321,#322);
#321 = CARTESIAN_POINT('',(15.75,3.109314575051,8.7E-16));
#322 = VECTOR('',#323,1.);
#323 = DIRECTION('',(0.,6.E-17,1.));
#324 = ORIENTED_EDGE('',*,*,#325,.F.);
#325 = EDGE_CURVE('',#326,#318,#328,.T.);
#326 = VERTEX_POINT('',#327);
#327 = CARTESIAN_POINT('',(15.75,3.9,4.E-15));
#328 = LINE('',#329,#330);
#329 = CARTESIAN_POINT('',(15.75,3.9,3.552713678801E-15));
#330 = VECTOR('',#331,1.);
#331 = DIRECTION('',(-1.7E-16,-1.,-1.7E-16));
#332 = ORIENTED_EDGE('',*,*,#333,.F.);
#333 = EDGE_CURVE('',#334,#326,#336,.T.);
#334 = VERTEX_POINT('',#335);
#335 = CARTESIAN_POINT('',(15.75,3.9,6.));
#336 = LINE('',#337,#338);
#337 = CARTESIAN_POINT('',(15.75,3.9,6.));
#338 = VECTOR('',#339,1.);
#339 = DIRECTION('',(-1.7E-16,-1.7E-16,-1.));
#340 = ORIENTED_EDGE('',*,*,#341,.F.);
#341 = EDGE_CURVE('',#342,#334,#344,.T.);
#342 = VERTEX_POINT('',#343);
#343 = CARTESIAN_POINT('',(15.75,3.2,6.));
#344 = LINE('',#345,#346);
#345 = CARTESIAN_POINT('',(15.75,3.2,6.));
#346 = VECTOR('',#347,1.);
#347 = DIRECTION('',(1.7E-16,1.,1.7E-16));
#348 = ORIENTED_EDGE('',*,*,#349,.F.);
#349 = EDGE_CURVE('',#143,#342,#350,.T.);
#350 = LINE('',#351,#352);
#351 = CARTESIAN_POINT('',(15.75,2.,8.6));
#352 = VECTOR('',#353,1.);
#353 = DIRECTION('',(-8.E-17,0.419058177462,-0.9079593845));
#354 = PLANE('',#355);
#355 = AXIS2_PLACEMENT_3D('',#356,#357,#358);
#356 = CARTESIAN_POINT('',(15.75,0.198773473199,3.917421475417));
#357 = DIRECTION('',(1.,-5.E-17,3.9E-16));
#358 = DIRECTION('',(-3.9E-16,1.7E-16,1.));
#359 = ADVANCED_FACE('',(#360),#458,.T.);
#360 = FACE_BOUND('',#361,.T.);
#361 = EDGE_LOOP('',(#362,#363,#364,#372,#380,#388,#396,#404,#412,#420,
    #428,#436,#444,#452));
#362 = ORIENTED_EDGE('',*,*,#150,.T.);
#363 = ORIENTED_EDGE('',*,*,#349,.T.);
#364 = ORIENTED_EDGE('',*,*,#365,.F.);
#365 = EDGE_CURVE('',#366,#342,#368,.T.);
#366 = VERTEX_POINT('',#367);
#367 = CARTESIAN_POINT('',(14.813304238995,3.2,6.));
#368 = LINE('',#369,#370);
#369 = CARTESIAN_POINT('',(12.25,3.2,6.));
#370 = VECTOR('',#371,1.);
#371 = DIRECTION('',(1.,-2.7E-16,4.5E-16));
#372 = ORIENTED_EDGE('',*,*,#373,.F.);
#373 = EDGE_CURVE('',#374,#366,#376,.T.);
#374 = VERTEX_POINT('',#375);
#375 = CARTESIAN_POINT('',(13.186695761005,3.2,6.));
#376 = LINE('',#377,#378);
#377 = CARTESIAN_POINT('',(12.25,3.2,6.));
#378 = VECTOR('',#379,1.);
#379 = DIRECTION('',(1.,-2.7E-16,4.5E-16));
#380 = ORIENTED_EDGE('',*,*,#381,.F.);
#381 = EDGE_CURVE('',#382,#374,#384,.T.);
#382 = VERTEX_POINT('',#383);
#383 = CARTESIAN_POINT('',(11.313304238995,3.2,6.));
#384 = LINE('',#385,#386);
#385 = CARTESIAN_POINT('',(12.25,3.2,6.));
#386 = VECTOR('',#387,1.);
#387 = DIRECTION('',(1.,-2.7E-16,3.9E-16));
#388 = ORIENTED_EDGE('',*,*,#389,.F.);
#389 = EDGE_CURVE('',#390,#382,#392,.T.);
#390 = VERTEX_POINT('',#391);
#391 = CARTESIAN_POINT('',(9.686695761005,3.2,6.));
#392 = LINE('',#393,#394);
#393 = CARTESIAN_POINT('',(8.75,3.2,6.));
#394 = VECTOR('',#395,1.);
#395 = DIRECTION('',(1.,-2.7E-16,4.5E-16));
#396 = ORIENTED_EDGE('',*,*,#397,.F.);
#397 = EDGE_CURVE('',#398,#390,#400,.T.);
#398 = VERTEX_POINT('',#399);
#399 = CARTESIAN_POINT('',(7.813304238995,3.2,6.));
#400 = LINE('',#401,#402);
#401 = CARTESIAN_POINT('',(8.75,3.2,6.));
#402 = VECTOR('',#403,1.);
#403 = DIRECTION('',(1.,-2.7E-16,3.9E-16));
#404 = ORIENTED_EDGE('',*,*,#405,.F.);
#405 = EDGE_CURVE('',#406,#398,#408,.T.);
#406 = VERTEX_POINT('',#407);
#407 = CARTESIAN_POINT('',(6.186695761005,3.2,6.));
#408 = LINE('',#409,#410);
#409 = CARTESIAN_POINT('',(5.25,3.2,6.));
#410 = VECTOR('',#411,1.);
#411 = DIRECTION('',(1.,-2.7E-16,4.5E-16));
#412 = ORIENTED_EDGE('',*,*,#413,.F.);
#413 = EDGE_CURVE('',#414,#406,#416,.T.);
#414 = VERTEX_POINT('',#415);
#415 = CARTESIAN_POINT('',(4.313304238995,3.2,6.));
#416 = LINE('',#417,#418);
#417 = CARTESIAN_POINT('',(5.25,3.2,6.));
#418 = VECTOR('',#419,1.);
#419 = DIRECTION('',(1.,-2.7E-16,3.9E-16));
#420 = ORIENTED_EDGE('',*,*,#421,.F.);
#421 = EDGE_CURVE('',#422,#414,#424,.T.);
#422 = VERTEX_POINT('',#423);
#423 = CARTESIAN_POINT('',(2.686695761005,3.2,6.));
#424 = LINE('',#425,#426);
#425 = CARTESIAN_POINT('',(1.75,3.2,6.));
#426 = VECTOR('',#427,1.);
#427 = DIRECTION('',(1.,-2.7E-16,4.5E-16));
#428 = ORIENTED_EDGE('',*,*,#429,.F.);
#429 = EDGE_CURVE('',#430,#422,#432,.T.);
#430 = VERTEX_POINT('',#431);
#431 = CARTESIAN_POINT('',(0.813304238995,3.2,6.));
#432 = LINE('',#433,#434);
#433 = CARTESIAN_POINT('',(1.75,3.2,6.));
#434 = VECTOR('',#435,1.);
#435 = DIRECTION('',(1.,-2.7E-16,3.9E-16));
#436 = ORIENTED_EDGE('',*,*,#437,.F.);
#437 = EDGE_CURVE('',#438,#430,#440,.T.);
#438 = VERTEX_POINT('',#439);
#439 = CARTESIAN_POINT('',(-0.813304238995,3.2,6.));
#440 = LINE('',#441,#442);
#441 = CARTESIAN_POINT('',(-1.75,3.2,6.));
#442 = VECTOR('',#443,1.);
#443 = DIRECTION('',(1.,-3.3E-16,3.9E-16));
#444 = ORIENTED_EDGE('',*,*,#445,.F.);
#445 = EDGE_CURVE('',#446,#438,#448,.T.);
#446 = VERTEX_POINT('',#447);
#447 = CARTESIAN_POINT('',(-1.75,3.2,6.));
#448 = LINE('',#449,#450);
#449 = CARTESIAN_POINT('',(-1.75,3.2,6.));
#450 = VECTOR('',#451,1.);
#451 = DIRECTION('',(1.,-3.3E-16,3.9E-16));
#452 = ORIENTED_EDGE('',*,*,#453,.F.);
#453 = EDGE_CURVE('',#151,#446,#454,.T.);
#454 = LINE('',#455,#456);
#455 = CARTESIAN_POINT('',(-1.75,2.,8.6));
#456 = VECTOR('',#457,1.);
#457 = DIRECTION('',(-5.E-17,0.419058177462,-0.9079593845));
#458 = PLANE('',#459);
#459 = AXIS2_PLACEMENT_3D('',#460,#461,#462);
#460 = CARTESIAN_POINT('',(7.,2.6,7.3));
#461 = DIRECTION('',(1.7E-16,0.9079593845,0.419058177462));
#462 = DIRECTION('',(5.E-17,-0.419058177462,0.9079593845));
#463 = ADVANCED_FACE('',(#464),#539,.F.);
#464 = FACE_BOUND('',#465,.F.);
#465 = EDGE_LOOP('',(#466,#467,#468,#476,#484,#492,#500,#508,#516,#524,
    #532,#538));
#466 = ORIENTED_EDGE('',*,*,#158,.F.);
#467 = ORIENTED_EDGE('',*,*,#261,.F.);
#468 = ORIENTED_EDGE('',*,*,#469,.F.);
#469 = EDGE_CURVE('',#470,#245,#472,.T.);
#470 = VERTEX_POINT('',#471);
#471 = CARTESIAN_POINT('',(-1.75,-3.5,5.));
#472 = LINE('',#473,#474);
#473 = CARTESIAN_POINT('',(-1.75,-3.5,5.));
#474 = VECTOR('',#475,1.);
#475 = DIRECTION('',(1.1E-16,1.,1.1E-16));
#476 = ORIENTED_EDGE('',*,*,#477,.F.);
#477 = EDGE_CURVE('',#478,#470,#480,.T.);
#478 = VERTEX_POINT('',#479);
#479 = CARTESIAN_POINT('',(-1.75,-3.5,-0.));
#480 = LINE('',#481,#482);
#481 = CARTESIAN_POINT('',(-1.75,-3.5,-6.661338147751E-16));
#482 = VECTOR('',#483,1.);
#483 = DIRECTION('',(1.1E-16,1.1E-16,1.));
#484 = ORIENTED_EDGE('',*,*,#485,.F.);
#485 = EDGE_CURVE('',#486,#478,#488,.T.);
#486 = VERTEX_POINT('',#487);
#487 = CARTESIAN_POINT('',(-1.75,2.590685424949,0.));
#488 = LINE('',#489,#490);
#489 = CARTESIAN_POINT('',(-1.75,3.9,2.22044604925E-16));
#490 = VECTOR('',#491,1.);
#491 = DIRECTION('',(-1.1E-16,-1.,-1.1E-16));
#492 = ORIENTED_EDGE('',*,*,#493,.T.);
#493 = EDGE_CURVE('',#486,#494,#496,.T.);
#494 = VERTEX_POINT('',#495);
#495 = CARTESIAN_POINT('',(-1.75,2.590685424949,4.5));
#496 = LINE('',#497,#498);
#497 = CARTESIAN_POINT('',(-1.75,2.590685424949,-5.E-17));
#498 = VECTOR('',#499,1.);
#499 = DIRECTION('',(6.E-17,1.1E-16,1.));
#500 = ORIENTED_EDGE('',*,*,#501,.F.);
#501 = EDGE_CURVE('',#502,#494,#504,.T.);
#502 = VERTEX_POINT('',#503);
#503 = CARTESIAN_POINT('',(-1.75,3.109314575051,4.5));
#504 = LINE('',#505,#506);
#505 = CARTESIAN_POINT('',(-1.75,3.109314575051,4.5));
#506 = VECTOR('',#507,1.);
#507 = DIRECTION('',(-1.1E-16,-1.,-1.1E-16));
#508 = ORIENTED_EDGE('',*,*,#509,.F.);
#509 = EDGE_CURVE('',#510,#502,#512,.T.);
#510 = VERTEX_POINT('',#511);
#511 = CARTESIAN_POINT('',(-1.75,3.109314575051,0.));
#512 = LINE('',#513,#514);
#513 = CARTESIAN_POINT('',(-1.75,3.109314575051,-2.E-17));
#514 = VECTOR('',#515,1.);
#515 = DIRECTION('',(6.E-17,1.1E-16,1.));
#516 = ORIENTED_EDGE('',*,*,#517,.F.);
#517 = EDGE_CURVE('',#518,#510,#520,.T.);
#518 = VERTEX_POINT('',#519);
#519 = CARTESIAN_POINT('',(-1.75,3.9,0.));
#520 = LINE('',#521,#522);
#521 = CARTESIAN_POINT('',(-1.75,3.9,2.22044604925E-16));
#522 = VECTOR('',#523,1.);
#523 = DIRECTION('',(-1.1E-16,-1.,-1.1E-16));
#524 = ORIENTED_EDGE('',*,*,#525,.F.);
#525 = EDGE_CURVE('',#526,#518,#528,.T.);
#526 = VERTEX_POINT('',#527);
#527 = CARTESIAN_POINT('',(-1.75,3.9,6.));
#528 = LINE('',#529,#530);
#529 = CARTESIAN_POINT('',(-1.75,3.9,6.));
#530 = VECTOR('',#531,1.);
#531 = DIRECTION('',(-1.1E-16,-1.1E-16,-1.));
#532 = ORIENTED_EDGE('',*,*,#533,.F.);
#533 = EDGE_CURVE('',#446,#526,#534,.T.);
#534 = LINE('',#535,#536);
#535 = CARTESIAN_POINT('',(-1.75,3.2,6.));
#536 = VECTOR('',#537,1.);
#537 = DIRECTION('',(1.1E-16,1.,1.1E-16));
#538 = ORIENTED_EDGE('',*,*,#453,.F.);
#539 = PLANE('',#540);
#540 = AXIS2_PLACEMENT_3D('',#541,#542,#543);
#541 = CARTESIAN_POINT('',(-1.75,0.198773473199,3.917421475417));
#542 = DIRECTION('',(1.,-1.1E-16,3.3E-16));
#543 = DIRECTION('',(-3.3E-16,1.1E-16,1.));
#544 = ADVANCED_FACE('',(#545),#564,.F.);
#545 = FACE_BOUND('',#546,.F.);
#546 = EDGE_LOOP('',(#547,#548,#556,#563));
#547 = ORIENTED_EDGE('',*,*,#166,.T.);
#548 = ORIENTED_EDGE('',*,*,#549,.T.);
#549 = EDGE_CURVE('',#167,#550,#552,.T.);
#550 = VERTEX_POINT('',#551);
#551 = CARTESIAN_POINT('',(-1.475,1.E-15,8.503157564544));
#552 = LINE('',#553,#554);
#553 = CARTESIAN_POINT('',(-1.65,7.8E-16,8.65));
#554 = VECTOR('',#555,1.);
#555 = DIRECTION('',(0.766044443119,1.E-17,-0.642787609686));
#556 = ORIENTED_EDGE('',*,*,#557,.F.);
#557 = EDGE_CURVE('',#550,#550,#558,.T.);
#558 = CIRCLE('',#559,1.475);
#559 = AXIS2_PLACEMENT_3D('',#560,#561,#562);
#560 = CARTESIAN_POINT('',(9.4E-16,-4.8E-16,8.503157564544));
#561 = DIRECTION('',(1.1E-16,2.8E-16,-1.));
#562 = DIRECTION('',(-1.,-1.1E-16,-1.1E-16));
#563 = ORIENTED_EDGE('',*,*,#549,.F.);
#564 = CONICAL_SURFACE('',#565,1.65,0.872664625997);
#565 = AXIS2_PLACEMENT_3D('',#566,#567,#568);
#566 = CARTESIAN_POINT('',(9.6E-16,-4.8E-16,8.65));
#567 = DIRECTION('',(1.1E-16,-6.E-17,1.));
#568 = DIRECTION('',(-1.,-1.1E-16,1.1E-16));
#569 = ADVANCED_FACE('',(#570),#589,.F.);
#570 = FACE_BOUND('',#571,.F.);
#571 = EDGE_LOOP('',(#572,#573,#581,#588));
#572 = ORIENTED_EDGE('',*,*,#177,.T.);
#573 = ORIENTED_EDGE('',*,*,#574,.T.);
#574 = EDGE_CURVE('',#178,#575,#577,.T.);
#575 = VERTEX_POINT('',#576);
#576 = CARTESIAN_POINT('',(9.025,1.E-15,8.503157564544));
#577 = LINE('',#578,#579);
#578 = CARTESIAN_POINT('',(8.85,1.E-15,8.65));
#579 = VECTOR('',#580,1.);
#580 = DIRECTION('',(0.766044443119,2.E-17,-0.642787609686));
#581 = ORIENTED_EDGE('',*,*,#582,.F.);
#582 = EDGE_CURVE('',#575,#575,#583,.T.);
#583 = CIRCLE('',#584,1.475);
#584 = AXIS2_PLACEMENT_3D('',#585,#586,#587);
#585 = CARTESIAN_POINT('',(10.5,-1.7E-16,8.503157564544));
#586 = DIRECTION('',(1.7E-16,3.4E-16,-1.));
#587 = DIRECTION('',(-1.,-1.7E-16,-1.7E-16));
#588 = ORIENTED_EDGE('',*,*,#574,.F.);
#589 = CONICAL_SURFACE('',#590,1.65,0.872664625997);
#590 = AXIS2_PLACEMENT_3D('',#591,#592,#593);
#591 = CARTESIAN_POINT('',(10.5,-1.7E-16,8.65));
#592 = DIRECTION('',(1.7E-16,0.,1.));
#593 = DIRECTION('',(-1.,-1.7E-16,1.7E-16));
#594 = ADVANCED_FACE('',(#595),#614,.F.);
#595 = FACE_BOUND('',#596,.F.);
#596 = EDGE_LOOP('',(#597,#598,#606,#613));
#597 = ORIENTED_EDGE('',*,*,#191,.T.);
#598 = ORIENTED_EDGE('',*,*,#599,.T.);
#599 = EDGE_CURVE('',#192,#600,#602,.T.);
#600 = VERTEX_POINT('',#601);
#601 = CARTESIAN_POINT('',(2.025,1.E-15,8.503157564544));
#602 = LINE('',#603,#604);
#603 = CARTESIAN_POINT('',(1.85,7.8E-16,8.65));
#604 = VECTOR('',#605,1.);
#605 = DIRECTION('',(0.766044443119,2.E-17,-0.642787609686));
#606 = ORIENTED_EDGE('',*,*,#607,.F.);
#607 = EDGE_CURVE('',#600,#600,#608,.T.);
#608 = CIRCLE('',#609,1.475);
#609 = AXIS2_PLACEMENT_3D('',#610,#611,#612);
#610 = CARTESIAN_POINT('',(3.5,-3.9E-16,8.503157564544));
#611 = DIRECTION('',(1.7E-16,3.4E-16,-1.));
#612 = DIRECTION('',(-1.,-1.7E-16,-1.7E-16));
#613 = ORIENTED_EDGE('',*,*,#599,.F.);
#614 = CONICAL_SURFACE('',#615,1.65,0.872664625997);
#615 = AXIS2_PLACEMENT_3D('',#616,#617,#618);
#616 = CARTESIAN_POINT('',(3.5,-3.9E-16,8.65));
#617 = DIRECTION('',(1.7E-16,0.,1.));
#618 = DIRECTION('',(-1.,-1.7E-16,1.7E-16));
#619 = ADVANCED_FACE('',(#620),#639,.F.);
#620 = FACE_BOUND('',#621,.F.);
#621 = EDGE_LOOP('',(#622,#623,#631,#638));
#622 = ORIENTED_EDGE('',*,*,#202,.T.);
#623 = ORIENTED_EDGE('',*,*,#624,.T.);
#624 = EDGE_CURVE('',#203,#625,#627,.T.);
#625 = VERTEX_POINT('',#626);
#626 = CARTESIAN_POINT('',(5.525,1.E-15,8.503157564544));
#627 = LINE('',#628,#629);
#628 = CARTESIAN_POINT('',(5.35,3.9E-16,8.65));
#629 = VECTOR('',#630,1.);
#630 = DIRECTION('',(0.766044443119,2.E-17,-0.642787609686));
#631 = ORIENTED_EDGE('',*,*,#632,.F.);
#632 = EDGE_CURVE('',#625,#625,#633,.T.);
#633 = CIRCLE('',#634,1.475);
#634 = AXIS2_PLACEMENT_3D('',#635,#636,#637);
#635 = CARTESIAN_POINT('',(7.,-7.8E-16,8.503157564544));
#636 = DIRECTION('',(1.7E-16,3.4E-16,-1.));
#637 = DIRECTION('',(-1.,-1.7E-16,-1.7E-16));
#638 = ORIENTED_EDGE('',*,*,#624,.F.);
#639 = CONICAL_SURFACE('',#640,1.65,0.872664625997);
#640 = AXIS2_PLACEMENT_3D('',#641,#642,#643);
#641 = CARTESIAN_POINT('',(7.,-7.8E-16,8.65));
#642 = DIRECTION('',(1.7E-16,0.,1.));
#643 = DIRECTION('',(-1.,-1.7E-16,1.7E-16));
#644 = ADVANCED_FACE('',(#645,#648),#659,.T.);
#645 = FACE_BOUND('',#646,.F.);
#646 = EDGE_LOOP('',(#647));
#647 = ORIENTED_EDGE('',*,*,#228,.T.);
#648 = FACE_BOUND('',#649,.F.);
#649 = EDGE_LOOP('',(#650));
#650 = ORIENTED_EDGE('',*,*,#651,.F.);
#651 = EDGE_CURVE('',#652,#652,#654,.T.);
#652 = VERTEX_POINT('',#653);
#653 = CARTESIAN_POINT('',(12.4,1.E-15,8.3));
#654 = CIRCLE('',#655,1.6);
#655 = AXIS2_PLACEMENT_3D('',#656,#657,#658);
#656 = CARTESIAN_POINT('',(14.,-5.5E-16,8.3));
#657 = DIRECTION('',(1.7E-16,3.4E-16,-1.));
#658 = DIRECTION('',(-1.,-1.7E-16,-1.7E-16));
#659 = PLANE('',#660);
#660 = AXIS2_PLACEMENT_3D('',#661,#662,#663);
#661 = CARTESIAN_POINT('',(14.,-5.5E-16,8.3));
#662 = DIRECTION('',(-1.7E-16,0.,-1.));
#663 = DIRECTION('',(-1.,-1.7E-16,1.7E-16));
#664 = ADVANCED_FACE('',(#665),#676,.T.);
#665 = FACE_BOUND('',#666,.T.);
#666 = EDGE_LOOP('',(#667,#673,#674,#675));
#667 = ORIENTED_EDGE('',*,*,#668,.T.);
#668 = EDGE_CURVE('',#470,#278,#669,.T.);
#669 = LINE('',#670,#671);
#670 = CARTESIAN_POINT('',(-1.75,-3.5,5.));
#671 = VECTOR('',#672,1.);
#672 = DIRECTION('',(1.,-3.3E-16,3.9E-16));
#673 = ORIENTED_EDGE('',*,*,#277,.T.);
#674 = ORIENTED_EDGE('',*,*,#244,.F.);
#675 = ORIENTED_EDGE('',*,*,#469,.F.);
#676 = PLANE('',#677);
#677 = AXIS2_PLACEMENT_3D('',#678,#679,#680);
#678 = CARTESIAN_POINT('',(7.,-3.25,5.));
#679 = DIRECTION('',(1.E-17,1.84E-15,1.));
#680 = DIRECTION('',(1.1E-16,1.,-1.84E-15));
#681 = ADVANCED_FACE('',(#682),#709,.T.);
#682 = FACE_BOUND('',#683,.T.);
#683 = EDGE_LOOP('',(#684,#692,#693,#694,#702));
#684 = ORIENTED_EDGE('',*,*,#685,.T.);
#685 = EDGE_CURVE('',#686,#366,#688,.T.);
#686 = VERTEX_POINT('',#687);
#687 = CARTESIAN_POINT('',(14.751015524405,3.732575131807,6.));
#688 = LINE('',#689,#690);
#689 = CARTESIAN_POINT('',(14.751015524405,3.732575131807,6.));
#690 = VECTOR('',#691,1.);
#691 = DIRECTION('',(0.116165788004,-0.993229837297,-1.5E-16));
#692 = ORIENTED_EDGE('',*,*,#365,.T.);
#693 = ORIENTED_EDGE('',*,*,#341,.T.);
#694 = ORIENTED_EDGE('',*,*,#695,.F.);
#695 = EDGE_CURVE('',#696,#334,#698,.T.);
#696 = VERTEX_POINT('',#697);
#697 = CARTESIAN_POINT('',(14.9,3.9,6.));
#698 = LINE('',#699,#700);
#699 = CARTESIAN_POINT('',(12.25,3.9,6.));
#700 = VECTOR('',#701,1.);
#701 = DIRECTION('',(1.,-2.7E-16,4.5E-16));
#702 = ORIENTED_EDGE('',*,*,#703,.T.);
#703 = EDGE_CURVE('',#696,#686,#704,.T.);
#704 = CIRCLE('',#705,0.15);
#705 = AXIS2_PLACEMENT_3D('',#706,#707,#708);
#706 = CARTESIAN_POINT('',(14.9,3.75,6.));
#707 = DIRECTION('',(-1.7E-16,-1.7E-16,1.));
#708 = DIRECTION('',(1.,1.7E-16,1.7E-16));
#709 = PLANE('',#710);
#710 = AXIS2_PLACEMENT_3D('',#711,#712,#713);
#711 = CARTESIAN_POINT('',(12.25,3.2,6.));
#712 = DIRECTION('',(-1.1E-16,6.1E-16,1.));
#713 = DIRECTION('',(3.9E-16,1.,-6.1E-16));
#714 = ADVANCED_FACE('',(#715),#884,.T.);
#715 = FACE_BOUND('',#716,.T.);
#716 = EDGE_LOOP('',(#717,#718,#726,#734,#742,#750,#758,#766,#774,#782,
    #790,#798,#806,#814,#822,#830,#838,#846,#854,#862,#870,#876,#877,
    #878));
#717 = ORIENTED_EDGE('',*,*,#525,.F.);
#718 = ORIENTED_EDGE('',*,*,#719,.T.);
#719 = EDGE_CURVE('',#526,#720,#722,.T.);
#720 = VERTEX_POINT('',#721);
#721 = CARTESIAN_POINT('',(-0.9,3.9,6.));
#722 = LINE('',#723,#724);
#723 = CARTESIAN_POINT('',(-1.75,3.9,6.));
#724 = VECTOR('',#725,1.);
#725 = DIRECTION('',(1.,-3.3E-16,3.9E-16));
#726 = ORIENTED_EDGE('',*,*,#727,.F.);
#727 = EDGE_CURVE('',#728,#720,#730,.T.);
#728 = VERTEX_POINT('',#729);
#729 = CARTESIAN_POINT('',(-0.9,3.9,1.2));
#730 = LINE('',#731,#732);
#731 = CARTESIAN_POINT('',(-0.9,3.9,1.2));
#732 = VECTOR('',#733,1.);
#733 = DIRECTION('',(1.1E-16,1.7E-16,1.));
#734 = ORIENTED_EDGE('',*,*,#735,.T.);
#735 = EDGE_CURVE('',#728,#736,#738,.T.);
#736 = VERTEX_POINT('',#737);
#737 = CARTESIAN_POINT('',(0.9,3.9,1.2));
#738 = LINE('',#739,#740);
#739 = CARTESIAN_POINT('',(-0.9,3.9,1.2));
#740 = VECTOR('',#741,1.);
#741 = DIRECTION('',(1.,1.1E-16,1.1E-16));
#742 = ORIENTED_EDGE('',*,*,#743,.T.);
#743 = EDGE_CURVE('',#736,#744,#746,.T.);
#744 = VERTEX_POINT('',#745);
#745 = CARTESIAN_POINT('',(0.9,3.9,6.));
#746 = LINE('',#747,#748);
#747 = CARTESIAN_POINT('',(0.9,3.9,1.2));
#748 = VECTOR('',#749,1.);
#749 = DIRECTION('',(1.1E-16,1.7E-16,1.));
#750 = ORIENTED_EDGE('',*,*,#751,.T.);
#751 = EDGE_CURVE('',#744,#752,#754,.T.);
#752 = VERTEX_POINT('',#753);
#753 = CARTESIAN_POINT('',(2.6,3.9,6.));
#754 = LINE('',#755,#756);
#755 = CARTESIAN_POINT('',(1.75,3.9,6.));
#756 = VECTOR('',#757,1.);
#757 = DIRECTION('',(1.,-2.7E-16,3.9E-16));
#758 = ORIENTED_EDGE('',*,*,#759,.F.);
#759 = EDGE_CURVE('',#760,#752,#762,.T.);
#760 = VERTEX_POINT('',#761);
#761 = CARTESIAN_POINT('',(2.6,3.9,1.2));
#762 = LINE('',#763,#764);
#763 = CARTESIAN_POINT('',(2.6,3.9,1.2));
#764 = VECTOR('',#765,1.);
#765 = DIRECTION('',(1.7E-16,2.3E-16,1.));
#766 = ORIENTED_EDGE('',*,*,#767,.T.);
#767 = EDGE_CURVE('',#760,#768,#770,.T.);
#768 = VERTEX_POINT('',#769);
#769 = CARTESIAN_POINT('',(4.4,3.9,1.2));
#770 = LINE('',#771,#772);
#771 = CARTESIAN_POINT('',(2.6,3.9,1.2));
#772 = VECTOR('',#773,1.);
#773 = DIRECTION('',(1.,1.7E-16,1.7E-16));
#774 = ORIENTED_EDGE('',*,*,#775,.T.);
#775 = EDGE_CURVE('',#768,#776,#778,.T.);
#776 = VERTEX_POINT('',#777);
#777 = CARTESIAN_POINT('',(4.4,3.9,6.));
#778 = LINE('',#779,#780);
#779 = CARTESIAN_POINT('',(4.4,3.9,1.2));
#780 = VECTOR('',#781,1.);
#781 = DIRECTION('',(1.7E-16,2.3E-16,1.));
#782 = ORIENTED_EDGE('',*,*,#783,.T.);
#783 = EDGE_CURVE('',#776,#784,#786,.T.);
#784 = VERTEX_POINT('',#785);
#785 = CARTESIAN_POINT('',(6.1,3.9,6.));
#786 = LINE('',#787,#788);
#787 = CARTESIAN_POINT('',(5.25,3.9,6.));
#788 = VECTOR('',#789,1.);
#789 = DIRECTION('',(1.,-2.7E-16,3.9E-16));
#790 = ORIENTED_EDGE('',*,*,#791,.F.);
#791 = EDGE_CURVE('',#792,#784,#794,.T.);
#792 = VERTEX_POINT('',#793);
#793 = CARTESIAN_POINT('',(6.1,3.9,1.2));
#794 = LINE('',#795,#796);
#795 = CARTESIAN_POINT('',(6.1,3.9,1.2));
#796 = VECTOR('',#797,1.);
#797 = DIRECTION('',(1.7E-16,2.3E-16,1.));
#798 = ORIENTED_EDGE('',*,*,#799,.T.);
#799 = EDGE_CURVE('',#792,#800,#802,.T.);
#800 = VERTEX_POINT('',#801);
#801 = CARTESIAN_POINT('',(7.9,3.9,1.2));
#802 = LINE('',#803,#804);
#803 = CARTESIAN_POINT('',(6.1,3.9,1.2));
#804 = VECTOR('',#805,1.);
#805 = DIRECTION('',(1.,1.7E-16,1.7E-16));
#806 = ORIENTED_EDGE('',*,*,#807,.T.);
#807 = EDGE_CURVE('',#800,#808,#810,.T.);
#808 = VERTEX_POINT('',#809);
#809 = CARTESIAN_POINT('',(7.9,3.9,6.));
#810 = LINE('',#811,#812);
#811 = CARTESIAN_POINT('',(7.9,3.9,1.2));
#812 = VECTOR('',#813,1.);
#813 = DIRECTION('',(1.7E-16,2.3E-16,1.));
#814 = ORIENTED_EDGE('',*,*,#815,.T.);
#815 = EDGE_CURVE('',#808,#816,#818,.T.);
#816 = VERTEX_POINT('',#817);
#817 = CARTESIAN_POINT('',(9.6,3.9,6.));
#818 = LINE('',#819,#820);
#819 = CARTESIAN_POINT('',(8.75,3.9,6.));
#820 = VECTOR('',#821,1.);
#821 = DIRECTION('',(1.,-2.7E-16,3.9E-16));
#822 = ORIENTED_EDGE('',*,*,#823,.F.);
#823 = EDGE_CURVE('',#824,#816,#826,.T.);
#824 = VERTEX_POINT('',#825);
#825 = CARTESIAN_POINT('',(9.6,3.9,1.2));
#826 = LINE('',#827,#828);
#827 = CARTESIAN_POINT('',(9.6,3.9,1.2));
#828 = VECTOR('',#829,1.);
#829 = DIRECTION('',(1.7E-16,2.3E-16,1.));
#830 = ORIENTED_EDGE('',*,*,#831,.T.);
#831 = EDGE_CURVE('',#824,#832,#834,.T.);
#832 = VERTEX_POINT('',#833);
#833 = CARTESIAN_POINT('',(11.4,3.9,1.2));
#834 = LINE('',#835,#836);
#835 = CARTESIAN_POINT('',(9.6,3.9,1.2));
#836 = VECTOR('',#837,1.);
#837 = DIRECTION('',(1.,1.7E-16,1.7E-16));
#838 = ORIENTED_EDGE('',*,*,#839,.T.);
#839 = EDGE_CURVE('',#832,#840,#842,.T.);
#840 = VERTEX_POINT('',#841);
#841 = CARTESIAN_POINT('',(11.4,3.9,6.));
#842 = LINE('',#843,#844);
#843 = CARTESIAN_POINT('',(11.4,3.9,1.2));
#844 = VECTOR('',#845,1.);
#845 = DIRECTION('',(1.7E-16,2.3E-16,1.));
#846 = ORIENTED_EDGE('',*,*,#847,.T.);
#847 = EDGE_CURVE('',#840,#848,#850,.T.);
#848 = VERTEX_POINT('',#849);
#849 = CARTESIAN_POINT('',(13.1,3.9,6.));
#850 = LINE('',#851,#852);
#851 = CARTESIAN_POINT('',(12.25,3.9,6.));
#852 = VECTOR('',#853,1.);
#853 = DIRECTION('',(1.,-2.7E-16,3.9E-16));
#854 = ORIENTED_EDGE('',*,*,#855,.F.);
#855 = EDGE_CURVE('',#856,#848,#858,.T.);
#856 = VERTEX_POINT('',#857);
#857 = CARTESIAN_POINT('',(13.1,3.9,1.2));
#858 = LINE('',#859,#860);
#859 = CARTESIAN_POINT('',(13.1,3.9,1.2));
#860 = VECTOR('',#861,1.);
#861 = DIRECTION('',(1.7E-16,2.3E-16,1.));
#862 = ORIENTED_EDGE('',*,*,#863,.T.);
#863 = EDGE_CURVE('',#856,#864,#866,.T.);
#864 = VERTEX_POINT('',#865);
#865 = CARTESIAN_POINT('',(14.9,3.9,1.2));
#866 = LINE('',#867,#868);
#867 = CARTESIAN_POINT('',(13.1,3.9,1.2));
#868 = VECTOR('',#869,1.);
#869 = DIRECTION('',(1.,1.7E-16,1.7E-16));
#870 = ORIENTED_EDGE('',*,*,#871,.T.);
#871 = EDGE_CURVE('',#864,#696,#872,.T.);
#872 = LINE('',#873,#874);
#873 = CARTESIAN_POINT('',(14.9,3.9,1.2));
#874 = VECTOR('',#875,1.);
#875 = DIRECTION('',(1.7E-16,2.3E-16,1.));
#876 = ORIENTED_EDGE('',*,*,#695,.T.);
#877 = ORIENTED_EDGE('',*,*,#333,.T.);
#878 = ORIENTED_EDGE('',*,*,#879,.F.);
#879 = EDGE_CURVE('',#518,#326,#880,.T.);
#880 = LINE('',#881,#882);
#881 = CARTESIAN_POINT('',(12.25,3.9,5.7E-16));
#882 = VECTOR('',#883,1.);
#883 = DIRECTION('',(1.,-2.7E-16,3.9E-16));
#884 = PLANE('',#885);
#885 = AXIS2_PLACEMENT_3D('',#886,#887,#888);
#886 = CARTESIAN_POINT('',(7.,3.9,2.848421052632));
#887 = DIRECTION('',(1.5E-16,1.,6.E-17));
#888 = DIRECTION('',(1.1E-16,-6.E-17,1.));
#889 = ADVANCED_FACE('',(#890),#915,.F.);
#890 = FACE_BOUND('',#891,.F.);
#891 = EDGE_LOOP('',(#892,#902,#908,#909));
#892 = ORIENTED_EDGE('',*,*,#893,.T.);
#893 = EDGE_CURVE('',#894,#896,#898,.T.);
#894 = VERTEX_POINT('',#895);
#895 = CARTESIAN_POINT('',(15.35,3.275,1.E-15));
#896 = VERTEX_POINT('',#897);
#897 = CARTESIAN_POINT('',(15.35,3.275,4.5));
#898 = LINE('',#899,#900);
#899 = CARTESIAN_POINT('',(15.35,3.275,8.5E-16));
#900 = VECTOR('',#901,1.);
#901 = DIRECTION('',(0.,6.E-17,1.));
#902 = ORIENTED_EDGE('',*,*,#903,.T.);
#903 = EDGE_CURVE('',#896,#310,#904,.T.);
#904 = LINE('',#905,#906);
#905 = CARTESIAN_POINT('',(15.35,3.275,4.5));
#906 = VECTOR('',#907,1.);
#907 = DIRECTION('',(0.923879532511,-0.382683432365,3.E-17));
#908 = ORIENTED_EDGE('',*,*,#317,.F.);
#909 = ORIENTED_EDGE('',*,*,#910,.F.);
#910 = EDGE_CURVE('',#894,#318,#911,.T.);
#911 = LINE('',#912,#913);
#912 = CARTESIAN_POINT('',(15.35,3.275,1.03E-15));
#913 = VECTOR('',#914,1.);
#914 = DIRECTION('',(0.923879532511,-0.382683432365,3.E-17));
#915 = PLANE('',#916);
#916 = AXIS2_PLACEMENT_3D('',#917,#918,#919);
#917 = CARTESIAN_POINT('',(15.35,3.275,8.5E-16));
#918 = DIRECTION('',(0.382683432365,0.923879532511,-5.E-17));
#919 = DIRECTION('',(0.923879532511,-0.382683432365,5.E-17));
#920 = ADVANCED_FACE('',(#921),#939,.F.);
#921 = FACE_BOUND('',#922,.T.);
#922 = EDGE_LOOP('',(#923,#931,#937,#938));
#923 = ORIENTED_EDGE('',*,*,#924,.T.);
#924 = EDGE_CURVE('',#302,#925,#927,.T.);
#925 = VERTEX_POINT('',#926);
#926 = CARTESIAN_POINT('',(15.35,2.425,4.5));
#927 = LINE('',#928,#929);
#928 = CARTESIAN_POINT('',(15.75,2.590685424949,4.5));
#929 = VECTOR('',#930,1.);
#930 = DIRECTION('',(-0.923879532511,-0.382683432365,-7.E-17));
#931 = ORIENTED_EDGE('',*,*,#932,.T.);
#932 = EDGE_CURVE('',#925,#896,#933,.T.);
#933 = LINE('',#934,#935);
#934 = CARTESIAN_POINT('',(15.35,2.425,4.5));
#935 = VECTOR('',#936,1.);
#936 = DIRECTION('',(6.E-17,1.,6.E-17));
#937 = ORIENTED_EDGE('',*,*,#903,.T.);
#938 = ORIENTED_EDGE('',*,*,#309,.T.);
#939 = PLANE('',#940);
#940 = AXIS2_PLACEMENT_3D('',#941,#942,#943);
#941 = CARTESIAN_POINT('',(15.520341061846,2.85,4.5));
#942 = DIRECTION('',(6.E-17,6.E-17,1.));
#943 = DIRECTION('',(1.,6.E-17,-6.E-17));
#944 = ADVANCED_FACE('',(#945),#963,.F.);
#945 = FACE_BOUND('',#946,.F.);
#946 = EDGE_LOOP('',(#947,#948,#949,#957));
#947 = ORIENTED_EDGE('',*,*,#301,.T.);
#948 = ORIENTED_EDGE('',*,*,#924,.T.);
#949 = ORIENTED_EDGE('',*,*,#950,.F.);
#950 = EDGE_CURVE('',#951,#925,#953,.T.);
#951 = VERTEX_POINT('',#952);
#952 = CARTESIAN_POINT('',(15.35,2.425,1.E-15));
#953 = LINE('',#954,#955);
#954 = CARTESIAN_POINT('',(15.35,2.425,8.5E-16));
#955 = VECTOR('',#956,1.);
#956 = DIRECTION('',(0.,6.E-17,1.));
#957 = ORIENTED_EDGE('',*,*,#958,.F.);
#958 = EDGE_CURVE('',#294,#951,#959,.T.);
#959 = LINE('',#960,#961);
#960 = CARTESIAN_POINT('',(15.75,2.590685424949,1.02E-15));
#961 = VECTOR('',#962,1.);
#962 = DIRECTION('',(-0.923879532511,-0.382683432365,-7.E-17));
#963 = PLANE('',#964);
#964 = AXIS2_PLACEMENT_3D('',#965,#966,#967);
#965 = CARTESIAN_POINT('',(15.75,2.590685424949,8.7E-16));
#966 = DIRECTION('',(0.382683432365,-0.923879532511,5.E-17));
#967 = DIRECTION('',(-0.923879532511,-0.382683432365,-5.E-17));
#968 = ADVANCED_FACE('',(#969,#980,#1014,#1048,#1082,#1116),#1150,.T.);
#969 = FACE_BOUND('',#970,.T.);
#970 = EDGE_LOOP('',(#971,#977,#978,#979));
#971 = ORIENTED_EDGE('',*,*,#972,.T.);
#972 = EDGE_CURVE('',#478,#286,#973,.T.);
#973 = LINE('',#974,#975);
#974 = CARTESIAN_POINT('',(12.25,-3.5,2.62E-15));
#975 = VECTOR('',#976,1.);
#976 = DIRECTION('',(1.,-2.7E-16,3.9E-16));
#977 = ORIENTED_EDGE('',*,*,#285,.T.);
#978 = ORIENTED_EDGE('',*,*,#668,.F.);
#979 = ORIENTED_EDGE('',*,*,#477,.F.);
#980 = FACE_BOUND('',#981,.T.);
#981 = EDGE_LOOP('',(#982,#992,#1000,#1008));
#982 = ORIENTED_EDGE('',*,*,#983,.T.);
#983 = EDGE_CURVE('',#984,#986,#988,.T.);
#984 = VERTEX_POINT('',#985);
#985 = CARTESIAN_POINT('',(-1.2,-3.5,1.05));
#986 = VERTEX_POINT('',#987);
#987 = CARTESIAN_POINT('',(-1.2,-3.5,4.5));
#988 = LINE('',#989,#990);
#989 = CARTESIAN_POINT('',(-1.2,-3.5,1.05));
#990 = VECTOR('',#991,1.);
#991 = DIRECTION('',(-1.1E-16,3.3E-16,1.));
#992 = ORIENTED_EDGE('',*,*,#993,.T.);
#993 = EDGE_CURVE('',#986,#994,#996,.T.);
#994 = VERTEX_POINT('',#995);
#995 = CARTESIAN_POINT('',(1.2,-3.5,4.5));
#996 = LINE('',#997,#998);
#997 = CARTESIAN_POINT('',(-1.2,-3.5,4.5));
#998 = VECTOR('',#999,1.);
#999 = DIRECTION('',(1.,-1.1E-16,1.1E-16));
#1000 = ORIENTED_EDGE('',*,*,#1001,.T.);
#1001 = EDGE_CURVE('',#994,#1002,#1004,.T.);
#1002 = VERTEX_POINT('',#1003);
#1003 = CARTESIAN_POINT('',(1.2,-3.5,1.05));
#1004 = LINE('',#1005,#1006);
#1005 = CARTESIAN_POINT('',(1.2,-3.5,4.5));
#1006 = VECTOR('',#1007,1.);
#1007 = DIRECTION('',(1.1E-16,-3.3E-16,-1.));
#1008 = ORIENTED_EDGE('',*,*,#1009,.T.);
#1009 = EDGE_CURVE('',#1002,#984,#1010,.T.);
#1010 = LINE('',#1011,#1012);
#1011 = CARTESIAN_POINT('',(1.2,-3.5,1.05));
#1012 = VECTOR('',#1013,1.);
#1013 = DIRECTION('',(-1.,1.1E-16,-2.E-17));
#1014 = FACE_BOUND('',#1015,.T.);
#1015 = EDGE_LOOP('',(#1016,#1026,#1034,#1042));
#1016 = ORIENTED_EDGE('',*,*,#1017,.T.);
#1017 = EDGE_CURVE('',#1018,#1020,#1022,.T.);
#1018 = VERTEX_POINT('',#1019);
#1019 = CARTESIAN_POINT('',(2.3,-3.5,1.05));
#1020 = VERTEX_POINT('',#1021);
#1021 = CARTESIAN_POINT('',(2.3,-3.5,4.5));
#1022 = LINE('',#1023,#1024);
#1023 = CARTESIAN_POINT('',(2.3,-3.5,1.05));
#1024 = VECTOR('',#1025,1.);
#1025 = DIRECTION('',(-5.E-17,3.9E-16,1.));
#1026 = ORIENTED_EDGE('',*,*,#1027,.T.);
#1027 = EDGE_CURVE('',#1020,#1028,#1030,.T.);
#1028 = VERTEX_POINT('',#1029);
#1029 = CARTESIAN_POINT('',(4.7,-3.5,4.5));
#1030 = LINE('',#1031,#1032);
#1031 = CARTESIAN_POINT('',(2.3,-3.5,4.5));
#1032 = VECTOR('',#1033,1.);
#1033 = DIRECTION('',(1.,-5.E-17,1.7E-16));
#1034 = ORIENTED_EDGE('',*,*,#1035,.T.);
#1035 = EDGE_CURVE('',#1028,#1036,#1038,.T.);
#1036 = VERTEX_POINT('',#1037);
#1037 = CARTESIAN_POINT('',(4.7,-3.5,1.05));
#1038 = LINE('',#1039,#1040);
#1039 = CARTESIAN_POINT('',(4.7,-3.5,4.5));
#1040 = VECTOR('',#1041,1.);
#1041 = DIRECTION('',(5.E-17,-3.9E-16,-1.));
#1042 = ORIENTED_EDGE('',*,*,#1043,.T.);
#1043 = EDGE_CURVE('',#1036,#1018,#1044,.T.);
#1044 = LINE('',#1045,#1046);
#1045 = CARTESIAN_POINT('',(4.7,-3.5,1.05));
#1046 = VECTOR('',#1047,1.);
#1047 = DIRECTION('',(-1.,5.E-17,-8.E-17));
#1048 = FACE_BOUND('',#1049,.T.);
#1049 = EDGE_LOOP('',(#1050,#1060,#1068,#1076));
#1050 = ORIENTED_EDGE('',*,*,#1051,.T.);
#1051 = EDGE_CURVE('',#1052,#1054,#1056,.T.);
#1052 = VERTEX_POINT('',#1053);
#1053 = CARTESIAN_POINT('',(5.8,-3.5,1.05));
#1054 = VERTEX_POINT('',#1055);
#1055 = CARTESIAN_POINT('',(5.8,-3.5,4.5));
#1056 = LINE('',#1057,#1058);
#1057 = CARTESIAN_POINT('',(5.8,-3.5,1.05));
#1058 = VECTOR('',#1059,1.);
#1059 = DIRECTION('',(-5.E-17,3.9E-16,1.));
#1060 = ORIENTED_EDGE('',*,*,#1061,.T.);
#1061 = EDGE_CURVE('',#1054,#1062,#1064,.T.);
#1062 = VERTEX_POINT('',#1063);
#1063 = CARTESIAN_POINT('',(8.2,-3.5,4.5));
#1064 = LINE('',#1065,#1066);
#1065 = CARTESIAN_POINT('',(5.8,-3.5,4.5));
#1066 = VECTOR('',#1067,1.);
#1067 = DIRECTION('',(1.,-5.E-17,1.7E-16));
#1068 = ORIENTED_EDGE('',*,*,#1069,.T.);
#1069 = EDGE_CURVE('',#1062,#1070,#1072,.T.);
#1070 = VERTEX_POINT('',#1071);
#1071 = CARTESIAN_POINT('',(8.2,-3.5,1.05));
#1072 = LINE('',#1073,#1074);
#1073 = CARTESIAN_POINT('',(8.2,-3.5,4.5));
#1074 = VECTOR('',#1075,1.);
#1075 = DIRECTION('',(5.E-17,-3.9E-16,-1.));
#1076 = ORIENTED_EDGE('',*,*,#1077,.T.);
#1077 = EDGE_CURVE('',#1070,#1052,#1078,.T.);
#1078 = LINE('',#1079,#1080);
#1079 = CARTESIAN_POINT('',(8.2,-3.5,1.05));
#1080 = VECTOR('',#1081,1.);
#1081 = DIRECTION('',(-1.,5.E-17,-8.E-17));
#1082 = FACE_BOUND('',#1083,.T.);
#1083 = EDGE_LOOP('',(#1084,#1094,#1102,#1110));
#1084 = ORIENTED_EDGE('',*,*,#1085,.T.);
#1085 = EDGE_CURVE('',#1086,#1088,#1090,.T.);
#1086 = VERTEX_POINT('',#1087);
#1087 = CARTESIAN_POINT('',(9.3,-3.5,1.05));
#1088 = VERTEX_POINT('',#1089);
#1089 = CARTESIAN_POINT('',(9.3,-3.5,4.5));
#1090 = LINE('',#1091,#1092);
#1091 = CARTESIAN_POINT('',(9.3,-3.5,1.05));
#1092 = VECTOR('',#1093,1.);
#1093 = DIRECTION('',(-5.E-17,3.9E-16,1.));
#1094 = ORIENTED_EDGE('',*,*,#1095,.T.);
#1095 = EDGE_CURVE('',#1088,#1096,#1098,.T.);
#1096 = VERTEX_POINT('',#1097);
#1097 = CARTESIAN_POINT('',(11.7,-3.5,4.5));
#1098 = LINE('',#1099,#1100);
#1099 = CARTESIAN_POINT('',(9.3,-3.5,4.5));
#1100 = VECTOR('',#1101,1.);
#1101 = DIRECTION('',(1.,-5.E-17,1.7E-16));
#1102 = ORIENTED_EDGE('',*,*,#1103,.T.);
#1103 = EDGE_CURVE('',#1096,#1104,#1106,.T.);
#1104 = VERTEX_POINT('',#1105);
#1105 = CARTESIAN_POINT('',(11.7,-3.5,1.05));
#1106 = LINE('',#1107,#1108);
#1107 = CARTESIAN_POINT('',(11.7,-3.5,4.5));
#1108 = VECTOR('',#1109,1.);
#1109 = DIRECTION('',(5.E-17,-3.9E-16,-1.));
#1110 = ORIENTED_EDGE('',*,*,#1111,.T.);
#1111 = EDGE_CURVE('',#1104,#1086,#1112,.T.);
#1112 = LINE('',#1113,#1114);
#1113 = CARTESIAN_POINT('',(11.7,-3.5,1.05));
#1114 = VECTOR('',#1115,1.);
#1115 = DIRECTION('',(-1.,5.E-17,-8.E-17));
#1116 = FACE_BOUND('',#1117,.T.);
#1117 = EDGE_LOOP('',(#1118,#1128,#1136,#1144));
#1118 = ORIENTED_EDGE('',*,*,#1119,.T.);
#1119 = EDGE_CURVE('',#1120,#1122,#1124,.T.);
#1120 = VERTEX_POINT('',#1121);
#1121 = CARTESIAN_POINT('',(12.8,-3.5,1.05));
#1122 = VERTEX_POINT('',#1123);
#1123 = CARTESIAN_POINT('',(12.8,-3.5,4.5));
#1124 = LINE('',#1125,#1126);
#1125 = CARTESIAN_POINT('',(12.8,-3.5,1.05));
#1126 = VECTOR('',#1127,1.);
#1127 = DIRECTION('',(-5.E-17,3.9E-16,1.));
#1128 = ORIENTED_EDGE('',*,*,#1129,.T.);
#1129 = EDGE_CURVE('',#1122,#1130,#1132,.T.);
#1130 = VERTEX_POINT('',#1131);
#1131 = CARTESIAN_POINT('',(15.2,-3.5,4.5));
#1132 = LINE('',#1133,#1134);
#1133 = CARTESIAN_POINT('',(12.8,-3.5,4.5));
#1134 = VECTOR('',#1135,1.);
#1135 = DIRECTION('',(1.,-5.E-17,1.7E-16));
#1136 = ORIENTED_EDGE('',*,*,#1137,.T.);
#1137 = EDGE_CURVE('',#1130,#1138,#1140,.T.);
#1138 = VERTEX_POINT('',#1139);
#1139 = CARTESIAN_POINT('',(15.2,-3.5,1.05));
#1140 = LINE('',#1141,#1142);
#1141 = CARTESIAN_POINT('',(15.2,-3.5,4.5));
#1142 = VECTOR('',#1143,1.);
#1143 = DIRECTION('',(5.E-17,-3.9E-16,-1.));
#1144 = ORIENTED_EDGE('',*,*,#1145,.T.);
#1145 = EDGE_CURVE('',#1138,#1120,#1146,.T.);
#1146 = LINE('',#1147,#1148);
#1147 = CARTESIAN_POINT('',(15.2,-3.5,1.05));
#1148 = VECTOR('',#1149,1.);
#1149 = DIRECTION('',(-1.,5.E-17,-8.E-17));
#1150 = PLANE('',#1151);
#1151 = AXIS2_PLACEMENT_3D('',#1152,#1153,#1154);
#1152 = CARTESIAN_POINT('',(7.,-3.5,2.5));
#1153 = DIRECTION('',(-1.8E-16,-1.,1.E-16));
#1154 = DIRECTION('',(-1.1E-16,-1.E-16,-1.));
#1155 = ADVANCED_FACE('',(#1156),#1181,.F.);
#1156 = FACE_BOUND('',#1157,.F.);
#1157 = EDGE_LOOP('',(#1158,#1166,#1174,#1180));
#1158 = ORIENTED_EDGE('',*,*,#1159,.F.);
#1159 = EDGE_CURVE('',#1160,#374,#1162,.T.);
#1160 = VERTEX_POINT('',#1161);
#1161 = CARTESIAN_POINT('',(13.175,3.1,6.));
#1162 = LINE('',#1163,#1164);
#1163 = CARTESIAN_POINT('',(13.175,3.1,6.));
#1164 = VECTOR('',#1165,1.);
#1165 = DIRECTION('',(0.116165788004,0.993229837297,1.8E-16));
#1166 = ORIENTED_EDGE('',*,*,#1167,.T.);
#1167 = EDGE_CURVE('',#1160,#1168,#1170,.T.);
#1168 = VERTEX_POINT('',#1169);
#1169 = CARTESIAN_POINT('',(14.825,3.1,6.));
#1170 = LINE('',#1171,#1172);
#1171 = CARTESIAN_POINT('',(13.175,3.1,6.));
#1172 = VECTOR('',#1173,1.);
#1173 = DIRECTION('',(1.,1.7E-16,1.7E-16));
#1174 = ORIENTED_EDGE('',*,*,#1175,.F.);
#1175 = EDGE_CURVE('',#366,#1168,#1176,.T.);
#1176 = LINE('',#1177,#1178);
#1177 = CARTESIAN_POINT('',(14.751015524405,3.732575131807,6.));
#1178 = VECTOR('',#1179,1.);
#1179 = DIRECTION('',(0.116165788004,-0.993229837297,-1.5E-16));
#1180 = ORIENTED_EDGE('',*,*,#373,.F.);
#1181 = PLANE('',#1182);
#1182 = AXIS2_PLACEMENT_3D('',#1183,#1184,#1185);
#1183 = CARTESIAN_POINT('',(14.,3.523201783964,6.));
#1184 = DIRECTION('',(1.7E-16,1.7E-16,1.));
#1185 = DIRECTION('',(1.7E-16,1.,-1.7E-16));
#1186 = ADVANCED_FACE('',(#1187),#1221,.T.);
#1187 = FACE_BOUND('',#1188,.T.);
#1188 = EDGE_LOOP('',(#1189,#1197,#1198,#1206,#1213,#1214));
#1189 = ORIENTED_EDGE('',*,*,#1190,.T.);
#1190 = EDGE_CURVE('',#1191,#382,#1193,.T.);
#1191 = VERTEX_POINT('',#1192);
#1192 = CARTESIAN_POINT('',(11.251015524405,3.732575131807,6.));
#1193 = LINE('',#1194,#1195);
#1194 = CARTESIAN_POINT('',(11.251015524405,3.732575131807,6.));
#1195 = VECTOR('',#1196,1.);
#1196 = DIRECTION('',(0.116165788004,-0.993229837297,-1.5E-16));
#1197 = ORIENTED_EDGE('',*,*,#381,.T.);
#1198 = ORIENTED_EDGE('',*,*,#1199,.T.);
#1199 = EDGE_CURVE('',#374,#1200,#1202,.T.);
#1200 = VERTEX_POINT('',#1201);
#1201 = CARTESIAN_POINT('',(13.248984475595,3.732575131807,6.));
#1202 = LINE('',#1203,#1204);
#1203 = CARTESIAN_POINT('',(13.175,3.1,6.));
#1204 = VECTOR('',#1205,1.);
#1205 = DIRECTION('',(0.116165788004,0.993229837297,1.8E-16));
#1206 = ORIENTED_EDGE('',*,*,#1207,.T.);
#1207 = EDGE_CURVE('',#1200,#848,#1208,.T.);
#1208 = CIRCLE('',#1209,0.15);
#1209 = AXIS2_PLACEMENT_3D('',#1210,#1211,#1212);
#1210 = CARTESIAN_POINT('',(13.1,3.75,6.));
#1211 = DIRECTION('',(-1.7E-16,-1.7E-16,1.));
#1212 = DIRECTION('',(1.,1.7E-16,1.7E-16));
#1213 = ORIENTED_EDGE('',*,*,#847,.F.);
#1214 = ORIENTED_EDGE('',*,*,#1215,.T.);
#1215 = EDGE_CURVE('',#840,#1191,#1216,.T.);
#1216 = CIRCLE('',#1217,0.15);
#1217 = AXIS2_PLACEMENT_3D('',#1218,#1219,#1220);
#1218 = CARTESIAN_POINT('',(11.4,3.75,6.));
#1219 = DIRECTION('',(-1.7E-16,-1.7E-16,1.));
#1220 = DIRECTION('',(1.,1.7E-16,1.7E-16));
#1221 = PLANE('',#1222);
#1222 = AXIS2_PLACEMENT_3D('',#1223,#1224,#1225);
#1223 = CARTESIAN_POINT('',(12.25,3.548519672891,6.));
#1224 = DIRECTION('',(3.6E-16,7.E-17,1.));
#1225 = DIRECTION('',(1.,1.1E-16,-3.6E-16));
#1226 = ADVANCED_FACE('',(#1227),#1252,.F.);
#1227 = FACE_BOUND('',#1228,.F.);
#1228 = EDGE_LOOP('',(#1229,#1237,#1245,#1251));
#1229 = ORIENTED_EDGE('',*,*,#1230,.F.);
#1230 = EDGE_CURVE('',#1231,#390,#1233,.T.);
#1231 = VERTEX_POINT('',#1232);
#1232 = CARTESIAN_POINT('',(9.675,3.1,6.));
#1233 = LINE('',#1234,#1235);
#1234 = CARTESIAN_POINT('',(9.675,3.1,6.));
#1235 = VECTOR('',#1236,1.);
#1236 = DIRECTION('',(0.116165788004,0.993229837297,1.8E-16));
#1237 = ORIENTED_EDGE('',*,*,#1238,.T.);
#1238 = EDGE_CURVE('',#1231,#1239,#1241,.T.);
#1239 = VERTEX_POINT('',#1240);
#1240 = CARTESIAN_POINT('',(11.325,3.1,6.));
#1241 = LINE('',#1242,#1243);
#1242 = CARTESIAN_POINT('',(9.675,3.1,6.));
#1243 = VECTOR('',#1244,1.);
#1244 = DIRECTION('',(1.,1.7E-16,1.7E-16));
#1245 = ORIENTED_EDGE('',*,*,#1246,.F.);
#1246 = EDGE_CURVE('',#382,#1239,#1247,.T.);
#1247 = LINE('',#1248,#1249);
#1248 = CARTESIAN_POINT('',(11.251015524405,3.732575131807,6.));
#1249 = VECTOR('',#1250,1.);
#1250 = DIRECTION('',(0.116165788004,-0.993229837297,-1.5E-16));
#1251 = ORIENTED_EDGE('',*,*,#389,.F.);
#1252 = PLANE('',#1253);
#1253 = AXIS2_PLACEMENT_3D('',#1254,#1255,#1256);
#1254 = CARTESIAN_POINT('',(10.5,3.523201783964,6.));
#1255 = DIRECTION('',(1.7E-16,1.7E-16,1.));
#1256 = DIRECTION('',(1.7E-16,1.,-1.7E-16));
#1257 = ADVANCED_FACE('',(#1258),#1292,.T.);
#1258 = FACE_BOUND('',#1259,.T.);
#1259 = EDGE_LOOP('',(#1260,#1268,#1269,#1277,#1284,#1285));
#1260 = ORIENTED_EDGE('',*,*,#1261,.T.);
#1261 = EDGE_CURVE('',#1262,#398,#1264,.T.);
#1262 = VERTEX_POINT('',#1263);
#1263 = CARTESIAN_POINT('',(7.751015524405,3.732575131807,6.));
#1264 = LINE('',#1265,#1266);
#1265 = CARTESIAN_POINT('',(7.751015524405,3.732575131807,6.));
#1266 = VECTOR('',#1267,1.);
#1267 = DIRECTION('',(0.116165788004,-0.993229837297,-1.5E-16));
#1268 = ORIENTED_EDGE('',*,*,#397,.T.);
#1269 = ORIENTED_EDGE('',*,*,#1270,.T.);
#1270 = EDGE_CURVE('',#390,#1271,#1273,.T.);
#1271 = VERTEX_POINT('',#1272);
#1272 = CARTESIAN_POINT('',(9.748984475595,3.732575131807,6.));
#1273 = LINE('',#1274,#1275);
#1274 = CARTESIAN_POINT('',(9.675,3.1,6.));
#1275 = VECTOR('',#1276,1.);
#1276 = DIRECTION('',(0.116165788004,0.993229837297,1.8E-16));
#1277 = ORIENTED_EDGE('',*,*,#1278,.T.);
#1278 = EDGE_CURVE('',#1271,#816,#1279,.T.);
#1279 = CIRCLE('',#1280,0.15);
#1280 = AXIS2_PLACEMENT_3D('',#1281,#1282,#1283);
#1281 = CARTESIAN_POINT('',(9.6,3.75,6.));
#1282 = DIRECTION('',(-1.7E-16,-1.7E-16,1.));
#1283 = DIRECTION('',(1.,1.7E-16,1.7E-16));
#1284 = ORIENTED_EDGE('',*,*,#815,.F.);
#1285 = ORIENTED_EDGE('',*,*,#1286,.T.);
#1286 = EDGE_CURVE('',#808,#1262,#1287,.T.);
#1287 = CIRCLE('',#1288,0.15);
#1288 = AXIS2_PLACEMENT_3D('',#1289,#1290,#1291);
#1289 = CARTESIAN_POINT('',(7.9,3.75,6.));
#1290 = DIRECTION('',(-1.7E-16,-1.7E-16,1.));
#1291 = DIRECTION('',(1.,1.7E-16,1.7E-16));
#1292 = PLANE('',#1293);
#1293 = AXIS2_PLACEMENT_3D('',#1294,#1295,#1296);
#1294 = CARTESIAN_POINT('',(8.75,3.548519672891,6.));
#1295 = DIRECTION('',(-1.2E-16,7.E-17,1.));
#1296 = DIRECTION('',(1.,1.1E-16,1.2E-16));
#1297 = ADVANCED_FACE('',(#1298),#1323,.F.);
#1298 = FACE_BOUND('',#1299,.F.);
#1299 = EDGE_LOOP('',(#1300,#1308,#1316,#1322));
#1300 = ORIENTED_EDGE('',*,*,#1301,.F.);
#1301 = EDGE_CURVE('',#1302,#406,#1304,.T.);
#1302 = VERTEX_POINT('',#1303);
#1303 = CARTESIAN_POINT('',(6.175,3.1,6.));
#1304 = LINE('',#1305,#1306);
#1305 = CARTESIAN_POINT('',(6.175,3.1,6.));
#1306 = VECTOR('',#1307,1.);
#1307 = DIRECTION('',(0.116165788004,0.993229837297,1.8E-16));
#1308 = ORIENTED_EDGE('',*,*,#1309,.T.);
#1309 = EDGE_CURVE('',#1302,#1310,#1312,.T.);
#1310 = VERTEX_POINT('',#1311);
#1311 = CARTESIAN_POINT('',(7.825,3.1,6.));
#1312 = LINE('',#1313,#1314);
#1313 = CARTESIAN_POINT('',(6.175,3.1,6.));
#1314 = VECTOR('',#1315,1.);
#1315 = DIRECTION('',(1.,1.7E-16,1.7E-16));
#1316 = ORIENTED_EDGE('',*,*,#1317,.F.);
#1317 = EDGE_CURVE('',#398,#1310,#1318,.T.);
#1318 = LINE('',#1319,#1320);
#1319 = CARTESIAN_POINT('',(7.751015524405,3.732575131807,6.));
#1320 = VECTOR('',#1321,1.);
#1321 = DIRECTION('',(0.116165788004,-0.993229837297,-1.5E-16));
#1322 = ORIENTED_EDGE('',*,*,#405,.F.);
#1323 = PLANE('',#1324);
#1324 = AXIS2_PLACEMENT_3D('',#1325,#1326,#1327);
#1325 = CARTESIAN_POINT('',(7.,3.523201783964,6.));
#1326 = DIRECTION('',(1.7E-16,1.7E-16,1.));
#1327 = DIRECTION('',(1.7E-16,1.,-1.7E-16));
#1328 = ADVANCED_FACE('',(#1329),#1363,.T.);
#1329 = FACE_BOUND('',#1330,.T.);
#1330 = EDGE_LOOP('',(#1331,#1339,#1340,#1348,#1355,#1356));
#1331 = ORIENTED_EDGE('',*,*,#1332,.T.);
#1332 = EDGE_CURVE('',#1333,#414,#1335,.T.);
#1333 = VERTEX_POINT('',#1334);
#1334 = CARTESIAN_POINT('',(4.251015524405,3.732575131807,6.));
#1335 = LINE('',#1336,#1337);
#1336 = CARTESIAN_POINT('',(4.251015524405,3.732575131807,6.));
#1337 = VECTOR('',#1338,1.);
#1338 = DIRECTION('',(0.116165788004,-0.993229837297,-1.5E-16));
#1339 = ORIENTED_EDGE('',*,*,#413,.T.);
#1340 = ORIENTED_EDGE('',*,*,#1341,.T.);
#1341 = EDGE_CURVE('',#406,#1342,#1344,.T.);
#1342 = VERTEX_POINT('',#1343);
#1343 = CARTESIAN_POINT('',(6.248984475595,3.732575131807,6.));
#1344 = LINE('',#1345,#1346);
#1345 = CARTESIAN_POINT('',(6.175,3.1,6.));
#1346 = VECTOR('',#1347,1.);
#1347 = DIRECTION('',(0.116165788004,0.993229837297,1.8E-16));
#1348 = ORIENTED_EDGE('',*,*,#1349,.T.);
#1349 = EDGE_CURVE('',#1342,#784,#1350,.T.);
#1350 = CIRCLE('',#1351,0.15);
#1351 = AXIS2_PLACEMENT_3D('',#1352,#1353,#1354);
#1352 = CARTESIAN_POINT('',(6.1,3.75,6.));
#1353 = DIRECTION('',(-1.7E-16,-1.7E-16,1.));
#1354 = DIRECTION('',(1.,1.7E-16,1.7E-16));
#1355 = ORIENTED_EDGE('',*,*,#783,.F.);
#1356 = ORIENTED_EDGE('',*,*,#1357,.T.);
#1357 = EDGE_CURVE('',#776,#1333,#1358,.T.);
#1358 = CIRCLE('',#1359,0.15);
#1359 = AXIS2_PLACEMENT_3D('',#1360,#1361,#1362);
#1360 = CARTESIAN_POINT('',(4.4,3.75,6.));
#1361 = DIRECTION('',(-1.7E-16,-1.7E-16,1.));
#1362 = DIRECTION('',(1.,1.7E-16,1.7E-16));
#1363 = PLANE('',#1364);
#1364 = AXIS2_PLACEMENT_3D('',#1365,#1366,#1367);
#1365 = CARTESIAN_POINT('',(5.25,3.548519672891,6.));
#1366 = DIRECTION('',(3.6E-16,7.E-17,1.));
#1367 = DIRECTION('',(1.,1.1E-16,-3.6E-16));
#1368 = ADVANCED_FACE('',(#1369),#1394,.F.);
#1369 = FACE_BOUND('',#1370,.F.);
#1370 = EDGE_LOOP('',(#1371,#1379,#1387,#1393));
#1371 = ORIENTED_EDGE('',*,*,#1372,.F.);
#1372 = EDGE_CURVE('',#1373,#422,#1375,.T.);
#1373 = VERTEX_POINT('',#1374);
#1374 = CARTESIAN_POINT('',(2.675,3.1,6.));
#1375 = LINE('',#1376,#1377);
#1376 = CARTESIAN_POINT('',(2.675,3.1,6.));
#1377 = VECTOR('',#1378,1.);
#1378 = DIRECTION('',(0.116165788004,0.993229837297,1.8E-16));
#1379 = ORIENTED_EDGE('',*,*,#1380,.T.);
#1380 = EDGE_CURVE('',#1373,#1381,#1383,.T.);
#1381 = VERTEX_POINT('',#1382);
#1382 = CARTESIAN_POINT('',(4.325,3.1,6.));
#1383 = LINE('',#1384,#1385);
#1384 = CARTESIAN_POINT('',(2.675,3.1,6.));
#1385 = VECTOR('',#1386,1.);
#1386 = DIRECTION('',(1.,1.7E-16,1.7E-16));
#1387 = ORIENTED_EDGE('',*,*,#1388,.F.);
#1388 = EDGE_CURVE('',#414,#1381,#1389,.T.);
#1389 = LINE('',#1390,#1391);
#1390 = CARTESIAN_POINT('',(4.251015524405,3.732575131807,6.));
#1391 = VECTOR('',#1392,1.);
#1392 = DIRECTION('',(0.116165788004,-0.993229837297,-1.5E-16));
#1393 = ORIENTED_EDGE('',*,*,#421,.F.);
#1394 = PLANE('',#1395);
#1395 = AXIS2_PLACEMENT_3D('',#1396,#1397,#1398);
#1396 = CARTESIAN_POINT('',(3.5,3.523201783964,6.));
#1397 = DIRECTION('',(1.7E-16,1.7E-16,1.));
#1398 = DIRECTION('',(1.7E-16,1.,-1.7E-16));
#1399 = ADVANCED_FACE('',(#1400),#1434,.T.);
#1400 = FACE_BOUND('',#1401,.T.);
#1401 = EDGE_LOOP('',(#1402,#1410,#1411,#1419,#1426,#1427));
#1402 = ORIENTED_EDGE('',*,*,#1403,.T.);
#1403 = EDGE_CURVE('',#1404,#430,#1406,.T.);
#1404 = VERTEX_POINT('',#1405);
#1405 = CARTESIAN_POINT('',(0.751015524405,3.732575131807,6.));
#1406 = LINE('',#1407,#1408);
#1407 = CARTESIAN_POINT('',(0.751015524405,3.732575131807,6.));
#1408 = VECTOR('',#1409,1.);
#1409 = DIRECTION('',(0.116165788004,-0.993229837297,-1.E-16));
#1410 = ORIENTED_EDGE('',*,*,#429,.T.);
#1411 = ORIENTED_EDGE('',*,*,#1412,.T.);
#1412 = EDGE_CURVE('',#422,#1413,#1415,.T.);
#1413 = VERTEX_POINT('',#1414);
#1414 = CARTESIAN_POINT('',(2.748984475595,3.732575131807,6.));
#1415 = LINE('',#1416,#1417);
#1416 = CARTESIAN_POINT('',(2.675,3.1,6.));
#1417 = VECTOR('',#1418,1.);
#1418 = DIRECTION('',(0.116165788004,0.993229837297,1.8E-16));
#1419 = ORIENTED_EDGE('',*,*,#1420,.T.);
#1420 = EDGE_CURVE('',#1413,#752,#1421,.T.);
#1421 = CIRCLE('',#1422,0.15);
#1422 = AXIS2_PLACEMENT_3D('',#1423,#1424,#1425);
#1423 = CARTESIAN_POINT('',(2.6,3.75,6.));
#1424 = DIRECTION('',(-1.7E-16,-1.7E-16,1.));
#1425 = DIRECTION('',(1.,1.7E-16,1.7E-16));
#1426 = ORIENTED_EDGE('',*,*,#751,.F.);
#1427 = ORIENTED_EDGE('',*,*,#1428,.T.);
#1428 = EDGE_CURVE('',#744,#1404,#1429,.T.);
#1429 = CIRCLE('',#1430,0.15);
#1430 = AXIS2_PLACEMENT_3D('',#1431,#1432,#1433);
#1431 = CARTESIAN_POINT('',(0.9,3.75,6.));
#1432 = DIRECTION('',(-1.1E-16,-1.1E-16,1.));
#1433 = DIRECTION('',(1.,1.1E-16,1.1E-16));
#1434 = PLANE('',#1435);
#1435 = AXIS2_PLACEMENT_3D('',#1436,#1437,#1438);
#1436 = CARTESIAN_POINT('',(1.75,3.548519672891,6.));
#1437 = DIRECTION('',(3.6E-16,7.E-17,1.));
#1438 = DIRECTION('',(1.,1.1E-16,-3.6E-16));
#1439 = ADVANCED_FACE('',(#1440),#1465,.F.);
#1440 = FACE_BOUND('',#1441,.F.);
#1441 = EDGE_LOOP('',(#1442,#1450,#1458,#1464));
#1442 = ORIENTED_EDGE('',*,*,#1443,.F.);
#1443 = EDGE_CURVE('',#1444,#438,#1446,.T.);
#1444 = VERTEX_POINT('',#1445);
#1445 = CARTESIAN_POINT('',(-0.825,3.1,6.));
#1446 = LINE('',#1447,#1448);
#1447 = CARTESIAN_POINT('',(-0.825,3.1,6.));
#1448 = VECTOR('',#1449,1.);
#1449 = DIRECTION('',(0.116165788004,0.993229837297,1.2E-16));
#1450 = ORIENTED_EDGE('',*,*,#1451,.T.);
#1451 = EDGE_CURVE('',#1444,#1452,#1454,.T.);
#1452 = VERTEX_POINT('',#1453);
#1453 = CARTESIAN_POINT('',(0.825,3.1,6.));
#1454 = LINE('',#1455,#1456);
#1455 = CARTESIAN_POINT('',(-0.825,3.1,6.));
#1456 = VECTOR('',#1457,1.);
#1457 = DIRECTION('',(1.,1.1E-16,1.1E-16));
#1458 = ORIENTED_EDGE('',*,*,#1459,.F.);
#1459 = EDGE_CURVE('',#430,#1452,#1460,.T.);
#1460 = LINE('',#1461,#1462);
#1461 = CARTESIAN_POINT('',(0.751015524405,3.732575131807,6.));
#1462 = VECTOR('',#1463,1.);
#1463 = DIRECTION('',(0.116165788004,-0.993229837297,-1.E-16));
#1464 = ORIENTED_EDGE('',*,*,#437,.F.);
#1465 = PLANE('',#1466);
#1466 = AXIS2_PLACEMENT_3D('',#1467,#1468,#1469);
#1467 = CARTESIAN_POINT('',(4.787E-14,3.523201783964,6.));
#1468 = DIRECTION('',(1.1E-16,1.1E-16,1.));
#1469 = DIRECTION('',(1.1E-16,1.,-1.1E-16));
#1470 = ADVANCED_FACE('',(#1471),#1491,.T.);
#1471 = FACE_BOUND('',#1472,.T.);
#1472 = EDGE_LOOP('',(#1473,#1474,#1475,#1483,#1490));
#1473 = ORIENTED_EDGE('',*,*,#533,.F.);
#1474 = ORIENTED_EDGE('',*,*,#445,.T.);
#1475 = ORIENTED_EDGE('',*,*,#1476,.T.);
#1476 = EDGE_CURVE('',#438,#1477,#1479,.T.);
#1477 = VERTEX_POINT('',#1478);
#1478 = CARTESIAN_POINT('',(-0.751015524405,3.732575131807,6.));
#1479 = LINE('',#1480,#1481);
#1480 = CARTESIAN_POINT('',(-0.825,3.1,6.));
#1481 = VECTOR('',#1482,1.);
#1482 = DIRECTION('',(0.116165788004,0.993229837297,1.2E-16));
#1483 = ORIENTED_EDGE('',*,*,#1484,.T.);
#1484 = EDGE_CURVE('',#1477,#720,#1485,.T.);
#1485 = CIRCLE('',#1486,0.15);
#1486 = AXIS2_PLACEMENT_3D('',#1487,#1488,#1489);
#1487 = CARTESIAN_POINT('',(-0.9,3.75,6.));
#1488 = DIRECTION('',(-1.1E-16,-1.1E-16,1.));
#1489 = DIRECTION('',(1.,1.1E-16,1.1E-16));
#1490 = ORIENTED_EDGE('',*,*,#719,.F.);
#1491 = PLANE('',#1492);
#1492 = AXIS2_PLACEMENT_3D('',#1493,#1494,#1495);
#1493 = CARTESIAN_POINT('',(-1.75,3.2,6.));
#1494 = DIRECTION('',(-1.7E-16,5.5E-16,1.));
#1495 = DIRECTION('',(3.3E-16,1.,-5.5E-16));
#1496 = ADVANCED_FACE('',(#1497),#1522,.T.);
#1497 = FACE_BOUND('',#1498,.T.);
#1498 = EDGE_LOOP('',(#1499,#1509,#1515,#1516));
#1499 = ORIENTED_EDGE('',*,*,#1500,.T.);
#1500 = EDGE_CURVE('',#1501,#1503,#1505,.T.);
#1501 = VERTEX_POINT('',#1502);
#1502 = CARTESIAN_POINT('',(-2.15,3.275,0.));
#1503 = VERTEX_POINT('',#1504);
#1504 = CARTESIAN_POINT('',(-2.15,3.275,4.5));
#1505 = LINE('',#1506,#1507);
#1506 = CARTESIAN_POINT('',(-2.15,3.275,-6.E-17));
#1507 = VECTOR('',#1508,1.);
#1508 = DIRECTION('',(6.E-17,1.1E-16,1.));
#1509 = ORIENTED_EDGE('',*,*,#1510,.T.);
#1510 = EDGE_CURVE('',#1503,#502,#1511,.T.);
#1511 = LINE('',#1512,#1513);
#1512 = CARTESIAN_POINT('',(-2.15,3.275,4.5));
#1513 = VECTOR('',#1514,1.);
#1514 = DIRECTION('',(0.923879532511,-0.382683432365,6.E-17));
#1515 = ORIENTED_EDGE('',*,*,#509,.F.);
#1516 = ORIENTED_EDGE('',*,*,#1517,.F.);
#1517 = EDGE_CURVE('',#1501,#510,#1518,.T.);
#1518 = LINE('',#1519,#1520);
#1519 = CARTESIAN_POINT('',(-2.15,3.275,1.2E-16));
#1520 = VECTOR('',#1521,1.);
#1521 = DIRECTION('',(0.923879532511,-0.382683432365,6.E-17));
#1522 = PLANE('',#1523);
#1523 = AXIS2_PLACEMENT_3D('',#1524,#1525,#1526);
#1524 = CARTESIAN_POINT('',(-2.15,3.275,-6.E-17));
#1525 = DIRECTION('',(0.382683432365,0.923879532511,2.E-17));
#1526 = DIRECTION('',(0.923879532511,-0.382683432365,8.E-17));
#1527 = ADVANCED_FACE('',(#1528),#1546,.T.);
#1528 = FACE_BOUND('',#1529,.F.);
#1529 = EDGE_LOOP('',(#1530,#1531,#1532,#1540));
#1530 = ORIENTED_EDGE('',*,*,#1510,.T.);
#1531 = ORIENTED_EDGE('',*,*,#501,.T.);
#1532 = ORIENTED_EDGE('',*,*,#1533,.T.);
#1533 = EDGE_CURVE('',#494,#1534,#1536,.T.);
#1534 = VERTEX_POINT('',#1535);
#1535 = CARTESIAN_POINT('',(-2.15,2.425,4.5));
#1536 = LINE('',#1537,#1538);
#1537 = CARTESIAN_POINT('',(-1.75,2.590685424949,4.5));
#1538 = VECTOR('',#1539,1.);
#1539 = DIRECTION('',(-0.923879532511,-0.382683432365,-1.5E-16));
#1540 = ORIENTED_EDGE('',*,*,#1541,.T.);
#1541 = EDGE_CURVE('',#1534,#1503,#1542,.T.);
#1542 = LINE('',#1543,#1544);
#1543 = CARTESIAN_POINT('',(-2.15,2.425,4.5));
#1544 = VECTOR('',#1545,1.);
#1545 = DIRECTION('',(1.1E-16,1.,1.1E-16));
#1546 = PLANE('',#1547);
#1547 = AXIS2_PLACEMENT_3D('',#1548,#1549,#1550);
#1548 = CARTESIAN_POINT('',(-1.979658938154,2.85,4.5));
#1549 = DIRECTION('',(1.1E-16,1.1E-16,1.));
#1550 = DIRECTION('',(1.,1.1E-16,-1.1E-16));
#1551 = ADVANCED_FACE('',(#1552),#1570,.T.);
#1552 = FACE_BOUND('',#1553,.T.);
#1553 = EDGE_LOOP('',(#1554,#1555,#1556,#1564));
#1554 = ORIENTED_EDGE('',*,*,#493,.T.);
#1555 = ORIENTED_EDGE('',*,*,#1533,.T.);
#1556 = ORIENTED_EDGE('',*,*,#1557,.F.);
#1557 = EDGE_CURVE('',#1558,#1534,#1560,.T.);
#1558 = VERTEX_POINT('',#1559);
#1559 = CARTESIAN_POINT('',(-2.15,2.425,0.));
#1560 = LINE('',#1561,#1562);
#1561 = CARTESIAN_POINT('',(-2.15,2.425,-1.E-16));
#1562 = VECTOR('',#1563,1.);
#1563 = DIRECTION('',(6.E-17,1.1E-16,1.));
#1564 = ORIENTED_EDGE('',*,*,#1565,.F.);
#1565 = EDGE_CURVE('',#486,#1558,#1566,.T.);
#1566 = LINE('',#1567,#1568);
#1567 = CARTESIAN_POINT('',(-1.75,2.590685424949,9.E-17));
#1568 = VECTOR('',#1569,1.);
#1569 = DIRECTION('',(-0.923879532511,-0.382683432365,-1.5E-16));
#1570 = PLANE('',#1571);
#1571 = AXIS2_PLACEMENT_3D('',#1572,#1573,#1574);
#1572 = CARTESIAN_POINT('',(-1.75,2.590685424949,-5.E-17));
#1573 = DIRECTION('',(0.382683432365,-0.923879532511,2.E-17));
#1574 = DIRECTION('',(-0.923879532511,-0.382683432365,-1.2E-16));
#1575 = ADVANCED_FACE('',(#1576),#1595,.F.);
#1576 = FACE_BOUND('',#1577,.F.);
#1577 = EDGE_LOOP('',(#1578,#1579,#1587,#1594));
#1578 = ORIENTED_EDGE('',*,*,#557,.T.);
#1579 = ORIENTED_EDGE('',*,*,#1580,.T.);
#1580 = EDGE_CURVE('',#550,#1581,#1583,.T.);
#1581 = VERTEX_POINT('',#1582);
#1582 = CARTESIAN_POINT('',(-1.475,1.E-15,8.3));
#1583 = LINE('',#1584,#1585);
#1584 = CARTESIAN_POINT('',(-1.475,7.8E-16,8.503157564544));
#1585 = VECTOR('',#1586,1.);
#1586 = DIRECTION('',(-1.1E-16,-1.1E-16,-1.));
#1587 = ORIENTED_EDGE('',*,*,#1588,.F.);
#1588 = EDGE_CURVE('',#1581,#1581,#1589,.T.);
#1589 = CIRCLE('',#1590,1.475);
#1590 = AXIS2_PLACEMENT_3D('',#1591,#1592,#1593);
#1591 = CARTESIAN_POINT('',(9.2E-16,-4.6E-16,8.3));
#1592 = DIRECTION('',(1.1E-16,2.8E-16,-1.));
#1593 = DIRECTION('',(-1.,-1.1E-16,-1.1E-16));
#1594 = ORIENTED_EDGE('',*,*,#1580,.F.);
#1595 = CYLINDRICAL_SURFACE('',#1596,1.475);
#1596 = AXIS2_PLACEMENT_3D('',#1597,#1598,#1599);
#1597 = CARTESIAN_POINT('',(9.4E-16,-4.8E-16,8.503157564544));
#1598 = DIRECTION('',(-1.1E-16,6.E-17,-1.));
#1599 = DIRECTION('',(-1.,-1.1E-16,1.1E-16));
#1600 = ADVANCED_FACE('',(#1601),#1620,.F.);
#1601 = FACE_BOUND('',#1602,.F.);
#1602 = EDGE_LOOP('',(#1603,#1604,#1612,#1619));
#1603 = ORIENTED_EDGE('',*,*,#582,.T.);
#1604 = ORIENTED_EDGE('',*,*,#1605,.T.);
#1605 = EDGE_CURVE('',#575,#1606,#1608,.T.);
#1606 = VERTEX_POINT('',#1607);
#1607 = CARTESIAN_POINT('',(9.025,1.E-15,8.3));
#1608 = LINE('',#1609,#1610);
#1609 = CARTESIAN_POINT('',(9.025,1.E-15,8.503157564544));
#1610 = VECTOR('',#1611,1.);
#1611 = DIRECTION('',(-1.7E-16,-1.7E-16,-1.));
#1612 = ORIENTED_EDGE('',*,*,#1613,.F.);
#1613 = EDGE_CURVE('',#1606,#1606,#1614,.T.);
#1614 = CIRCLE('',#1615,1.475);
#1615 = AXIS2_PLACEMENT_3D('',#1616,#1617,#1618);
#1616 = CARTESIAN_POINT('',(10.5,-1.6E-16,8.3));
#1617 = DIRECTION('',(1.7E-16,3.4E-16,-1.));
#1618 = DIRECTION('',(-1.,-1.7E-16,-1.7E-16));
#1619 = ORIENTED_EDGE('',*,*,#1605,.F.);
#1620 = CYLINDRICAL_SURFACE('',#1621,1.475);
#1621 = AXIS2_PLACEMENT_3D('',#1622,#1623,#1624);
#1622 = CARTESIAN_POINT('',(10.5,-1.7E-16,8.503157564544));
#1623 = DIRECTION('',(-1.7E-16,0.,-1.));
#1624 = DIRECTION('',(-1.,-1.7E-16,1.7E-16));
#1625 = ADVANCED_FACE('',(#1626),#1645,.F.);
#1626 = FACE_BOUND('',#1627,.F.);
#1627 = EDGE_LOOP('',(#1628,#1629,#1637,#1644));
#1628 = ORIENTED_EDGE('',*,*,#607,.T.);
#1629 = ORIENTED_EDGE('',*,*,#1630,.T.);
#1630 = EDGE_CURVE('',#600,#1631,#1633,.T.);
#1631 = VERTEX_POINT('',#1632);
#1632 = CARTESIAN_POINT('',(2.025,1.E-15,8.3));
#1633 = LINE('',#1634,#1635);
#1634 = CARTESIAN_POINT('',(2.025,7.8E-16,8.503157564544));
#1635 = VECTOR('',#1636,1.);
#1636 = DIRECTION('',(-1.7E-16,-1.7E-16,-1.));
#1637 = ORIENTED_EDGE('',*,*,#1638,.F.);
#1638 = EDGE_CURVE('',#1631,#1631,#1639,.T.);
#1639 = CIRCLE('',#1640,1.475);
#1640 = AXIS2_PLACEMENT_3D('',#1641,#1642,#1643);
#1641 = CARTESIAN_POINT('',(3.5,-3.9E-16,8.3));
#1642 = DIRECTION('',(1.7E-16,3.4E-16,-1.));
#1643 = DIRECTION('',(-1.,-1.7E-16,-1.7E-16));
#1644 = ORIENTED_EDGE('',*,*,#1630,.F.);
#1645 = CYLINDRICAL_SURFACE('',#1646,1.475);
#1646 = AXIS2_PLACEMENT_3D('',#1647,#1648,#1649);
#1647 = CARTESIAN_POINT('',(3.5,-3.9E-16,8.503157564544));
#1648 = DIRECTION('',(-1.7E-16,0.,-1.));
#1649 = DIRECTION('',(-1.,-1.7E-16,1.7E-16));
#1650 = ADVANCED_FACE('',(#1651),#1670,.F.);
#1651 = FACE_BOUND('',#1652,.F.);
#1652 = EDGE_LOOP('',(#1653,#1654,#1662,#1669));
#1653 = ORIENTED_EDGE('',*,*,#632,.T.);
#1654 = ORIENTED_EDGE('',*,*,#1655,.T.);
#1655 = EDGE_CURVE('',#625,#1656,#1658,.T.);
#1656 = VERTEX_POINT('',#1657);
#1657 = CARTESIAN_POINT('',(5.525,1.E-15,8.3));
#1658 = LINE('',#1659,#1660);
#1659 = CARTESIAN_POINT('',(5.525,3.9E-16,8.503157564544));
#1660 = VECTOR('',#1661,1.);
#1661 = DIRECTION('',(-1.7E-16,-1.7E-16,-1.));
#1662 = ORIENTED_EDGE('',*,*,#1663,.F.);
#1663 = EDGE_CURVE('',#1656,#1656,#1664,.T.);
#1664 = CIRCLE('',#1665,1.475);
#1665 = AXIS2_PLACEMENT_3D('',#1666,#1667,#1668);
#1666 = CARTESIAN_POINT('',(7.,-7.7E-16,8.3));
#1667 = DIRECTION('',(1.7E-16,3.4E-16,-1.));
#1668 = DIRECTION('',(-1.,-1.7E-16,-1.7E-16));
#1669 = ORIENTED_EDGE('',*,*,#1655,.F.);
#1670 = CYLINDRICAL_SURFACE('',#1671,1.475);
#1671 = AXIS2_PLACEMENT_3D('',#1672,#1673,#1674);
#1672 = CARTESIAN_POINT('',(7.,-7.8E-16,8.503157564544));
#1673 = DIRECTION('',(-1.7E-16,0.,-1.));
#1674 = DIRECTION('',(-1.,-1.7E-16,1.7E-16));
#1675 = ADVANCED_FACE('',(#1676),#1695,.F.);
#1676 = FACE_BOUND('',#1677,.F.);
#1677 = EDGE_LOOP('',(#1678,#1679,#1687,#1694));
#1678 = ORIENTED_EDGE('',*,*,#651,.T.);
#1679 = ORIENTED_EDGE('',*,*,#1680,.T.);
#1680 = EDGE_CURVE('',#652,#1681,#1683,.T.);
#1681 = VERTEX_POINT('',#1682);
#1682 = CARTESIAN_POINT('',(12.4,1.E-15,6.95));
#1683 = LINE('',#1684,#1685);
#1684 = CARTESIAN_POINT('',(12.4,5.6E-16,8.3));
#1685 = VECTOR('',#1686,1.);
#1686 = DIRECTION('',(-1.7E-16,-1.7E-16,-1.));
#1687 = ORIENTED_EDGE('',*,*,#1688,.F.);
#1688 = EDGE_CURVE('',#1681,#1681,#1689,.T.);
#1689 = CIRCLE('',#1690,1.6);
#1690 = AXIS2_PLACEMENT_3D('',#1691,#1692,#1693);
#1691 = CARTESIAN_POINT('',(14.,-5.6E-16,6.95));
#1692 = DIRECTION('',(1.7E-16,3.4E-16,-1.));
#1693 = DIRECTION('',(-1.,-1.7E-16,-1.7E-16));
#1694 = ORIENTED_EDGE('',*,*,#1680,.F.);
#1695 = CYLINDRICAL_SURFACE('',#1696,1.6);
#1696 = AXIS2_PLACEMENT_3D('',#1697,#1698,#1699);
#1697 = CARTESIAN_POINT('',(14.,-5.5E-16,8.3));
#1698 = DIRECTION('',(-1.7E-16,0.,-1.));
#1699 = DIRECTION('',(-1.,-1.7E-16,1.7E-16));
#1700 = ADVANCED_FACE('',(#1701),#1735,.F.);
#1701 = FACE_BOUND('',#1702,.F.);
#1702 = EDGE_LOOP('',(#1703,#1711,#1712,#1713,#1721,#1729));
#1703 = ORIENTED_EDGE('',*,*,#1704,.T.);
#1704 = EDGE_CURVE('',#1705,#686,#1707,.T.);
#1705 = VERTEX_POINT('',#1706);
#1706 = CARTESIAN_POINT('',(14.751015524405,3.732575131807,1.2));
#1707 = LINE('',#1708,#1709);
#1708 = CARTESIAN_POINT('',(14.751015524405,3.732575131807,1.2));
#1709 = VECTOR('',#1710,1.);
#1710 = DIRECTION('',(1.7E-16,2.3E-16,1.));
#1711 = ORIENTED_EDGE('',*,*,#685,.T.);
#1712 = ORIENTED_EDGE('',*,*,#1175,.T.);
#1713 = ORIENTED_EDGE('',*,*,#1714,.F.);
#1714 = EDGE_CURVE('',#1715,#1168,#1717,.T.);
#1715 = VERTEX_POINT('',#1716);
#1716 = CARTESIAN_POINT('',(14.825,3.1,5.));
#1717 = LINE('',#1718,#1719);
#1718 = CARTESIAN_POINT('',(14.825,3.1,1.2));
#1719 = VECTOR('',#1720,1.);
#1720 = DIRECTION('',(1.7E-16,2.3E-16,1.));
#1721 = ORIENTED_EDGE('',*,*,#1722,.F.);
#1722 = EDGE_CURVE('',#1723,#1715,#1725,.T.);
#1723 = VERTEX_POINT('',#1724);
#1724 = CARTESIAN_POINT('',(14.825,3.1,1.2));
#1725 = LINE('',#1726,#1727);
#1726 = CARTESIAN_POINT('',(14.825,3.1,1.2));
#1727 = VECTOR('',#1728,1.);
#1728 = DIRECTION('',(1.7E-16,2.3E-16,1.));
#1729 = ORIENTED_EDGE('',*,*,#1730,.F.);
#1730 = EDGE_CURVE('',#1705,#1723,#1731,.T.);
#1731 = LINE('',#1732,#1733);
#1732 = CARTESIAN_POINT('',(14.751015524405,3.732575131807,1.2));
#1733 = VECTOR('',#1734,1.);
#1734 = DIRECTION('',(0.116165788004,-0.993229837297,-1.5E-16));
#1735 = PLANE('',#1736);
#1736 = AXIS2_PLACEMENT_3D('',#1737,#1738,#1739);
#1737 = CARTESIAN_POINT('',(14.751015524405,3.732575131807,1.2));
#1738 = DIRECTION('',(0.993229837297,0.116165788004,1.7E-16));
#1739 = DIRECTION('',(0.116165788004,-0.993229837297,-1.4E-16));
#1740 = ADVANCED_FACE('',(#1741),#1753,.T.);
#1741 = FACE_BOUND('',#1742,.F.);
#1742 = EDGE_LOOP('',(#1743,#1744,#1745,#1746));
#1743 = ORIENTED_EDGE('',*,*,#871,.T.);
#1744 = ORIENTED_EDGE('',*,*,#703,.T.);
#1745 = ORIENTED_EDGE('',*,*,#1704,.F.);
#1746 = ORIENTED_EDGE('',*,*,#1747,.F.);
#1747 = EDGE_CURVE('',#864,#1705,#1748,.T.);
#1748 = CIRCLE('',#1749,0.15);
#1749 = AXIS2_PLACEMENT_3D('',#1750,#1751,#1752);
#1750 = CARTESIAN_POINT('',(14.9,3.75,1.2));
#1751 = DIRECTION('',(-1.7E-16,-1.7E-16,1.));
#1752 = DIRECTION('',(1.,1.7E-16,1.7E-16));
#1753 = CYLINDRICAL_SURFACE('',#1754,0.15);
#1754 = AXIS2_PLACEMENT_3D('',#1755,#1756,#1757);
#1755 = CARTESIAN_POINT('',(14.9,3.75,1.2));
#1756 = DIRECTION('',(-1.1E-16,-1.7E-16,-1.));
#1757 = DIRECTION('',(1.,1.7E-16,-1.1E-16));
#1758 = ADVANCED_FACE('',(#1759),#1778,.T.);
#1759 = FACE_BOUND('',#1760,.F.);
#1760 = EDGE_LOOP('',(#1761,#1769,#1770,#1771));
#1761 = ORIENTED_EDGE('',*,*,#1762,.T.);
#1762 = EDGE_CURVE('',#1763,#1477,#1765,.T.);
#1763 = VERTEX_POINT('',#1764);
#1764 = CARTESIAN_POINT('',(-0.751015524405,3.732575131807,1.2));
#1765 = LINE('',#1766,#1767);
#1766 = CARTESIAN_POINT('',(-0.751015524405,3.732575131807,1.2));
#1767 = VECTOR('',#1768,1.);
#1768 = DIRECTION('',(1.1E-16,1.7E-16,1.));
#1769 = ORIENTED_EDGE('',*,*,#1484,.T.);
#1770 = ORIENTED_EDGE('',*,*,#727,.F.);
#1771 = ORIENTED_EDGE('',*,*,#1772,.F.);
#1772 = EDGE_CURVE('',#1763,#728,#1773,.T.);
#1773 = CIRCLE('',#1774,0.15);
#1774 = AXIS2_PLACEMENT_3D('',#1775,#1776,#1777);
#1775 = CARTESIAN_POINT('',(-0.9,3.75,1.2));
#1776 = DIRECTION('',(-1.1E-16,-1.1E-16,1.));
#1777 = DIRECTION('',(1.,1.1E-16,1.1E-16));
#1778 = CYLINDRICAL_SURFACE('',#1779,0.15);
#1779 = AXIS2_PLACEMENT_3D('',#1780,#1781,#1782);
#1780 = CARTESIAN_POINT('',(-0.9,3.75,1.2));
#1781 = DIRECTION('',(-5.E-17,-1.1E-16,-1.));
#1782 = DIRECTION('',(1.,1.1E-16,-5.E-17));
#1783 = ADVANCED_FACE('',(#1784),#1819,.T.);
#1784 = FACE_BOUND('',#1785,.T.);
#1785 = EDGE_LOOP('',(#1786,#1794,#1802,#1810,#1817,#1818));
#1786 = ORIENTED_EDGE('',*,*,#1787,.F.);
#1787 = EDGE_CURVE('',#1788,#1763,#1790,.T.);
#1788 = VERTEX_POINT('',#1789);
#1789 = CARTESIAN_POINT('',(-0.825,3.1,1.2));
#1790 = LINE('',#1791,#1792);
#1791 = CARTESIAN_POINT('',(-0.825,3.1,1.2));
#1792 = VECTOR('',#1793,1.);
#1793 = DIRECTION('',(0.116165788004,0.993229837297,1.2E-16));
#1794 = ORIENTED_EDGE('',*,*,#1795,.T.);
#1795 = EDGE_CURVE('',#1788,#1796,#1798,.T.);
#1796 = VERTEX_POINT('',#1797);
#1797 = CARTESIAN_POINT('',(0.825,3.1,1.2));
#1798 = LINE('',#1799,#1800);
#1799 = CARTESIAN_POINT('',(-0.825,3.1,1.2));
#1800 = VECTOR('',#1801,1.);
#1801 = DIRECTION('',(1.,1.1E-16,1.1E-16));
#1802 = ORIENTED_EDGE('',*,*,#1803,.F.);
#1803 = EDGE_CURVE('',#1804,#1796,#1806,.T.);
#1804 = VERTEX_POINT('',#1805);
#1805 = CARTESIAN_POINT('',(0.751015524405,3.732575131807,1.2));
#1806 = LINE('',#1807,#1808);
#1807 = CARTESIAN_POINT('',(0.751015524405,3.732575131807,1.2));
#1808 = VECTOR('',#1809,1.);
#1809 = DIRECTION('',(0.116165788004,-0.993229837297,-1.E-16));
#1810 = ORIENTED_EDGE('',*,*,#1811,.F.);
#1811 = EDGE_CURVE('',#736,#1804,#1812,.T.);
#1812 = CIRCLE('',#1813,0.15);
#1813 = AXIS2_PLACEMENT_3D('',#1814,#1815,#1816);
#1814 = CARTESIAN_POINT('',(0.9,3.75,1.2));
#1815 = DIRECTION('',(-1.1E-16,-1.1E-16,1.));
#1816 = DIRECTION('',(1.,1.1E-16,1.1E-16));
#1817 = ORIENTED_EDGE('',*,*,#735,.F.);
#1818 = ORIENTED_EDGE('',*,*,#1772,.F.);
#1819 = PLANE('',#1820);
#1820 = AXIS2_PLACEMENT_3D('',#1821,#1822,#1823);
#1821 = CARTESIAN_POINT('',(4.787E-14,3.523201783964,1.2));
#1822 = DIRECTION('',(1.1E-16,1.1E-16,1.));
#1823 = DIRECTION('',(1.1E-16,1.,-1.1E-16));
#1824 = ADVANCED_FACE('',(#1825),#1836,.T.);
#1825 = FACE_BOUND('',#1826,.F.);
#1826 = EDGE_LOOP('',(#1827,#1828,#1829,#1835));
#1827 = ORIENTED_EDGE('',*,*,#743,.T.);
#1828 = ORIENTED_EDGE('',*,*,#1428,.T.);
#1829 = ORIENTED_EDGE('',*,*,#1830,.F.);
#1830 = EDGE_CURVE('',#1804,#1404,#1831,.T.);
#1831 = LINE('',#1832,#1833);
#1832 = CARTESIAN_POINT('',(0.751015524405,3.732575131807,1.2));
#1833 = VECTOR('',#1834,1.);
#1834 = DIRECTION('',(1.1E-16,1.7E-16,1.));
#1835 = ORIENTED_EDGE('',*,*,#1811,.F.);
#1836 = CYLINDRICAL_SURFACE('',#1837,0.15);
#1837 = AXIS2_PLACEMENT_3D('',#1838,#1839,#1840);
#1838 = CARTESIAN_POINT('',(0.9,3.75,1.2));
#1839 = DIRECTION('',(-5.E-17,-1.1E-16,-1.));
#1840 = DIRECTION('',(1.,1.1E-16,-5.E-17));
#1841 = ADVANCED_FACE('',(#1842),#1861,.T.);
#1842 = FACE_BOUND('',#1843,.F.);
#1843 = EDGE_LOOP('',(#1844,#1852,#1853,#1854));
#1844 = ORIENTED_EDGE('',*,*,#1845,.T.);
#1845 = EDGE_CURVE('',#1846,#1413,#1848,.T.);
#1846 = VERTEX_POINT('',#1847);
#1847 = CARTESIAN_POINT('',(2.748984475595,3.732575131807,1.2));
#1848 = LINE('',#1849,#1850);
#1849 = CARTESIAN_POINT('',(2.748984475595,3.732575131807,1.2));
#1850 = VECTOR('',#1851,1.);
#1851 = DIRECTION('',(1.7E-16,2.3E-16,1.));
#1852 = ORIENTED_EDGE('',*,*,#1420,.T.);
#1853 = ORIENTED_EDGE('',*,*,#759,.F.);
#1854 = ORIENTED_EDGE('',*,*,#1855,.F.);
#1855 = EDGE_CURVE('',#1846,#760,#1856,.T.);
#1856 = CIRCLE('',#1857,0.15);
#1857 = AXIS2_PLACEMENT_3D('',#1858,#1859,#1860);
#1858 = CARTESIAN_POINT('',(2.6,3.75,1.2));
#1859 = DIRECTION('',(-1.7E-16,-1.7E-16,1.));
#1860 = DIRECTION('',(1.,1.7E-16,1.7E-16));
#1861 = CYLINDRICAL_SURFACE('',#1862,0.15);
#1862 = AXIS2_PLACEMENT_3D('',#1863,#1864,#1865);
#1863 = CARTESIAN_POINT('',(2.6,3.75,1.2));
#1864 = DIRECTION('',(-1.1E-16,-1.7E-16,-1.));
#1865 = DIRECTION('',(1.,1.7E-16,-1.1E-16));
#1866 = ADVANCED_FACE('',(#1867),#1902,.T.);
#1867 = FACE_BOUND('',#1868,.T.);
#1868 = EDGE_LOOP('',(#1869,#1877,#1885,#1893,#1900,#1901));
#1869 = ORIENTED_EDGE('',*,*,#1870,.F.);
#1870 = EDGE_CURVE('',#1871,#1846,#1873,.T.);
#1871 = VERTEX_POINT('',#1872);
#1872 = CARTESIAN_POINT('',(2.675,3.1,1.2));
#1873 = LINE('',#1874,#1875);
#1874 = CARTESIAN_POINT('',(2.675,3.1,1.2));
#1875 = VECTOR('',#1876,1.);
#1876 = DIRECTION('',(0.116165788004,0.993229837297,1.8E-16));
#1877 = ORIENTED_EDGE('',*,*,#1878,.T.);
#1878 = EDGE_CURVE('',#1871,#1879,#1881,.T.);
#1879 = VERTEX_POINT('',#1880);
#1880 = CARTESIAN_POINT('',(4.325,3.1,1.2));
#1881 = LINE('',#1882,#1883);
#1882 = CARTESIAN_POINT('',(2.675,3.1,1.2));
#1883 = VECTOR('',#1884,1.);
#1884 = DIRECTION('',(1.,1.7E-16,1.7E-16));
#1885 = ORIENTED_EDGE('',*,*,#1886,.F.);
#1886 = EDGE_CURVE('',#1887,#1879,#1889,.T.);
#1887 = VERTEX_POINT('',#1888);
#1888 = CARTESIAN_POINT('',(4.251015524405,3.732575131807,1.2));
#1889 = LINE('',#1890,#1891);
#1890 = CARTESIAN_POINT('',(4.251015524405,3.732575131807,1.2));
#1891 = VECTOR('',#1892,1.);
#1892 = DIRECTION('',(0.116165788004,-0.993229837297,-1.5E-16));
#1893 = ORIENTED_EDGE('',*,*,#1894,.F.);
#1894 = EDGE_CURVE('',#768,#1887,#1895,.T.);
#1895 = CIRCLE('',#1896,0.15);
#1896 = AXIS2_PLACEMENT_3D('',#1897,#1898,#1899);
#1897 = CARTESIAN_POINT('',(4.4,3.75,1.2));
#1898 = DIRECTION('',(-1.7E-16,-1.7E-16,1.));
#1899 = DIRECTION('',(1.,1.7E-16,1.7E-16));
#1900 = ORIENTED_EDGE('',*,*,#767,.F.);
#1901 = ORIENTED_EDGE('',*,*,#1855,.F.);
#1902 = PLANE('',#1903);
#1903 = AXIS2_PLACEMENT_3D('',#1904,#1905,#1906);
#1904 = CARTESIAN_POINT('',(3.5,3.523201783964,1.2));
#1905 = DIRECTION('',(1.7E-16,1.7E-16,1.));
#1906 = DIRECTION('',(1.7E-16,1.,-1.7E-16));
#1907 = ADVANCED_FACE('',(#1908),#1919,.T.);
#1908 = FACE_BOUND('',#1909,.F.);
#1909 = EDGE_LOOP('',(#1910,#1911,#1912,#1918));
#1910 = ORIENTED_EDGE('',*,*,#775,.T.);
#1911 = ORIENTED_EDGE('',*,*,#1357,.T.);
#1912 = ORIENTED_EDGE('',*,*,#1913,.F.);
#1913 = EDGE_CURVE('',#1887,#1333,#1914,.T.);
#1914 = LINE('',#1915,#1916);
#1915 = CARTESIAN_POINT('',(4.251015524405,3.732575131807,1.2));
#1916 = VECTOR('',#1917,1.);
#1917 = DIRECTION('',(1.7E-16,2.3E-16,1.));
#1918 = ORIENTED_EDGE('',*,*,#1894,.F.);
#1919 = CYLINDRICAL_SURFACE('',#1920,0.15);
#1920 = AXIS2_PLACEMENT_3D('',#1921,#1922,#1923);
#1921 = CARTESIAN_POINT('',(4.4,3.75,1.2));
#1922 = DIRECTION('',(-1.1E-16,-1.7E-16,-1.));
#1923 = DIRECTION('',(1.,1.7E-16,-1.1E-16));
#1924 = ADVANCED_FACE('',(#1925),#1944,.T.);
#1925 = FACE_BOUND('',#1926,.F.);
#1926 = EDGE_LOOP('',(#1927,#1935,#1936,#1937));
#1927 = ORIENTED_EDGE('',*,*,#1928,.T.);
#1928 = EDGE_CURVE('',#1929,#1342,#1931,.T.);
#1929 = VERTEX_POINT('',#1930);
#1930 = CARTESIAN_POINT('',(6.248984475595,3.732575131807,1.2));
#1931 = LINE('',#1932,#1933);
#1932 = CARTESIAN_POINT('',(6.248984475595,3.732575131807,1.2));
#1933 = VECTOR('',#1934,1.);
#1934 = DIRECTION('',(1.7E-16,2.3E-16,1.));
#1935 = ORIENTED_EDGE('',*,*,#1349,.T.);
#1936 = ORIENTED_EDGE('',*,*,#791,.F.);
#1937 = ORIENTED_EDGE('',*,*,#1938,.F.);
#1938 = EDGE_CURVE('',#1929,#792,#1939,.T.);
#1939 = CIRCLE('',#1940,0.15);
#1940 = AXIS2_PLACEMENT_3D('',#1941,#1942,#1943);
#1941 = CARTESIAN_POINT('',(6.1,3.75,1.2));
#1942 = DIRECTION('',(-1.7E-16,-1.7E-16,1.));
#1943 = DIRECTION('',(1.,1.7E-16,1.7E-16));
#1944 = CYLINDRICAL_SURFACE('',#1945,0.15);
#1945 = AXIS2_PLACEMENT_3D('',#1946,#1947,#1948);
#1946 = CARTESIAN_POINT('',(6.1,3.75,1.2));
#1947 = DIRECTION('',(-1.1E-16,-1.7E-16,-1.));
#1948 = DIRECTION('',(1.,1.7E-16,-1.1E-16));
#1949 = ADVANCED_FACE('',(#1950),#1985,.T.);
#1950 = FACE_BOUND('',#1951,.T.);
#1951 = EDGE_LOOP('',(#1952,#1960,#1968,#1976,#1983,#1984));
#1952 = ORIENTED_EDGE('',*,*,#1953,.F.);
#1953 = EDGE_CURVE('',#1954,#1929,#1956,.T.);
#1954 = VERTEX_POINT('',#1955);
#1955 = CARTESIAN_POINT('',(6.175,3.1,1.2));
#1956 = LINE('',#1957,#1958);
#1957 = CARTESIAN_POINT('',(6.175,3.1,1.2));
#1958 = VECTOR('',#1959,1.);
#1959 = DIRECTION('',(0.116165788004,0.993229837297,1.8E-16));
#1960 = ORIENTED_EDGE('',*,*,#1961,.T.);
#1961 = EDGE_CURVE('',#1954,#1962,#1964,.T.);
#1962 = VERTEX_POINT('',#1963);
#1963 = CARTESIAN_POINT('',(7.825,3.1,1.2));
#1964 = LINE('',#1965,#1966);
#1965 = CARTESIAN_POINT('',(6.175,3.1,1.2));
#1966 = VECTOR('',#1967,1.);
#1967 = DIRECTION('',(1.,1.7E-16,1.7E-16));
#1968 = ORIENTED_EDGE('',*,*,#1969,.F.);
#1969 = EDGE_CURVE('',#1970,#1962,#1972,.T.);
#1970 = VERTEX_POINT('',#1971);
#1971 = CARTESIAN_POINT('',(7.751015524405,3.732575131807,1.2));
#1972 = LINE('',#1973,#1974);
#1973 = CARTESIAN_POINT('',(7.751015524405,3.732575131807,1.2));
#1974 = VECTOR('',#1975,1.);
#1975 = DIRECTION('',(0.116165788004,-0.993229837297,-1.5E-16));
#1976 = ORIENTED_EDGE('',*,*,#1977,.F.);
#1977 = EDGE_CURVE('',#800,#1970,#1978,.T.);
#1978 = CIRCLE('',#1979,0.15);
#1979 = AXIS2_PLACEMENT_3D('',#1980,#1981,#1982);
#1980 = CARTESIAN_POINT('',(7.9,3.75,1.2));
#1981 = DIRECTION('',(-1.7E-16,-1.7E-16,1.));
#1982 = DIRECTION('',(1.,1.7E-16,1.7E-16));
#1983 = ORIENTED_EDGE('',*,*,#799,.F.);
#1984 = ORIENTED_EDGE('',*,*,#1938,.F.);
#1985 = PLANE('',#1986);
#1986 = AXIS2_PLACEMENT_3D('',#1987,#1988,#1989);
#1987 = CARTESIAN_POINT('',(7.,3.523201783964,1.2));
#1988 = DIRECTION('',(1.7E-16,1.7E-16,1.));
#1989 = DIRECTION('',(1.7E-16,1.,-1.7E-16));
#1990 = ADVANCED_FACE('',(#1991),#2002,.T.);
#1991 = FACE_BOUND('',#1992,.F.);
#1992 = EDGE_LOOP('',(#1993,#1994,#1995,#2001));
#1993 = ORIENTED_EDGE('',*,*,#807,.T.);
#1994 = ORIENTED_EDGE('',*,*,#1286,.T.);
#1995 = ORIENTED_EDGE('',*,*,#1996,.F.);
#1996 = EDGE_CURVE('',#1970,#1262,#1997,.T.);
#1997 = LINE('',#1998,#1999);
#1998 = CARTESIAN_POINT('',(7.751015524405,3.732575131807,1.2));
#1999 = VECTOR('',#2000,1.);
#2000 = DIRECTION('',(1.7E-16,2.3E-16,1.));
#2001 = ORIENTED_EDGE('',*,*,#1977,.F.);
#2002 = CYLINDRICAL_SURFACE('',#2003,0.15);
#2003 = AXIS2_PLACEMENT_3D('',#2004,#2005,#2006);
#2004 = CARTESIAN_POINT('',(7.9,3.75,1.2));
#2005 = DIRECTION('',(-1.1E-16,-1.7E-16,-1.));
#2006 = DIRECTION('',(1.,1.7E-16,-1.1E-16));
#2007 = ADVANCED_FACE('',(#2008),#2027,.T.);
#2008 = FACE_BOUND('',#2009,.F.);
#2009 = EDGE_LOOP('',(#2010,#2018,#2019,#2020));
#2010 = ORIENTED_EDGE('',*,*,#2011,.T.);
#2011 = EDGE_CURVE('',#2012,#1271,#2014,.T.);
#2012 = VERTEX_POINT('',#2013);
#2013 = CARTESIAN_POINT('',(9.748984475595,3.732575131807,1.2));
#2014 = LINE('',#2015,#2016);
#2015 = CARTESIAN_POINT('',(9.748984475595,3.732575131807,1.2));
#2016 = VECTOR('',#2017,1.);
#2017 = DIRECTION('',(1.7E-16,2.3E-16,1.));
#2018 = ORIENTED_EDGE('',*,*,#1278,.T.);
#2019 = ORIENTED_EDGE('',*,*,#823,.F.);
#2020 = ORIENTED_EDGE('',*,*,#2021,.F.);
#2021 = EDGE_CURVE('',#2012,#824,#2022,.T.);
#2022 = CIRCLE('',#2023,0.15);
#2023 = AXIS2_PLACEMENT_3D('',#2024,#2025,#2026);
#2024 = CARTESIAN_POINT('',(9.6,3.75,1.2));
#2025 = DIRECTION('',(-1.7E-16,-1.7E-16,1.));
#2026 = DIRECTION('',(1.,1.7E-16,1.7E-16));
#2027 = CYLINDRICAL_SURFACE('',#2028,0.15);
#2028 = AXIS2_PLACEMENT_3D('',#2029,#2030,#2031);
#2029 = CARTESIAN_POINT('',(9.6,3.75,1.2));
#2030 = DIRECTION('',(-1.1E-16,-1.7E-16,-1.));
#2031 = DIRECTION('',(1.,1.7E-16,-1.1E-16));
#2032 = ADVANCED_FACE('',(#2033),#2068,.T.);
#2033 = FACE_BOUND('',#2034,.T.);
#2034 = EDGE_LOOP('',(#2035,#2043,#2051,#2059,#2066,#2067));
#2035 = ORIENTED_EDGE('',*,*,#2036,.F.);
#2036 = EDGE_CURVE('',#2037,#2012,#2039,.T.);
#2037 = VERTEX_POINT('',#2038);
#2038 = CARTESIAN_POINT('',(9.675,3.1,1.2));
#2039 = LINE('',#2040,#2041);
#2040 = CARTESIAN_POINT('',(9.675,3.1,1.2));
#2041 = VECTOR('',#2042,1.);
#2042 = DIRECTION('',(0.116165788004,0.993229837297,1.8E-16));
#2043 = ORIENTED_EDGE('',*,*,#2044,.T.);
#2044 = EDGE_CURVE('',#2037,#2045,#2047,.T.);
#2045 = VERTEX_POINT('',#2046);
#2046 = CARTESIAN_POINT('',(11.325,3.1,1.2));
#2047 = LINE('',#2048,#2049);
#2048 = CARTESIAN_POINT('',(9.675,3.1,1.2));
#2049 = VECTOR('',#2050,1.);
#2050 = DIRECTION('',(1.,1.7E-16,1.7E-16));
#2051 = ORIENTED_EDGE('',*,*,#2052,.F.);
#2052 = EDGE_CURVE('',#2053,#2045,#2055,.T.);
#2053 = VERTEX_POINT('',#2054);
#2054 = CARTESIAN_POINT('',(11.251015524405,3.732575131807,1.2));
#2055 = LINE('',#2056,#2057);
#2056 = CARTESIAN_POINT('',(11.251015524405,3.732575131807,1.2));
#2057 = VECTOR('',#2058,1.);
#2058 = DIRECTION('',(0.116165788004,-0.993229837297,-1.5E-16));
#2059 = ORIENTED_EDGE('',*,*,#2060,.F.);
#2060 = EDGE_CURVE('',#832,#2053,#2061,.T.);
#2061 = CIRCLE('',#2062,0.15);
#2062 = AXIS2_PLACEMENT_3D('',#2063,#2064,#2065);
#2063 = CARTESIAN_POINT('',(11.4,3.75,1.2));
#2064 = DIRECTION('',(-1.7E-16,-1.7E-16,1.));
#2065 = DIRECTION('',(1.,1.7E-16,1.7E-16));
#2066 = ORIENTED_EDGE('',*,*,#831,.F.);
#2067 = ORIENTED_EDGE('',*,*,#2021,.F.);
#2068 = PLANE('',#2069);
#2069 = AXIS2_PLACEMENT_3D('',#2070,#2071,#2072);
#2070 = CARTESIAN_POINT('',(10.5,3.523201783964,1.2));
#2071 = DIRECTION('',(1.7E-16,1.7E-16,1.));
#2072 = DIRECTION('',(1.7E-16,1.,-1.7E-16));
#2073 = ADVANCED_FACE('',(#2074),#2085,.T.);
#2074 = FACE_BOUND('',#2075,.F.);
#2075 = EDGE_LOOP('',(#2076,#2077,#2078,#2084));
#2076 = ORIENTED_EDGE('',*,*,#839,.T.);
#2077 = ORIENTED_EDGE('',*,*,#1215,.T.);
#2078 = ORIENTED_EDGE('',*,*,#2079,.F.);
#2079 = EDGE_CURVE('',#2053,#1191,#2080,.T.);
#2080 = LINE('',#2081,#2082);
#2081 = CARTESIAN_POINT('',(11.251015524405,3.732575131807,1.2));
#2082 = VECTOR('',#2083,1.);
#2083 = DIRECTION('',(1.7E-16,2.3E-16,1.));
#2084 = ORIENTED_EDGE('',*,*,#2060,.F.);
#2085 = CYLINDRICAL_SURFACE('',#2086,0.15);
#2086 = AXIS2_PLACEMENT_3D('',#2087,#2088,#2089);
#2087 = CARTESIAN_POINT('',(11.4,3.75,1.2));
#2088 = DIRECTION('',(-1.1E-16,-1.7E-16,-1.));
#2089 = DIRECTION('',(1.,1.7E-16,-1.1E-16));
#2090 = ADVANCED_FACE('',(#2091),#2110,.T.);
#2091 = FACE_BOUND('',#2092,.F.);
#2092 = EDGE_LOOP('',(#2093,#2101,#2102,#2103));
#2093 = ORIENTED_EDGE('',*,*,#2094,.T.);
#2094 = EDGE_CURVE('',#2095,#1200,#2097,.T.);
#2095 = VERTEX_POINT('',#2096);
#2096 = CARTESIAN_POINT('',(13.248984475595,3.732575131807,1.2));
#2097 = LINE('',#2098,#2099);
#2098 = CARTESIAN_POINT('',(13.248984475595,3.732575131807,1.2));
#2099 = VECTOR('',#2100,1.);
#2100 = DIRECTION('',(1.7E-16,2.3E-16,1.));
#2101 = ORIENTED_EDGE('',*,*,#1207,.T.);
#2102 = ORIENTED_EDGE('',*,*,#855,.F.);
#2103 = ORIENTED_EDGE('',*,*,#2104,.F.);
#2104 = EDGE_CURVE('',#2095,#856,#2105,.T.);
#2105 = CIRCLE('',#2106,0.15);
#2106 = AXIS2_PLACEMENT_3D('',#2107,#2108,#2109);
#2107 = CARTESIAN_POINT('',(13.1,3.75,1.2));
#2108 = DIRECTION('',(-1.7E-16,-1.7E-16,1.));
#2109 = DIRECTION('',(1.,1.7E-16,1.7E-16));
#2110 = CYLINDRICAL_SURFACE('',#2111,0.15);
#2111 = AXIS2_PLACEMENT_3D('',#2112,#2113,#2114);
#2112 = CARTESIAN_POINT('',(13.1,3.75,1.2));
#2113 = DIRECTION('',(-1.1E-16,-1.7E-16,-1.));
#2114 = DIRECTION('',(1.,1.7E-16,-1.1E-16));
#2115 = ADVANCED_FACE('',(#2116),#2136,.T.);
#2116 = FACE_BOUND('',#2117,.T.);
#2117 = EDGE_LOOP('',(#2118,#2126,#2132,#2133,#2134,#2135));
#2118 = ORIENTED_EDGE('',*,*,#2119,.F.);
#2119 = EDGE_CURVE('',#2120,#2095,#2122,.T.);
#2120 = VERTEX_POINT('',#2121);
#2121 = CARTESIAN_POINT('',(13.175,3.1,1.2));
#2122 = LINE('',#2123,#2124);
#2123 = CARTESIAN_POINT('',(13.175,3.1,1.2));
#2124 = VECTOR('',#2125,1.);
#2125 = DIRECTION('',(0.116165788004,0.993229837297,1.8E-16));
#2126 = ORIENTED_EDGE('',*,*,#2127,.T.);
#2127 = EDGE_CURVE('',#2120,#1723,#2128,.T.);
#2128 = LINE('',#2129,#2130);
#2129 = CARTESIAN_POINT('',(13.175,3.1,1.2));
#2130 = VECTOR('',#2131,1.);
#2131 = DIRECTION('',(1.,1.7E-16,1.7E-16));
#2132 = ORIENTED_EDGE('',*,*,#1730,.F.);
#2133 = ORIENTED_EDGE('',*,*,#1747,.F.);
#2134 = ORIENTED_EDGE('',*,*,#863,.F.);
#2135 = ORIENTED_EDGE('',*,*,#2104,.F.);
#2136 = PLANE('',#2137);
#2137 = AXIS2_PLACEMENT_3D('',#2138,#2139,#2140);
#2138 = CARTESIAN_POINT('',(14.,3.523201783964,1.2));
#2139 = DIRECTION('',(1.7E-16,1.7E-16,1.));
#2140 = DIRECTION('',(1.7E-16,1.,-1.7E-16));
#2141 = ADVANCED_FACE('',(#2142),#2153,.F.);
#2142 = FACE_BOUND('',#2143,.F.);
#2143 = EDGE_LOOP('',(#2144,#2145,#2146,#2147));
#2144 = ORIENTED_EDGE('',*,*,#950,.T.);
#2145 = ORIENTED_EDGE('',*,*,#932,.T.);
#2146 = ORIENTED_EDGE('',*,*,#893,.F.);
#2147 = ORIENTED_EDGE('',*,*,#2148,.F.);
#2148 = EDGE_CURVE('',#951,#894,#2149,.T.);
#2149 = LINE('',#2150,#2151);
#2150 = CARTESIAN_POINT('',(15.35,2.425,9.9E-16));
#2151 = VECTOR('',#2152,1.);
#2152 = DIRECTION('',(6.E-17,1.,6.E-17));
#2153 = PLANE('',#2154);
#2154 = AXIS2_PLACEMENT_3D('',#2155,#2156,#2157);
#2155 = CARTESIAN_POINT('',(15.35,2.425,8.5E-16));
#2156 = DIRECTION('',(-1.,6.E-17,-0.));
#2157 = DIRECTION('',(6.E-17,1.,0.));
#2158 = ADVANCED_FACE('',(#2159),#2209,.F.);
#2159 = FACE_BOUND('',#2160,.F.);
#2160 = EDGE_LOOP('',(#2161,#2171,#2179,#2187,#2193,#2194,#2195,#2203));
#2161 = ORIENTED_EDGE('',*,*,#2162,.F.);
#2162 = EDGE_CURVE('',#2163,#2165,#2167,.T.);
#2163 = VERTEX_POINT('',#2164);
#2164 = CARTESIAN_POINT('',(12.8,3.1,2.E-15));
#2165 = VERTEX_POINT('',#2166);
#2166 = CARTESIAN_POINT('',(15.2,3.1,3.E-15));
#2167 = LINE('',#2168,#2169);
#2168 = CARTESIAN_POINT('',(12.8,3.1,3.552713678801E-15));
#2169 = VECTOR('',#2170,1.);
#2170 = DIRECTION('',(1.,1.7E-16,1.7E-16));
#2171 = ORIENTED_EDGE('',*,*,#2172,.T.);
#2172 = EDGE_CURVE('',#2163,#2173,#2175,.T.);
#2173 = VERTEX_POINT('',#2174);
#2174 = CARTESIAN_POINT('',(12.8,3.1,5.));
#2175 = LINE('',#2176,#2177);
#2176 = CARTESIAN_POINT('',(12.8,3.1,3.552713678801E-15));
#2177 = VECTOR('',#2178,1.);
#2178 = DIRECTION('',(1.7E-16,2.3E-16,1.));
#2179 = ORIENTED_EDGE('',*,*,#2180,.T.);
#2180 = EDGE_CURVE('',#2173,#2181,#2183,.T.);
#2181 = VERTEX_POINT('',#2182);
#2182 = CARTESIAN_POINT('',(13.175,3.1,5.));
#2183 = LINE('',#2184,#2185);
#2184 = CARTESIAN_POINT('',(12.8,3.1,5.));
#2185 = VECTOR('',#2186,1.);
#2186 = DIRECTION('',(1.,1.7E-16,1.7E-16));
#2187 = ORIENTED_EDGE('',*,*,#2188,.F.);
#2188 = EDGE_CURVE('',#2120,#2181,#2189,.T.);
#2189 = LINE('',#2190,#2191);
#2190 = CARTESIAN_POINT('',(13.175,3.1,1.2));
#2191 = VECTOR('',#2192,1.);
#2192 = DIRECTION('',(1.7E-16,2.3E-16,1.));
#2193 = ORIENTED_EDGE('',*,*,#2127,.T.);
#2194 = ORIENTED_EDGE('',*,*,#1722,.T.);
#2195 = ORIENTED_EDGE('',*,*,#2196,.T.);
#2196 = EDGE_CURVE('',#1715,#2197,#2199,.T.);
#2197 = VERTEX_POINT('',#2198);
#2198 = CARTESIAN_POINT('',(15.2,3.1,5.));
#2199 = LINE('',#2200,#2201);
#2200 = CARTESIAN_POINT('',(12.8,3.1,5.));
#2201 = VECTOR('',#2202,1.);
#2202 = DIRECTION('',(1.,1.7E-16,1.7E-16));
#2203 = ORIENTED_EDGE('',*,*,#2204,.F.);
#2204 = EDGE_CURVE('',#2165,#2197,#2205,.T.);
#2205 = LINE('',#2206,#2207);
#2206 = CARTESIAN_POINT('',(15.2,3.1,3.552713678801E-15));
#2207 = VECTOR('',#2208,1.);
#2208 = DIRECTION('',(1.7E-16,2.3E-16,1.));
#2209 = PLANE('',#2210);
#2210 = AXIS2_PLACEMENT_3D('',#2211,#2212,#2213);
#2211 = CARTESIAN_POINT('',(12.8,3.1,3.552713678801E-15));
#2212 = DIRECTION('',(1.7E-16,1.,1.1E-16));
#2213 = DIRECTION('',(1.,-1.7E-16,2.3E-16));
#2214 = ADVANCED_FACE('',(#2215),#2281,.F.);
#2215 = FACE_BOUND('',#2216,.F.);
#2216 = EDGE_LOOP('',(#2217,#2227,#2235,#2243,#2251,#2259,#2267,#2275));
#2217 = ORIENTED_EDGE('',*,*,#2218,.F.);
#2218 = EDGE_CURVE('',#2219,#2221,#2223,.T.);
#2219 = VERTEX_POINT('',#2220);
#2220 = CARTESIAN_POINT('',(12.5,2.,2.E-15));
#2221 = VERTEX_POINT('',#2222);
#2222 = CARTESIAN_POINT('',(13.15,2.,2.E-15));
#2223 = LINE('',#2224,#2225);
#2224 = CARTESIAN_POINT('',(12.5,2.,3.552713678801E-15));
#2225 = VECTOR('',#2226,1.);
#2226 = DIRECTION('',(1.,1.7E-16,1.7E-16));
#2227 = ORIENTED_EDGE('',*,*,#2228,.T.);
#2228 = EDGE_CURVE('',#2219,#2229,#2231,.T.);
#2229 = VERTEX_POINT('',#2230);
#2230 = CARTESIAN_POINT('',(12.5,2.,6.5));
#2231 = LINE('',#2232,#2233);
#2232 = CARTESIAN_POINT('',(12.5,2.,3.552713678801E-15));
#2233 = VECTOR('',#2234,1.);
#2234 = DIRECTION('',(-5.E-17,1.7E-16,1.));
#2235 = ORIENTED_EDGE('',*,*,#2236,.T.);
#2236 = EDGE_CURVE('',#2229,#2237,#2239,.T.);
#2237 = VERTEX_POINT('',#2238);
#2238 = CARTESIAN_POINT('',(15.5,2.,6.5));
#2239 = LINE('',#2240,#2241);
#2240 = CARTESIAN_POINT('',(12.5,2.,6.5));
#2241 = VECTOR('',#2242,1.);
#2242 = DIRECTION('',(1.,1.7E-16,1.7E-16));
#2243 = ORIENTED_EDGE('',*,*,#2244,.F.);
#2244 = EDGE_CURVE('',#2245,#2237,#2247,.T.);
#2245 = VERTEX_POINT('',#2246);
#2246 = CARTESIAN_POINT('',(15.5,2.,3.E-15));
#2247 = LINE('',#2248,#2249);
#2248 = CARTESIAN_POINT('',(15.5,2.,3.552713678801E-15));
#2249 = VECTOR('',#2250,1.);
#2250 = DIRECTION('',(-5.E-17,1.7E-16,1.));
#2251 = ORIENTED_EDGE('',*,*,#2252,.F.);
#2252 = EDGE_CURVE('',#2253,#2245,#2255,.T.);
#2253 = VERTEX_POINT('',#2254);
#2254 = CARTESIAN_POINT('',(14.85,2.,3.E-15));
#2255 = LINE('',#2256,#2257);
#2256 = CARTESIAN_POINT('',(12.5,2.,3.552713678801E-15));
#2257 = VECTOR('',#2258,1.);
#2258 = DIRECTION('',(1.,1.7E-16,1.7E-16));
#2259 = ORIENTED_EDGE('',*,*,#2260,.T.);
#2260 = EDGE_CURVE('',#2253,#2261,#2263,.T.);
#2261 = VERTEX_POINT('',#2262);
#2262 = CARTESIAN_POINT('',(14.85,2.,3.6));
#2263 = LINE('',#2264,#2265);
#2264 = CARTESIAN_POINT('',(14.85,2.,3.552713678801E-15));
#2265 = VECTOR('',#2266,1.);
#2266 = DIRECTION('',(1.7E-16,2.3E-16,1.));
#2267 = ORIENTED_EDGE('',*,*,#2268,.T.);
#2268 = EDGE_CURVE('',#2261,#2269,#2271,.T.);
#2269 = VERTEX_POINT('',#2270);
#2270 = CARTESIAN_POINT('',(13.15,2.,3.6));
#2271 = LINE('',#2272,#2273);
#2272 = CARTESIAN_POINT('',(14.85,2.,3.6));
#2273 = VECTOR('',#2274,1.);
#2274 = DIRECTION('',(-1.,-1.7E-16,-1.7E-16));
#2275 = ORIENTED_EDGE('',*,*,#2276,.F.);
#2276 = EDGE_CURVE('',#2221,#2269,#2277,.T.);
#2277 = LINE('',#2278,#2279);
#2278 = CARTESIAN_POINT('',(13.15,2.,3.552713678801E-15));
#2279 = VECTOR('',#2280,1.);
#2280 = DIRECTION('',(1.7E-16,2.3E-16,1.));
#2281 = PLANE('',#2282);
#2282 = AXIS2_PLACEMENT_3D('',#2283,#2284,#2285);
#2283 = CARTESIAN_POINT('',(12.5,2.,3.552713678801E-15));
#2284 = DIRECTION('',(3.9E-16,1.,1.7E-16));
#2285 = DIRECTION('',(1.,-3.9E-16,1.7E-16));
#2286 = ADVANCED_FACE('',(#2287),#2312,.F.);
#2287 = FACE_BOUND('',#2288,.F.);
#2288 = EDGE_LOOP('',(#2289,#2299,#2305,#2306));
#2289 = ORIENTED_EDGE('',*,*,#2290,.T.);
#2290 = EDGE_CURVE('',#2291,#2293,#2295,.T.);
#2291 = VERTEX_POINT('',#2292);
#2292 = CARTESIAN_POINT('',(12.5,-2.,2.E-15));
#2293 = VERTEX_POINT('',#2294);
#2294 = CARTESIAN_POINT('',(12.5,-2.,6.5));
#2295 = LINE('',#2296,#2297);
#2296 = CARTESIAN_POINT('',(12.5,-2.,3.552713678801E-15));
#2297 = VECTOR('',#2298,1.);
#2298 = DIRECTION('',(-5.E-17,1.7E-16,1.));
#2299 = ORIENTED_EDGE('',*,*,#2300,.T.);
#2300 = EDGE_CURVE('',#2293,#2229,#2301,.T.);
#2301 = LINE('',#2302,#2303);
#2302 = CARTESIAN_POINT('',(12.5,-2.,6.5));
#2303 = VECTOR('',#2304,1.);
#2304 = DIRECTION('',(1.7E-16,1.,1.7E-16));
#2305 = ORIENTED_EDGE('',*,*,#2228,.F.);
#2306 = ORIENTED_EDGE('',*,*,#2307,.F.);
#2307 = EDGE_CURVE('',#2291,#2219,#2308,.T.);
#2308 = LINE('',#2309,#2310);
#2309 = CARTESIAN_POINT('',(12.5,-2.,3.552713678801E-15));
#2310 = VECTOR('',#2311,1.);
#2311 = DIRECTION('',(1.7E-16,1.,1.7E-16));
#2312 = PLANE('',#2313);
#2313 = AXIS2_PLACEMENT_3D('',#2314,#2315,#2316);
#2314 = CARTESIAN_POINT('',(12.5,-2.,3.552713678801E-15));
#2315 = DIRECTION('',(-1.,-1.7E-16,-3.9E-16));
#2316 = DIRECTION('',(-1.7E-16,1.,-5.E-17));
#2317 = ADVANCED_FACE('',(#2318),#2343,.F.);
#2318 = FACE_BOUND('',#2319,.F.);
#2319 = EDGE_LOOP('',(#2320,#2321,#2329,#2337));
#2320 = ORIENTED_EDGE('',*,*,#2276,.T.);
#2321 = ORIENTED_EDGE('',*,*,#2322,.T.);
#2322 = EDGE_CURVE('',#2269,#2323,#2325,.T.);
#2323 = VERTEX_POINT('',#2324);
#2324 = CARTESIAN_POINT('',(13.15,2.5,3.6));
#2325 = LINE('',#2326,#2327);
#2326 = CARTESIAN_POINT('',(13.15,2.,3.6));
#2327 = VECTOR('',#2328,1.);
#2328 = DIRECTION('',(1.7E-16,1.,1.7E-16));
#2329 = ORIENTED_EDGE('',*,*,#2330,.F.);
#2330 = EDGE_CURVE('',#2331,#2323,#2333,.T.);
#2331 = VERTEX_POINT('',#2332);
#2332 = CARTESIAN_POINT('',(13.15,2.5,2.E-15));
#2333 = LINE('',#2334,#2335);
#2334 = CARTESIAN_POINT('',(13.15,2.5,3.552713678801E-15));
#2335 = VECTOR('',#2336,1.);
#2336 = DIRECTION('',(1.7E-16,2.3E-16,1.));
#2337 = ORIENTED_EDGE('',*,*,#2338,.F.);
#2338 = EDGE_CURVE('',#2221,#2331,#2339,.T.);
#2339 = LINE('',#2340,#2341);
#2340 = CARTESIAN_POINT('',(13.15,2.,3.552713678801E-15));
#2341 = VECTOR('',#2342,1.);
#2342 = DIRECTION('',(1.7E-16,1.,1.7E-16));
#2343 = PLANE('',#2344);
#2344 = AXIS2_PLACEMENT_3D('',#2345,#2346,#2347);
#2345 = CARTESIAN_POINT('',(13.15,2.,3.552713678801E-15));
#2346 = DIRECTION('',(-1.,-1.1E-16,-1.7E-16));
#2347 = DIRECTION('',(-1.1E-16,1.,1.7E-16));
#2348 = ADVANCED_FACE('',(#2349),#2406,.F.);
#2349 = FACE_BOUND('',#2350,.F.);
#2350 = EDGE_LOOP('',(#2351,#2361,#2369,#2375,#2376,#2384,#2392,#2400));
#2351 = ORIENTED_EDGE('',*,*,#2352,.F.);
#2352 = EDGE_CURVE('',#2353,#2355,#2357,.T.);
#2353 = VERTEX_POINT('',#2354);
#2354 = CARTESIAN_POINT('',(15.5,-2.,2.E-15));
#2355 = VERTEX_POINT('',#2356);
#2356 = CARTESIAN_POINT('',(15.,-2.,2.E-15));
#2357 = LINE('',#2358,#2359);
#2358 = CARTESIAN_POINT('',(15.5,-2.,3.552713678801E-15));
#2359 = VECTOR('',#2360,1.);
#2360 = DIRECTION('',(-1.,-1.7E-16,-1.7E-16));
#2361 = ORIENTED_EDGE('',*,*,#2362,.T.);
#2362 = EDGE_CURVE('',#2353,#2363,#2365,.T.);
#2363 = VERTEX_POINT('',#2364);
#2364 = CARTESIAN_POINT('',(15.5,-2.,6.5));
#2365 = LINE('',#2366,#2367);
#2366 = CARTESIAN_POINT('',(15.5,-2.,3.552713678801E-15));
#2367 = VECTOR('',#2368,1.);
#2368 = DIRECTION('',(-5.E-17,1.7E-16,1.));
#2369 = ORIENTED_EDGE('',*,*,#2370,.T.);
#2370 = EDGE_CURVE('',#2363,#2293,#2371,.T.);
#2371 = LINE('',#2372,#2373);
#2372 = CARTESIAN_POINT('',(15.5,-2.,6.5));
#2373 = VECTOR('',#2374,1.);
#2374 = DIRECTION('',(-1.,-1.7E-16,-1.7E-16));
#2375 = ORIENTED_EDGE('',*,*,#2290,.F.);
#2376 = ORIENTED_EDGE('',*,*,#2377,.F.);
#2377 = EDGE_CURVE('',#2378,#2291,#2380,.T.);
#2378 = VERTEX_POINT('',#2379);
#2379 = CARTESIAN_POINT('',(13.,-2.,2.E-15));
#2380 = LINE('',#2381,#2382);
#2381 = CARTESIAN_POINT('',(15.5,-2.,3.552713678801E-15));
#2382 = VECTOR('',#2383,1.);
#2383 = DIRECTION('',(-1.,-1.7E-16,-1.7E-16));
#2384 = ORIENTED_EDGE('',*,*,#2385,.T.);
#2385 = EDGE_CURVE('',#2378,#2386,#2388,.T.);
#2386 = VERTEX_POINT('',#2387);
#2387 = CARTESIAN_POINT('',(13.,-2.,3.6));
#2388 = LINE('',#2389,#2390);
#2389 = CARTESIAN_POINT('',(13.,-2.,3.552713678801E-15));
#2390 = VECTOR('',#2391,1.);
#2391 = DIRECTION('',(-5.E-17,1.7E-16,1.));
#2392 = ORIENTED_EDGE('',*,*,#2393,.T.);
#2393 = EDGE_CURVE('',#2386,#2394,#2396,.T.);
#2394 = VERTEX_POINT('',#2395);
#2395 = CARTESIAN_POINT('',(15.,-2.,3.6));
#2396 = LINE('',#2397,#2398);
#2397 = CARTESIAN_POINT('',(13.,-2.,3.6));
#2398 = VECTOR('',#2399,1.);
#2399 = DIRECTION('',(1.,1.7E-16,1.7E-16));
#2400 = ORIENTED_EDGE('',*,*,#2401,.F.);
#2401 = EDGE_CURVE('',#2355,#2394,#2402,.T.);
#2402 = LINE('',#2403,#2404);
#2403 = CARTESIAN_POINT('',(15.,-2.,3.552713678801E-15));
#2404 = VECTOR('',#2405,1.);
#2405 = DIRECTION('',(-5.E-17,1.7E-16,1.));
#2406 = PLANE('',#2407);
#2407 = AXIS2_PLACEMENT_3D('',#2408,#2409,#2410);
#2408 = CARTESIAN_POINT('',(15.5,-2.,3.552713678801E-15));
#2409 = DIRECTION('',(-3.9E-16,-1.,-1.7E-16));
#2410 = DIRECTION('',(-1.,3.9E-16,-1.7E-16));
#2411 = ADVANCED_FACE('',(#2412),#2469,.F.);
#2412 = FACE_BOUND('',#2413,.F.);
#2413 = EDGE_LOOP('',(#2414,#2424,#2432,#2440,#2448,#2454,#2455,#2463));
#2414 = ORIENTED_EDGE('',*,*,#2415,.F.);
#2415 = EDGE_CURVE('',#2416,#2418,#2420,.T.);
#2416 = VERTEX_POINT('',#2417);
#2417 = CARTESIAN_POINT('',(15.2,2.5,3.E-15));
#2418 = VERTEX_POINT('',#2419);
#2419 = CARTESIAN_POINT('',(14.85,2.5,3.E-15));
#2420 = LINE('',#2421,#2422);
#2421 = CARTESIAN_POINT('',(15.2,2.5,3.552713678801E-15));
#2422 = VECTOR('',#2423,1.);
#2423 = DIRECTION('',(-1.,-1.7E-16,-1.7E-16));
#2424 = ORIENTED_EDGE('',*,*,#2425,.T.);
#2425 = EDGE_CURVE('',#2416,#2426,#2428,.T.);
#2426 = VERTEX_POINT('',#2427);
#2427 = CARTESIAN_POINT('',(15.2,2.5,5.));
#2428 = LINE('',#2429,#2430);
#2429 = CARTESIAN_POINT('',(15.2,2.5,3.552713678801E-15));
#2430 = VECTOR('',#2431,1.);
#2431 = DIRECTION('',(1.7E-16,2.3E-16,1.));
#2432 = ORIENTED_EDGE('',*,*,#2433,.T.);
#2433 = EDGE_CURVE('',#2426,#2434,#2436,.T.);
#2434 = VERTEX_POINT('',#2435);
#2435 = CARTESIAN_POINT('',(12.8,2.5,5.));
#2436 = LINE('',#2437,#2438);
#2437 = CARTESIAN_POINT('',(15.2,2.5,5.));
#2438 = VECTOR('',#2439,1.);
#2439 = DIRECTION('',(-1.,-1.7E-16,-1.7E-16));
#2440 = ORIENTED_EDGE('',*,*,#2441,.F.);
#2441 = EDGE_CURVE('',#2442,#2434,#2444,.T.);
#2442 = VERTEX_POINT('',#2443);
#2443 = CARTESIAN_POINT('',(12.8,2.5,2.E-15));
#2444 = LINE('',#2445,#2446);
#2445 = CARTESIAN_POINT('',(12.8,2.5,3.552713678801E-15));
#2446 = VECTOR('',#2447,1.);
#2447 = DIRECTION('',(1.7E-16,2.3E-16,1.));
#2448 = ORIENTED_EDGE('',*,*,#2449,.F.);
#2449 = EDGE_CURVE('',#2331,#2442,#2450,.T.);
#2450 = LINE('',#2451,#2452);
#2451 = CARTESIAN_POINT('',(15.2,2.5,3.552713678801E-15));
#2452 = VECTOR('',#2453,1.);
#2453 = DIRECTION('',(-1.,-1.7E-16,-1.7E-16));
#2454 = ORIENTED_EDGE('',*,*,#2330,.T.);
#2455 = ORIENTED_EDGE('',*,*,#2456,.T.);
#2456 = EDGE_CURVE('',#2323,#2457,#2459,.T.);
#2457 = VERTEX_POINT('',#2458);
#2458 = CARTESIAN_POINT('',(14.85,2.5,3.6));
#2459 = LINE('',#2460,#2461);
#2460 = CARTESIAN_POINT('',(13.15,2.5,3.6));
#2461 = VECTOR('',#2462,1.);
#2462 = DIRECTION('',(1.,1.7E-16,1.7E-16));
#2463 = ORIENTED_EDGE('',*,*,#2464,.F.);
#2464 = EDGE_CURVE('',#2418,#2457,#2465,.T.);
#2465 = LINE('',#2466,#2467);
#2466 = CARTESIAN_POINT('',(14.85,2.5,3.552713678801E-15));
#2467 = VECTOR('',#2468,1.);
#2468 = DIRECTION('',(1.7E-16,2.3E-16,1.));
#2469 = PLANE('',#2470);
#2470 = AXIS2_PLACEMENT_3D('',#2471,#2472,#2473);
#2471 = CARTESIAN_POINT('',(15.2,2.5,3.552713678801E-15));
#2472 = DIRECTION('',(-1.7E-16,-1.,-1.1E-16));
#2473 = DIRECTION('',(-1.,1.7E-16,-2.3E-16));
#2474 = ADVANCED_FACE('',(#2475),#2500,.F.);
#2475 = FACE_BOUND('',#2476,.F.);
#2476 = EDGE_LOOP('',(#2477,#2487,#2493,#2494));
#2477 = ORIENTED_EDGE('',*,*,#2478,.T.);
#2478 = EDGE_CURVE('',#2479,#2481,#2483,.T.);
#2479 = VERTEX_POINT('',#2480);
#2480 = CARTESIAN_POINT('',(13.,-2.6,2.E-15));
#2481 = VERTEX_POINT('',#2482);
#2482 = CARTESIAN_POINT('',(13.,-2.6,3.6));
#2483 = LINE('',#2484,#2485);
#2484 = CARTESIAN_POINT('',(13.,-2.6,3.552713678801E-15));
#2485 = VECTOR('',#2486,1.);
#2486 = DIRECTION('',(-5.E-17,1.7E-16,1.));
#2487 = ORIENTED_EDGE('',*,*,#2488,.T.);
#2488 = EDGE_CURVE('',#2481,#2386,#2489,.T.);
#2489 = LINE('',#2490,#2491);
#2490 = CARTESIAN_POINT('',(13.,-2.6,3.6));
#2491 = VECTOR('',#2492,1.);
#2492 = DIRECTION('',(1.7E-16,1.,1.7E-16));
#2493 = ORIENTED_EDGE('',*,*,#2385,.F.);
#2494 = ORIENTED_EDGE('',*,*,#2495,.F.);
#2495 = EDGE_CURVE('',#2479,#2378,#2496,.T.);
#2496 = LINE('',#2497,#2498);
#2497 = CARTESIAN_POINT('',(13.,-2.6,3.552713678801E-15));
#2498 = VECTOR('',#2499,1.);
#2499 = DIRECTION('',(1.7E-16,1.,1.7E-16));
#2500 = PLANE('',#2501);
#2501 = AXIS2_PLACEMENT_3D('',#2502,#2503,#2504);
#2502 = CARTESIAN_POINT('',(13.,-2.6,3.552713678801E-15));
#2503 = DIRECTION('',(-1.,-1.7E-16,-3.9E-16));
#2504 = DIRECTION('',(-1.7E-16,1.,-5.E-17));
#2505 = ADVANCED_FACE('',(#2506),#2522,.F.);
#2506 = FACE_BOUND('',#2507,.F.);
#2507 = EDGE_LOOP('',(#2508,#2509,#2515,#2516));
#2508 = ORIENTED_EDGE('',*,*,#2441,.T.);
#2509 = ORIENTED_EDGE('',*,*,#2510,.T.);
#2510 = EDGE_CURVE('',#2434,#2173,#2511,.T.);
#2511 = LINE('',#2512,#2513);
#2512 = CARTESIAN_POINT('',(12.8,2.5,5.));
#2513 = VECTOR('',#2514,1.);
#2514 = DIRECTION('',(1.7E-16,1.,1.7E-16));
#2515 = ORIENTED_EDGE('',*,*,#2172,.F.);
#2516 = ORIENTED_EDGE('',*,*,#2517,.F.);
#2517 = EDGE_CURVE('',#2442,#2163,#2518,.T.);
#2518 = LINE('',#2519,#2520);
#2519 = CARTESIAN_POINT('',(12.8,2.5,3.552713678801E-15));
#2520 = VECTOR('',#2521,1.);
#2521 = DIRECTION('',(1.7E-16,1.,1.7E-16));
#2522 = PLANE('',#2523);
#2523 = AXIS2_PLACEMENT_3D('',#2524,#2525,#2526);
#2524 = CARTESIAN_POINT('',(12.8,2.5,3.552713678801E-15));
#2525 = DIRECTION('',(-1.,-1.1E-16,-1.7E-16));
#2526 = DIRECTION('',(-1.1E-16,1.,1.7E-16));
#2527 = ADVANCED_FACE('',(#2528,#2553),#2587,.F.);
#2528 = FACE_BOUND('',#2529,.F.);
#2529 = EDGE_LOOP('',(#2530,#2540,#2546,#2547));
#2530 = ORIENTED_EDGE('',*,*,#2531,.T.);
#2531 = EDGE_CURVE('',#2532,#2534,#2536,.T.);
#2532 = VERTEX_POINT('',#2533);
#2533 = CARTESIAN_POINT('',(15.,-2.6,2.E-15));
#2534 = VERTEX_POINT('',#2535);
#2535 = CARTESIAN_POINT('',(15.,-2.6,3.6));
#2536 = LINE('',#2537,#2538);
#2537 = CARTESIAN_POINT('',(15.,-2.6,3.552713678801E-15));
#2538 = VECTOR('',#2539,1.);
#2539 = DIRECTION('',(-5.E-17,1.7E-16,1.));
#2540 = ORIENTED_EDGE('',*,*,#2541,.T.);
#2541 = EDGE_CURVE('',#2534,#2481,#2542,.T.);
#2542 = LINE('',#2543,#2544);
#2543 = CARTESIAN_POINT('',(15.,-2.6,3.6));
#2544 = VECTOR('',#2545,1.);
#2545 = DIRECTION('',(-1.,-1.7E-16,-1.7E-16));
#2546 = ORIENTED_EDGE('',*,*,#2478,.F.);
#2547 = ORIENTED_EDGE('',*,*,#2548,.F.);
#2548 = EDGE_CURVE('',#2532,#2479,#2549,.T.);
#2549 = LINE('',#2550,#2551);
#2550 = CARTESIAN_POINT('',(15.,-2.6,3.552713678801E-15));
#2551 = VECTOR('',#2552,1.);
#2552 = DIRECTION('',(-1.,-1.7E-16,-1.7E-16));
#2553 = FACE_BOUND('',#2554,.F.);
#2554 = EDGE_LOOP('',(#2555,#2565,#2573,#2581));
#2555 = ORIENTED_EDGE('',*,*,#2556,.T.);
#2556 = EDGE_CURVE('',#2557,#2559,#2561,.T.);
#2557 = VERTEX_POINT('',#2558);
#2558 = CARTESIAN_POINT('',(14.85,-2.6,1.45));
#2559 = VERTEX_POINT('',#2560);
#2560 = CARTESIAN_POINT('',(13.15,-2.6,1.45));
#2561 = LINE('',#2562,#2563);
#2562 = CARTESIAN_POINT('',(14.85,-2.6,1.45));
#2563 = VECTOR('',#2564,1.);
#2564 = DIRECTION('',(-1.,-1.7E-16,-1.7E-16));
#2565 = ORIENTED_EDGE('',*,*,#2566,.T.);
#2566 = EDGE_CURVE('',#2559,#2567,#2569,.T.);
#2567 = VERTEX_POINT('',#2568);
#2568 = CARTESIAN_POINT('',(13.15,-2.6,3.15));
#2569 = LINE('',#2570,#2571);
#2570 = CARTESIAN_POINT('',(13.15,-2.6,1.45));
#2571 = VECTOR('',#2572,1.);
#2572 = DIRECTION('',(1.7E-16,1.7E-16,1.));
#2573 = ORIENTED_EDGE('',*,*,#2574,.T.);
#2574 = EDGE_CURVE('',#2567,#2575,#2577,.T.);
#2575 = VERTEX_POINT('',#2576);
#2576 = CARTESIAN_POINT('',(14.85,-2.6,3.15));
#2577 = LINE('',#2578,#2579);
#2578 = CARTESIAN_POINT('',(13.15,-2.6,3.15));
#2579 = VECTOR('',#2580,1.);
#2580 = DIRECTION('',(1.,1.7E-16,1.7E-16));
#2581 = ORIENTED_EDGE('',*,*,#2582,.T.);
#2582 = EDGE_CURVE('',#2575,#2557,#2583,.T.);
#2583 = LINE('',#2584,#2585);
#2584 = CARTESIAN_POINT('',(14.85,-2.6,3.15));
#2585 = VECTOR('',#2586,1.);
#2586 = DIRECTION('',(-1.7E-16,-1.7E-16,-1.));
#2587 = PLANE('',#2588);
#2588 = AXIS2_PLACEMENT_3D('',#2589,#2590,#2591);
#2589 = CARTESIAN_POINT('',(15.,-2.6,3.552713678801E-15));
#2590 = DIRECTION('',(-3.9E-16,-1.,-1.7E-16));
#2591 = DIRECTION('',(-1.,3.9E-16,-1.7E-16));
#2592 = ADVANCED_FACE('',(#2593),#2609,.F.);
#2593 = FACE_BOUND('',#2594,.F.);
#2594 = EDGE_LOOP('',(#2595,#2596,#2602,#2603));
#2595 = ORIENTED_EDGE('',*,*,#2401,.T.);
#2596 = ORIENTED_EDGE('',*,*,#2597,.T.);
#2597 = EDGE_CURVE('',#2394,#2534,#2598,.T.);
#2598 = LINE('',#2599,#2600);
#2599 = CARTESIAN_POINT('',(15.,-2.,3.6));
#2600 = VECTOR('',#2601,1.);
#2601 = DIRECTION('',(-1.7E-16,-1.,-1.7E-16));
#2602 = ORIENTED_EDGE('',*,*,#2531,.F.);
#2603 = ORIENTED_EDGE('',*,*,#2604,.F.);
#2604 = EDGE_CURVE('',#2355,#2532,#2605,.T.);
#2605 = LINE('',#2606,#2607);
#2606 = CARTESIAN_POINT('',(15.,-2.,3.552713678801E-15));
#2607 = VECTOR('',#2608,1.);
#2608 = DIRECTION('',(-1.7E-16,-1.,-1.7E-16));
#2609 = PLANE('',#2610);
#2610 = AXIS2_PLACEMENT_3D('',#2611,#2612,#2613);
#2611 = CARTESIAN_POINT('',(15.,-2.,3.552713678801E-15));
#2612 = DIRECTION('',(1.,1.7E-16,3.9E-16));
#2613 = DIRECTION('',(1.7E-16,-1.,5.E-17));
#2614 = ADVANCED_FACE('',(#2615),#2631,.F.);
#2615 = FACE_BOUND('',#2616,.F.);
#2616 = EDGE_LOOP('',(#2617,#2618,#2624,#2625));
#2617 = ORIENTED_EDGE('',*,*,#2204,.T.);
#2618 = ORIENTED_EDGE('',*,*,#2619,.T.);
#2619 = EDGE_CURVE('',#2197,#2426,#2620,.T.);
#2620 = LINE('',#2621,#2622);
#2621 = CARTESIAN_POINT('',(15.2,3.1,5.));
#2622 = VECTOR('',#2623,1.);
#2623 = DIRECTION('',(-1.7E-16,-1.,-1.7E-16));
#2624 = ORIENTED_EDGE('',*,*,#2425,.F.);
#2625 = ORIENTED_EDGE('',*,*,#2626,.F.);
#2626 = EDGE_CURVE('',#2165,#2416,#2627,.T.);
#2627 = LINE('',#2628,#2629);
#2628 = CARTESIAN_POINT('',(15.2,3.1,3.552713678801E-15));
#2629 = VECTOR('',#2630,1.);
#2630 = DIRECTION('',(-1.7E-16,-1.,-1.7E-16));
#2631 = PLANE('',#2632);
#2632 = AXIS2_PLACEMENT_3D('',#2633,#2634,#2635);
#2633 = CARTESIAN_POINT('',(15.2,3.1,3.552713678801E-15));
#2634 = DIRECTION('',(1.,1.1E-16,1.7E-16));
#2635 = DIRECTION('',(1.1E-16,-1.,-1.7E-16));
#2636 = ADVANCED_FACE('',(#2637),#2653,.F.);
#2637 = FACE_BOUND('',#2638,.F.);
#2638 = EDGE_LOOP('',(#2639,#2640,#2646,#2647));
#2639 = ORIENTED_EDGE('',*,*,#2244,.T.);
#2640 = ORIENTED_EDGE('',*,*,#2641,.T.);
#2641 = EDGE_CURVE('',#2237,#2363,#2642,.T.);
#2642 = LINE('',#2643,#2644);
#2643 = CARTESIAN_POINT('',(15.5,2.,6.5));
#2644 = VECTOR('',#2645,1.);
#2645 = DIRECTION('',(-1.7E-16,-1.,-1.7E-16));
#2646 = ORIENTED_EDGE('',*,*,#2362,.F.);
#2647 = ORIENTED_EDGE('',*,*,#2648,.F.);
#2648 = EDGE_CURVE('',#2245,#2353,#2649,.T.);
#2649 = LINE('',#2650,#2651);
#2650 = CARTESIAN_POINT('',(15.5,2.,3.552713678801E-15));
#2651 = VECTOR('',#2652,1.);
#2652 = DIRECTION('',(-1.7E-16,-1.,-1.7E-16));
#2653 = PLANE('',#2654);
#2654 = AXIS2_PLACEMENT_3D('',#2655,#2656,#2657);
#2655 = CARTESIAN_POINT('',(15.5,2.,3.552713678801E-15));
#2656 = DIRECTION('',(1.,1.7E-16,3.9E-16));
#2657 = DIRECTION('',(1.7E-16,-1.,5.E-17));
#2658 = ADVANCED_FACE('',(#2659),#2675,.F.);
#2659 = FACE_BOUND('',#2660,.F.);
#2660 = EDGE_LOOP('',(#2661,#2662,#2668,#2669));
#2661 = ORIENTED_EDGE('',*,*,#2464,.T.);
#2662 = ORIENTED_EDGE('',*,*,#2663,.T.);
#2663 = EDGE_CURVE('',#2457,#2261,#2664,.T.);
#2664 = LINE('',#2665,#2666);
#2665 = CARTESIAN_POINT('',(14.85,2.5,3.6));
#2666 = VECTOR('',#2667,1.);
#2667 = DIRECTION('',(-1.7E-16,-1.,-1.7E-16));
#2668 = ORIENTED_EDGE('',*,*,#2260,.F.);
#2669 = ORIENTED_EDGE('',*,*,#2670,.F.);
#2670 = EDGE_CURVE('',#2418,#2253,#2671,.T.);
#2671 = LINE('',#2672,#2673);
#2672 = CARTESIAN_POINT('',(14.85,2.5,3.552713678801E-15));
#2673 = VECTOR('',#2674,1.);
#2674 = DIRECTION('',(-1.7E-16,-1.,-1.7E-16));
#2675 = PLANE('',#2676);
#2676 = AXIS2_PLACEMENT_3D('',#2677,#2678,#2679);
#2677 = CARTESIAN_POINT('',(14.85,2.5,3.552713678801E-15));
#2678 = DIRECTION('',(1.,1.1E-16,1.7E-16));
#2679 = DIRECTION('',(1.1E-16,-1.,-1.7E-16));
#2680 = ADVANCED_FACE('',(#2681),#2738,.F.);
#2681 = FACE_BOUND('',#2682,.F.);
#2682 = EDGE_LOOP('',(#2683,#2693,#2701,#2709,#2715,#2716,#2724,#2732));
#2683 = ORIENTED_EDGE('',*,*,#2684,.F.);
#2684 = EDGE_CURVE('',#2685,#2687,#2689,.T.);
#2685 = VERTEX_POINT('',#2686);
#2686 = CARTESIAN_POINT('',(9.3,3.1,2.E-15));
#2687 = VERTEX_POINT('',#2688);
#2688 = CARTESIAN_POINT('',(11.7,3.1,2.E-15));
#2689 = LINE('',#2690,#2691);
#2690 = CARTESIAN_POINT('',(9.3,3.1,1.7763568394E-15));
#2691 = VECTOR('',#2692,1.);
#2692 = DIRECTION('',(1.,1.7E-16,1.7E-16));
#2693 = ORIENTED_EDGE('',*,*,#2694,.T.);
#2694 = EDGE_CURVE('',#2685,#2695,#2697,.T.);
#2695 = VERTEX_POINT('',#2696);
#2696 = CARTESIAN_POINT('',(9.3,3.1,5.));
#2697 = LINE('',#2698,#2699);
#2698 = CARTESIAN_POINT('',(9.3,3.1,1.7763568394E-15));
#2699 = VECTOR('',#2700,1.);
#2700 = DIRECTION('',(1.7E-16,2.3E-16,1.));
#2701 = ORIENTED_EDGE('',*,*,#2702,.T.);
#2702 = EDGE_CURVE('',#2695,#2703,#2705,.T.);
#2703 = VERTEX_POINT('',#2704);
#2704 = CARTESIAN_POINT('',(9.675,3.1,5.));
#2705 = LINE('',#2706,#2707);
#2706 = CARTESIAN_POINT('',(9.3,3.1,5.));
#2707 = VECTOR('',#2708,1.);
#2708 = DIRECTION('',(1.,1.7E-16,1.7E-16));
#2709 = ORIENTED_EDGE('',*,*,#2710,.F.);
#2710 = EDGE_CURVE('',#2037,#2703,#2711,.T.);
#2711 = LINE('',#2712,#2713);
#2712 = CARTESIAN_POINT('',(9.675,3.1,1.2));
#2713 = VECTOR('',#2714,1.);
#2714 = DIRECTION('',(1.7E-16,2.3E-16,1.));
#2715 = ORIENTED_EDGE('',*,*,#2044,.T.);
#2716 = ORIENTED_EDGE('',*,*,#2717,.T.);
#2717 = EDGE_CURVE('',#2045,#2718,#2720,.T.);
#2718 = VERTEX_POINT('',#2719);
#2719 = CARTESIAN_POINT('',(11.325,3.1,5.));
#2720 = LINE('',#2721,#2722);
#2721 = CARTESIAN_POINT('',(11.325,3.1,1.2));
#2722 = VECTOR('',#2723,1.);
#2723 = DIRECTION('',(1.7E-16,2.3E-16,1.));
#2724 = ORIENTED_EDGE('',*,*,#2725,.T.);
#2725 = EDGE_CURVE('',#2718,#2726,#2728,.T.);
#2726 = VERTEX_POINT('',#2727);
#2727 = CARTESIAN_POINT('',(11.7,3.1,5.));
#2728 = LINE('',#2729,#2730);
#2729 = CARTESIAN_POINT('',(9.3,3.1,5.));
#2730 = VECTOR('',#2731,1.);
#2731 = DIRECTION('',(1.,1.7E-16,1.7E-16));
#2732 = ORIENTED_EDGE('',*,*,#2733,.F.);
#2733 = EDGE_CURVE('',#2687,#2726,#2734,.T.);
#2734 = LINE('',#2735,#2736);
#2735 = CARTESIAN_POINT('',(11.7,3.1,1.7763568394E-15));
#2736 = VECTOR('',#2737,1.);
#2737 = DIRECTION('',(1.7E-16,2.3E-16,1.));
#2738 = PLANE('',#2739);
#2739 = AXIS2_PLACEMENT_3D('',#2740,#2741,#2742);
#2740 = CARTESIAN_POINT('',(9.3,3.1,1.7763568394E-15));
#2741 = DIRECTION('',(1.7E-16,1.,1.1E-16));
#2742 = DIRECTION('',(1.,-1.7E-16,2.3E-16));
#2743 = ADVANCED_FACE('',(#2744),#2810,.F.);
#2744 = FACE_BOUND('',#2745,.F.);
#2745 = EDGE_LOOP('',(#2746,#2756,#2764,#2772,#2780,#2788,#2796,#2804));
#2746 = ORIENTED_EDGE('',*,*,#2747,.F.);
#2747 = EDGE_CURVE('',#2748,#2750,#2752,.T.);
#2748 = VERTEX_POINT('',#2749);
#2749 = CARTESIAN_POINT('',(9.,2.,2.E-15));
#2750 = VERTEX_POINT('',#2751);
#2751 = CARTESIAN_POINT('',(9.65,2.,2.E-15));
#2752 = LINE('',#2753,#2754);
#2753 = CARTESIAN_POINT('',(9.,2.,1.7763568394E-15));
#2754 = VECTOR('',#2755,1.);
#2755 = DIRECTION('',(1.,1.7E-16,1.7E-16));
#2756 = ORIENTED_EDGE('',*,*,#2757,.T.);
#2757 = EDGE_CURVE('',#2748,#2758,#2760,.T.);
#2758 = VERTEX_POINT('',#2759);
#2759 = CARTESIAN_POINT('',(9.,2.,6.5));
#2760 = LINE('',#2761,#2762);
#2761 = CARTESIAN_POINT('',(9.,2.,1.7763568394E-15));
#2762 = VECTOR('',#2763,1.);
#2763 = DIRECTION('',(-5.E-17,1.7E-16,1.));
#2764 = ORIENTED_EDGE('',*,*,#2765,.T.);
#2765 = EDGE_CURVE('',#2758,#2766,#2768,.T.);
#2766 = VERTEX_POINT('',#2767);
#2767 = CARTESIAN_POINT('',(12.,2.,6.5));
#2768 = LINE('',#2769,#2770);
#2769 = CARTESIAN_POINT('',(9.,2.,6.5));
#2770 = VECTOR('',#2771,1.);
#2771 = DIRECTION('',(1.,1.7E-16,1.7E-16));
#2772 = ORIENTED_EDGE('',*,*,#2773,.F.);
#2773 = EDGE_CURVE('',#2774,#2766,#2776,.T.);
#2774 = VERTEX_POINT('',#2775);
#2775 = CARTESIAN_POINT('',(12.,2.,2.E-15));
#2776 = LINE('',#2777,#2778);
#2777 = CARTESIAN_POINT('',(12.,2.,1.7763568394E-15));
#2778 = VECTOR('',#2779,1.);
#2779 = DIRECTION('',(-5.E-17,1.7E-16,1.));
#2780 = ORIENTED_EDGE('',*,*,#2781,.F.);
#2781 = EDGE_CURVE('',#2782,#2774,#2784,.T.);
#2782 = VERTEX_POINT('',#2783);
#2783 = CARTESIAN_POINT('',(11.35,2.,2.E-15));
#2784 = LINE('',#2785,#2786);
#2785 = CARTESIAN_POINT('',(9.,2.,1.7763568394E-15));
#2786 = VECTOR('',#2787,1.);
#2787 = DIRECTION('',(1.,1.7E-16,1.7E-16));
#2788 = ORIENTED_EDGE('',*,*,#2789,.T.);
#2789 = EDGE_CURVE('',#2782,#2790,#2792,.T.);
#2790 = VERTEX_POINT('',#2791);
#2791 = CARTESIAN_POINT('',(11.35,2.,3.6));
#2792 = LINE('',#2793,#2794);
#2793 = CARTESIAN_POINT('',(11.35,2.,1.7763568394E-15));
#2794 = VECTOR('',#2795,1.);
#2795 = DIRECTION('',(1.7E-16,2.3E-16,1.));
#2796 = ORIENTED_EDGE('',*,*,#2797,.T.);
#2797 = EDGE_CURVE('',#2790,#2798,#2800,.T.);
#2798 = VERTEX_POINT('',#2799);
#2799 = CARTESIAN_POINT('',(9.65,2.,3.6));
#2800 = LINE('',#2801,#2802);
#2801 = CARTESIAN_POINT('',(11.35,2.,3.6));
#2802 = VECTOR('',#2803,1.);
#2803 = DIRECTION('',(-1.,-1.7E-16,-1.7E-16));
#2804 = ORIENTED_EDGE('',*,*,#2805,.F.);
#2805 = EDGE_CURVE('',#2750,#2798,#2806,.T.);
#2806 = LINE('',#2807,#2808);
#2807 = CARTESIAN_POINT('',(9.65,2.,1.7763568394E-15));
#2808 = VECTOR('',#2809,1.);
#2809 = DIRECTION('',(1.7E-16,2.3E-16,1.));
#2810 = PLANE('',#2811);
#2811 = AXIS2_PLACEMENT_3D('',#2812,#2813,#2814);
#2812 = CARTESIAN_POINT('',(9.,2.,1.7763568394E-15));
#2813 = DIRECTION('',(3.9E-16,1.,1.7E-16));
#2814 = DIRECTION('',(1.,-3.9E-16,1.7E-16));
#2815 = ADVANCED_FACE('',(#2816),#2841,.F.);
#2816 = FACE_BOUND('',#2817,.F.);
#2817 = EDGE_LOOP('',(#2818,#2828,#2834,#2835));
#2818 = ORIENTED_EDGE('',*,*,#2819,.T.);
#2819 = EDGE_CURVE('',#2820,#2822,#2824,.T.);
#2820 = VERTEX_POINT('',#2821);
#2821 = CARTESIAN_POINT('',(9.,-2.,1.E-15));
#2822 = VERTEX_POINT('',#2823);
#2823 = CARTESIAN_POINT('',(9.,-2.,6.5));
#2824 = LINE('',#2825,#2826);
#2825 = CARTESIAN_POINT('',(9.,-2.,1.7763568394E-15));
#2826 = VECTOR('',#2827,1.);
#2827 = DIRECTION('',(-5.E-17,1.7E-16,1.));
#2828 = ORIENTED_EDGE('',*,*,#2829,.T.);
#2829 = EDGE_CURVE('',#2822,#2758,#2830,.T.);
#2830 = LINE('',#2831,#2832);
#2831 = CARTESIAN_POINT('',(9.,-2.,6.5));
#2832 = VECTOR('',#2833,1.);
#2833 = DIRECTION('',(1.7E-16,1.,1.7E-16));
#2834 = ORIENTED_EDGE('',*,*,#2757,.F.);
#2835 = ORIENTED_EDGE('',*,*,#2836,.F.);
#2836 = EDGE_CURVE('',#2820,#2748,#2837,.T.);
#2837 = LINE('',#2838,#2839);
#2838 = CARTESIAN_POINT('',(9.,-2.,1.7763568394E-15));
#2839 = VECTOR('',#2840,1.);
#2840 = DIRECTION('',(1.7E-16,1.,1.7E-16));
#2841 = PLANE('',#2842);
#2842 = AXIS2_PLACEMENT_3D('',#2843,#2844,#2845);
#2843 = CARTESIAN_POINT('',(9.,-2.,1.7763568394E-15));
#2844 = DIRECTION('',(-1.,-1.7E-16,-3.9E-16));
#2845 = DIRECTION('',(-1.7E-16,1.,-5.E-17));
#2846 = ADVANCED_FACE('',(#2847),#2872,.F.);
#2847 = FACE_BOUND('',#2848,.F.);
#2848 = EDGE_LOOP('',(#2849,#2850,#2858,#2866));
#2849 = ORIENTED_EDGE('',*,*,#2805,.T.);
#2850 = ORIENTED_EDGE('',*,*,#2851,.T.);
#2851 = EDGE_CURVE('',#2798,#2852,#2854,.T.);
#2852 = VERTEX_POINT('',#2853);
#2853 = CARTESIAN_POINT('',(9.65,2.5,3.6));
#2854 = LINE('',#2855,#2856);
#2855 = CARTESIAN_POINT('',(9.65,2.,3.6));
#2856 = VECTOR('',#2857,1.);
#2857 = DIRECTION('',(1.7E-16,1.,1.7E-16));
#2858 = ORIENTED_EDGE('',*,*,#2859,.F.);
#2859 = EDGE_CURVE('',#2860,#2852,#2862,.T.);
#2860 = VERTEX_POINT('',#2861);
#2861 = CARTESIAN_POINT('',(9.65,2.5,2.E-15));
#2862 = LINE('',#2863,#2864);
#2863 = CARTESIAN_POINT('',(9.65,2.5,1.7763568394E-15));
#2864 = VECTOR('',#2865,1.);
#2865 = DIRECTION('',(1.7E-16,2.3E-16,1.));
#2866 = ORIENTED_EDGE('',*,*,#2867,.F.);
#2867 = EDGE_CURVE('',#2750,#2860,#2868,.T.);
#2868 = LINE('',#2869,#2870);
#2869 = CARTESIAN_POINT('',(9.65,2.,1.7763568394E-15));
#2870 = VECTOR('',#2871,1.);
#2871 = DIRECTION('',(1.7E-16,1.,1.7E-16));
#2872 = PLANE('',#2873);
#2873 = AXIS2_PLACEMENT_3D('',#2874,#2875,#2876);
#2874 = CARTESIAN_POINT('',(9.65,2.,1.7763568394E-15));
#2875 = DIRECTION('',(-1.,-1.1E-16,-1.7E-16));
#2876 = DIRECTION('',(-1.1E-16,1.,1.7E-16));
#2877 = ADVANCED_FACE('',(#2878),#2935,.F.);
#2878 = FACE_BOUND('',#2879,.F.);
#2879 = EDGE_LOOP('',(#2880,#2890,#2898,#2904,#2905,#2913,#2921,#2929));
#2880 = ORIENTED_EDGE('',*,*,#2881,.F.);
#2881 = EDGE_CURVE('',#2882,#2884,#2886,.T.);
#2882 = VERTEX_POINT('',#2883);
#2883 = CARTESIAN_POINT('',(12.,-2.,2.E-15));
#2884 = VERTEX_POINT('',#2885);
#2885 = CARTESIAN_POINT('',(11.5,-2.,2.E-15));
#2886 = LINE('',#2887,#2888);
#2887 = CARTESIAN_POINT('',(12.,-2.,1.7763568394E-15));
#2888 = VECTOR('',#2889,1.);
#2889 = DIRECTION('',(-1.,-1.7E-16,-1.7E-16));
#2890 = ORIENTED_EDGE('',*,*,#2891,.T.);
#2891 = EDGE_CURVE('',#2882,#2892,#2894,.T.);
#2892 = VERTEX_POINT('',#2893);
#2893 = CARTESIAN_POINT('',(12.,-2.,6.5));
#2894 = LINE('',#2895,#2896);
#2895 = CARTESIAN_POINT('',(12.,-2.,1.7763568394E-15));
#2896 = VECTOR('',#2897,1.);
#2897 = DIRECTION('',(-5.E-17,1.7E-16,1.));
#2898 = ORIENTED_EDGE('',*,*,#2899,.T.);
#2899 = EDGE_CURVE('',#2892,#2822,#2900,.T.);
#2900 = LINE('',#2901,#2902);
#2901 = CARTESIAN_POINT('',(12.,-2.,6.5));
#2902 = VECTOR('',#2903,1.);
#2903 = DIRECTION('',(-1.,-1.7E-16,-1.7E-16));
#2904 = ORIENTED_EDGE('',*,*,#2819,.F.);
#2905 = ORIENTED_EDGE('',*,*,#2906,.F.);
#2906 = EDGE_CURVE('',#2907,#2820,#2909,.T.);
#2907 = VERTEX_POINT('',#2908);
#2908 = CARTESIAN_POINT('',(9.5,-2.,2.E-15));
#2909 = LINE('',#2910,#2911);
#2910 = CARTESIAN_POINT('',(12.,-2.,1.7763568394E-15));
#2911 = VECTOR('',#2912,1.);
#2912 = DIRECTION('',(-1.,-1.7E-16,-1.7E-16));
#2913 = ORIENTED_EDGE('',*,*,#2914,.T.);
#2914 = EDGE_CURVE('',#2907,#2915,#2917,.T.);
#2915 = VERTEX_POINT('',#2916);
#2916 = CARTESIAN_POINT('',(9.5,-2.,3.6));
#2917 = LINE('',#2918,#2919);
#2918 = CARTESIAN_POINT('',(9.5,-2.,1.7763568394E-15));
#2919 = VECTOR('',#2920,1.);
#2920 = DIRECTION('',(-5.E-17,1.7E-16,1.));
#2921 = ORIENTED_EDGE('',*,*,#2922,.T.);
#2922 = EDGE_CURVE('',#2915,#2923,#2925,.T.);
#2923 = VERTEX_POINT('',#2924);
#2924 = CARTESIAN_POINT('',(11.5,-2.,3.6));
#2925 = LINE('',#2926,#2927);
#2926 = CARTESIAN_POINT('',(9.5,-2.,3.6));
#2927 = VECTOR('',#2928,1.);
#2928 = DIRECTION('',(1.,1.7E-16,1.7E-16));
#2929 = ORIENTED_EDGE('',*,*,#2930,.F.);
#2930 = EDGE_CURVE('',#2884,#2923,#2931,.T.);
#2931 = LINE('',#2932,#2933);
#2932 = CARTESIAN_POINT('',(11.5,-2.,1.7763568394E-15));
#2933 = VECTOR('',#2934,1.);
#2934 = DIRECTION('',(-5.E-17,1.7E-16,1.));
#2935 = PLANE('',#2936);
#2936 = AXIS2_PLACEMENT_3D('',#2937,#2938,#2939);
#2937 = CARTESIAN_POINT('',(12.,-2.,1.7763568394E-15));
#2938 = DIRECTION('',(-3.9E-16,-1.,-1.7E-16));
#2939 = DIRECTION('',(-1.,3.9E-16,-1.7E-16));
#2940 = ADVANCED_FACE('',(#2941),#2998,.F.);
#2941 = FACE_BOUND('',#2942,.F.);
#2942 = EDGE_LOOP('',(#2943,#2953,#2961,#2969,#2977,#2983,#2984,#2992));
#2943 = ORIENTED_EDGE('',*,*,#2944,.F.);
#2944 = EDGE_CURVE('',#2945,#2947,#2949,.T.);
#2945 = VERTEX_POINT('',#2946);
#2946 = CARTESIAN_POINT('',(11.7,2.5,2.E-15));
#2947 = VERTEX_POINT('',#2948);
#2948 = CARTESIAN_POINT('',(11.35,2.5,2.E-15));
#2949 = LINE('',#2950,#2951);
#2950 = CARTESIAN_POINT('',(11.7,2.5,1.7763568394E-15));
#2951 = VECTOR('',#2952,1.);
#2952 = DIRECTION('',(-1.,-1.7E-16,-1.7E-16));
#2953 = ORIENTED_EDGE('',*,*,#2954,.T.);
#2954 = EDGE_CURVE('',#2945,#2955,#2957,.T.);
#2955 = VERTEX_POINT('',#2956);
#2956 = CARTESIAN_POINT('',(11.7,2.5,5.));
#2957 = LINE('',#2958,#2959);
#2958 = CARTESIAN_POINT('',(11.7,2.5,1.7763568394E-15));
#2959 = VECTOR('',#2960,1.);
#2960 = DIRECTION('',(1.7E-16,2.3E-16,1.));
#2961 = ORIENTED_EDGE('',*,*,#2962,.T.);
#2962 = EDGE_CURVE('',#2955,#2963,#2965,.T.);
#2963 = VERTEX_POINT('',#2964);
#2964 = CARTESIAN_POINT('',(9.3,2.5,5.));
#2965 = LINE('',#2966,#2967);
#2966 = CARTESIAN_POINT('',(11.7,2.5,5.));
#2967 = VECTOR('',#2968,1.);
#2968 = DIRECTION('',(-1.,-1.7E-16,-1.7E-16));
#2969 = ORIENTED_EDGE('',*,*,#2970,.F.);
#2970 = EDGE_CURVE('',#2971,#2963,#2973,.T.);
#2971 = VERTEX_POINT('',#2972);
#2972 = CARTESIAN_POINT('',(9.3,2.5,2.E-15));
#2973 = LINE('',#2974,#2975);
#2974 = CARTESIAN_POINT('',(9.3,2.5,1.7763568394E-15));
#2975 = VECTOR('',#2976,1.);
#2976 = DIRECTION('',(1.7E-16,2.3E-16,1.));
#2977 = ORIENTED_EDGE('',*,*,#2978,.F.);
#2978 = EDGE_CURVE('',#2860,#2971,#2979,.T.);
#2979 = LINE('',#2980,#2981);
#2980 = CARTESIAN_POINT('',(11.7,2.5,1.7763568394E-15));
#2981 = VECTOR('',#2982,1.);
#2982 = DIRECTION('',(-1.,-1.7E-16,-1.7E-16));
#2983 = ORIENTED_EDGE('',*,*,#2859,.T.);
#2984 = ORIENTED_EDGE('',*,*,#2985,.T.);
#2985 = EDGE_CURVE('',#2852,#2986,#2988,.T.);
#2986 = VERTEX_POINT('',#2987);
#2987 = CARTESIAN_POINT('',(11.35,2.5,3.6));
#2988 = LINE('',#2989,#2990);
#2989 = CARTESIAN_POINT('',(9.65,2.5,3.6));
#2990 = VECTOR('',#2991,1.);
#2991 = DIRECTION('',(1.,1.7E-16,1.7E-16));
#2992 = ORIENTED_EDGE('',*,*,#2993,.F.);
#2993 = EDGE_CURVE('',#2947,#2986,#2994,.T.);
#2994 = LINE('',#2995,#2996);
#2995 = CARTESIAN_POINT('',(11.35,2.5,1.7763568394E-15));
#2996 = VECTOR('',#2997,1.);
#2997 = DIRECTION('',(1.7E-16,2.3E-16,1.));
#2998 = PLANE('',#2999);
#2999 = AXIS2_PLACEMENT_3D('',#3000,#3001,#3002);
#3000 = CARTESIAN_POINT('',(11.7,2.5,1.7763568394E-15));
#3001 = DIRECTION('',(-1.7E-16,-1.,-1.1E-16));
#3002 = DIRECTION('',(-1.,1.7E-16,-2.3E-16));
#3003 = ADVANCED_FACE('',(#3004),#3029,.F.);
#3004 = FACE_BOUND('',#3005,.F.);
#3005 = EDGE_LOOP('',(#3006,#3016,#3022,#3023));
#3006 = ORIENTED_EDGE('',*,*,#3007,.T.);
#3007 = EDGE_CURVE('',#3008,#3010,#3012,.T.);
#3008 = VERTEX_POINT('',#3009);
#3009 = CARTESIAN_POINT('',(9.5,-2.6,1.E-15));
#3010 = VERTEX_POINT('',#3011);
#3011 = CARTESIAN_POINT('',(9.5,-2.6,3.6));
#3012 = LINE('',#3013,#3014);
#3013 = CARTESIAN_POINT('',(9.5,-2.6,1.7763568394E-15));
#3014 = VECTOR('',#3015,1.);
#3015 = DIRECTION('',(-5.E-17,1.7E-16,1.));
#3016 = ORIENTED_EDGE('',*,*,#3017,.T.);
#3017 = EDGE_CURVE('',#3010,#2915,#3018,.T.);
#3018 = LINE('',#3019,#3020);
#3019 = CARTESIAN_POINT('',(9.5,-2.6,3.6));
#3020 = VECTOR('',#3021,1.);
#3021 = DIRECTION('',(1.7E-16,1.,1.7E-16));
#3022 = ORIENTED_EDGE('',*,*,#2914,.F.);
#3023 = ORIENTED_EDGE('',*,*,#3024,.F.);
#3024 = EDGE_CURVE('',#3008,#2907,#3025,.T.);
#3025 = LINE('',#3026,#3027);
#3026 = CARTESIAN_POINT('',(9.5,-2.6,1.7763568394E-15));
#3027 = VECTOR('',#3028,1.);
#3028 = DIRECTION('',(1.7E-16,1.,1.7E-16));
#3029 = PLANE('',#3030);
#3030 = AXIS2_PLACEMENT_3D('',#3031,#3032,#3033);
#3031 = CARTESIAN_POINT('',(9.5,-2.6,1.7763568394E-15));
#3032 = DIRECTION('',(-1.,-1.7E-16,-3.9E-16));
#3033 = DIRECTION('',(-1.7E-16,1.,-5.E-17));
#3034 = ADVANCED_FACE('',(#3035),#3051,.F.);
#3035 = FACE_BOUND('',#3036,.F.);
#3036 = EDGE_LOOP('',(#3037,#3038,#3044,#3045));
#3037 = ORIENTED_EDGE('',*,*,#2970,.T.);
#3038 = ORIENTED_EDGE('',*,*,#3039,.T.);
#3039 = EDGE_CURVE('',#2963,#2695,#3040,.T.);
#3040 = LINE('',#3041,#3042);
#3041 = CARTESIAN_POINT('',(9.3,2.5,5.));
#3042 = VECTOR('',#3043,1.);
#3043 = DIRECTION('',(1.7E-16,1.,1.7E-16));
#3044 = ORIENTED_EDGE('',*,*,#2694,.F.);
#3045 = ORIENTED_EDGE('',*,*,#3046,.F.);
#3046 = EDGE_CURVE('',#2971,#2685,#3047,.T.);
#3047 = LINE('',#3048,#3049);
#3048 = CARTESIAN_POINT('',(9.3,2.5,1.7763568394E-15));
#3049 = VECTOR('',#3050,1.);
#3050 = DIRECTION('',(1.7E-16,1.,1.7E-16));
#3051 = PLANE('',#3052);
#3052 = AXIS2_PLACEMENT_3D('',#3053,#3054,#3055);
#3053 = CARTESIAN_POINT('',(9.3,2.5,1.7763568394E-15));
#3054 = DIRECTION('',(-1.,-1.1E-16,-1.7E-16));
#3055 = DIRECTION('',(-1.1E-16,1.,1.7E-16));
#3056 = ADVANCED_FACE('',(#3057,#3082),#3116,.F.);
#3057 = FACE_BOUND('',#3058,.F.);
#3058 = EDGE_LOOP('',(#3059,#3069,#3075,#3076));
#3059 = ORIENTED_EDGE('',*,*,#3060,.T.);
#3060 = EDGE_CURVE('',#3061,#3063,#3065,.T.);
#3061 = VERTEX_POINT('',#3062);
#3062 = CARTESIAN_POINT('',(11.5,-2.6,2.E-15));
#3063 = VERTEX_POINT('',#3064);
#3064 = CARTESIAN_POINT('',(11.5,-2.6,3.6));
#3065 = LINE('',#3066,#3067);
#3066 = CARTESIAN_POINT('',(11.5,-2.6,1.7763568394E-15));
#3067 = VECTOR('',#3068,1.);
#3068 = DIRECTION('',(-5.E-17,1.7E-16,1.));
#3069 = ORIENTED_EDGE('',*,*,#3070,.T.);
#3070 = EDGE_CURVE('',#3063,#3010,#3071,.T.);
#3071 = LINE('',#3072,#3073);
#3072 = CARTESIAN_POINT('',(11.5,-2.6,3.6));
#3073 = VECTOR('',#3074,1.);
#3074 = DIRECTION('',(-1.,-1.7E-16,-1.7E-16));
#3075 = ORIENTED_EDGE('',*,*,#3007,.F.);
#3076 = ORIENTED_EDGE('',*,*,#3077,.F.);
#3077 = EDGE_CURVE('',#3061,#3008,#3078,.T.);
#3078 = LINE('',#3079,#3080);
#3079 = CARTESIAN_POINT('',(11.5,-2.6,1.7763568394E-15));
#3080 = VECTOR('',#3081,1.);
#3081 = DIRECTION('',(-1.,-1.7E-16,-1.7E-16));
#3082 = FACE_BOUND('',#3083,.F.);
#3083 = EDGE_LOOP('',(#3084,#3094,#3102,#3110));
#3084 = ORIENTED_EDGE('',*,*,#3085,.T.);
#3085 = EDGE_CURVE('',#3086,#3088,#3090,.T.);
#3086 = VERTEX_POINT('',#3087);
#3087 = CARTESIAN_POINT('',(11.35,-2.6,1.45));
#3088 = VERTEX_POINT('',#3089);
#3089 = CARTESIAN_POINT('',(9.65,-2.6,1.45));
#3090 = LINE('',#3091,#3092);
#3091 = CARTESIAN_POINT('',(11.35,-2.6,1.45));
#3092 = VECTOR('',#3093,1.);
#3093 = DIRECTION('',(-1.,-1.7E-16,-1.7E-16));
#3094 = ORIENTED_EDGE('',*,*,#3095,.T.);
#3095 = EDGE_CURVE('',#3088,#3096,#3098,.T.);
#3096 = VERTEX_POINT('',#3097);
#3097 = CARTESIAN_POINT('',(9.65,-2.6,3.15));
#3098 = LINE('',#3099,#3100);
#3099 = CARTESIAN_POINT('',(9.65,-2.6,1.45));
#3100 = VECTOR('',#3101,1.);
#3101 = DIRECTION('',(1.7E-16,1.7E-16,1.));
#3102 = ORIENTED_EDGE('',*,*,#3103,.T.);
#3103 = EDGE_CURVE('',#3096,#3104,#3106,.T.);
#3104 = VERTEX_POINT('',#3105);
#3105 = CARTESIAN_POINT('',(11.35,-2.6,3.15));
#3106 = LINE('',#3107,#3108);
#3107 = CARTESIAN_POINT('',(9.65,-2.6,3.15));
#3108 = VECTOR('',#3109,1.);
#3109 = DIRECTION('',(1.,1.7E-16,1.7E-16));
#3110 = ORIENTED_EDGE('',*,*,#3111,.T.);
#3111 = EDGE_CURVE('',#3104,#3086,#3112,.T.);
#3112 = LINE('',#3113,#3114);
#3113 = CARTESIAN_POINT('',(11.35,-2.6,3.15));
#3114 = VECTOR('',#3115,1.);
#3115 = DIRECTION('',(-1.7E-16,-1.7E-16,-1.));
#3116 = PLANE('',#3117);
#3117 = AXIS2_PLACEMENT_3D('',#3118,#3119,#3120);
#3118 = CARTESIAN_POINT('',(11.5,-2.6,1.7763568394E-15));
#3119 = DIRECTION('',(-3.9E-16,-1.,-1.7E-16));
#3120 = DIRECTION('',(-1.,3.9E-16,-1.7E-16));
#3121 = ADVANCED_FACE('',(#3122),#3138,.F.);
#3122 = FACE_BOUND('',#3123,.F.);
#3123 = EDGE_LOOP('',(#3124,#3125,#3131,#3132));
#3124 = ORIENTED_EDGE('',*,*,#2930,.T.);
#3125 = ORIENTED_EDGE('',*,*,#3126,.T.);
#3126 = EDGE_CURVE('',#2923,#3063,#3127,.T.);
#3127 = LINE('',#3128,#3129);
#3128 = CARTESIAN_POINT('',(11.5,-2.,3.6));
#3129 = VECTOR('',#3130,1.);
#3130 = DIRECTION('',(-1.7E-16,-1.,-1.7E-16));
#3131 = ORIENTED_EDGE('',*,*,#3060,.F.);
#3132 = ORIENTED_EDGE('',*,*,#3133,.F.);
#3133 = EDGE_CURVE('',#2884,#3061,#3134,.T.);
#3134 = LINE('',#3135,#3136);
#3135 = CARTESIAN_POINT('',(11.5,-2.,1.7763568394E-15));
#3136 = VECTOR('',#3137,1.);
#3137 = DIRECTION('',(-1.7E-16,-1.,-1.7E-16));
#3138 = PLANE('',#3139);
#3139 = AXIS2_PLACEMENT_3D('',#3140,#3141,#3142);
#3140 = CARTESIAN_POINT('',(11.5,-2.,1.7763568394E-15));
#3141 = DIRECTION('',(1.,1.7E-16,3.9E-16));
#3142 = DIRECTION('',(1.7E-16,-1.,5.E-17));
#3143 = ADVANCED_FACE('',(#3144),#3160,.F.);
#3144 = FACE_BOUND('',#3145,.F.);
#3145 = EDGE_LOOP('',(#3146,#3147,#3153,#3154));
#3146 = ORIENTED_EDGE('',*,*,#2733,.T.);
#3147 = ORIENTED_EDGE('',*,*,#3148,.T.);
#3148 = EDGE_CURVE('',#2726,#2955,#3149,.T.);
#3149 = LINE('',#3150,#3151);
#3150 = CARTESIAN_POINT('',(11.7,3.1,5.));
#3151 = VECTOR('',#3152,1.);
#3152 = DIRECTION('',(-1.7E-16,-1.,-1.7E-16));
#3153 = ORIENTED_EDGE('',*,*,#2954,.F.);
#3154 = ORIENTED_EDGE('',*,*,#3155,.F.);
#3155 = EDGE_CURVE('',#2687,#2945,#3156,.T.);
#3156 = LINE('',#3157,#3158);
#3157 = CARTESIAN_POINT('',(11.7,3.1,1.7763568394E-15));
#3158 = VECTOR('',#3159,1.);
#3159 = DIRECTION('',(-1.7E-16,-1.,-1.7E-16));
#3160 = PLANE('',#3161);
#3161 = AXIS2_PLACEMENT_3D('',#3162,#3163,#3164);
#3162 = CARTESIAN_POINT('',(11.7,3.1,1.7763568394E-15));
#3163 = DIRECTION('',(1.,1.1E-16,1.7E-16));
#3164 = DIRECTION('',(1.1E-16,-1.,-1.7E-16));
#3165 = ADVANCED_FACE('',(#3166),#3182,.F.);
#3166 = FACE_BOUND('',#3167,.F.);
#3167 = EDGE_LOOP('',(#3168,#3169,#3175,#3176));
#3168 = ORIENTED_EDGE('',*,*,#2773,.T.);
#3169 = ORIENTED_EDGE('',*,*,#3170,.T.);
#3170 = EDGE_CURVE('',#2766,#2892,#3171,.T.);
#3171 = LINE('',#3172,#3173);
#3172 = CARTESIAN_POINT('',(12.,2.,6.5));
#3173 = VECTOR('',#3174,1.);
#3174 = DIRECTION('',(-1.7E-16,-1.,-1.7E-16));
#3175 = ORIENTED_EDGE('',*,*,#2891,.F.);
#3176 = ORIENTED_EDGE('',*,*,#3177,.F.);
#3177 = EDGE_CURVE('',#2774,#2882,#3178,.T.);
#3178 = LINE('',#3179,#3180);
#3179 = CARTESIAN_POINT('',(12.,2.,1.7763568394E-15));
#3180 = VECTOR('',#3181,1.);
#3181 = DIRECTION('',(-1.7E-16,-1.,-1.7E-16));
#3182 = PLANE('',#3183);
#3183 = AXIS2_PLACEMENT_3D('',#3184,#3185,#3186);
#3184 = CARTESIAN_POINT('',(12.,2.,1.7763568394E-15));
#3185 = DIRECTION('',(1.,1.7E-16,3.9E-16));
#3186 = DIRECTION('',(1.7E-16,-1.,5.E-17));
#3187 = ADVANCED_FACE('',(#3188),#3204,.F.);
#3188 = FACE_BOUND('',#3189,.F.);
#3189 = EDGE_LOOP('',(#3190,#3191,#3197,#3198));
#3190 = ORIENTED_EDGE('',*,*,#2993,.T.);
#3191 = ORIENTED_EDGE('',*,*,#3192,.T.);
#3192 = EDGE_CURVE('',#2986,#2790,#3193,.T.);
#3193 = LINE('',#3194,#3195);
#3194 = CARTESIAN_POINT('',(11.35,2.5,3.6));
#3195 = VECTOR('',#3196,1.);
#3196 = DIRECTION('',(-1.7E-16,-1.,-1.7E-16));
#3197 = ORIENTED_EDGE('',*,*,#2789,.F.);
#3198 = ORIENTED_EDGE('',*,*,#3199,.F.);
#3199 = EDGE_CURVE('',#2947,#2782,#3200,.T.);
#3200 = LINE('',#3201,#3202);
#3201 = CARTESIAN_POINT('',(11.35,2.5,1.7763568394E-15));
#3202 = VECTOR('',#3203,1.);
#3203 = DIRECTION('',(-1.7E-16,-1.,-1.7E-16));
#3204 = PLANE('',#3205);
#3205 = AXIS2_PLACEMENT_3D('',#3206,#3207,#3208);
#3206 = CARTESIAN_POINT('',(11.35,2.5,1.7763568394E-15));
#3207 = DIRECTION('',(1.,1.1E-16,1.7E-16));
#3208 = DIRECTION('',(1.1E-16,-1.,-1.7E-16));
#3209 = ADVANCED_FACE('',(#3210),#3267,.F.);
#3210 = FACE_BOUND('',#3211,.F.);
#3211 = EDGE_LOOP('',(#3212,#3222,#3230,#3238,#3244,#3245,#3253,#3261));
#3212 = ORIENTED_EDGE('',*,*,#3213,.F.);
#3213 = EDGE_CURVE('',#3214,#3216,#3218,.T.);
#3214 = VERTEX_POINT('',#3215);
#3215 = CARTESIAN_POINT('',(5.8,3.1,1.E-15));
#3216 = VERTEX_POINT('',#3217);
#3217 = CARTESIAN_POINT('',(8.2,3.1,1.E-15));
#3218 = LINE('',#3219,#3220);
#3219 = CARTESIAN_POINT('',(5.8,3.1,1.7763568394E-15));
#3220 = VECTOR('',#3221,1.);
#3221 = DIRECTION('',(1.,1.7E-16,1.7E-16));
#3222 = ORIENTED_EDGE('',*,*,#3223,.T.);
#3223 = EDGE_CURVE('',#3214,#3224,#3226,.T.);
#3224 = VERTEX_POINT('',#3225);
#3225 = CARTESIAN_POINT('',(5.8,3.1,5.));
#3226 = LINE('',#3227,#3228);
#3227 = CARTESIAN_POINT('',(5.8,3.1,1.7763568394E-15));
#3228 = VECTOR('',#3229,1.);
#3229 = DIRECTION('',(1.7E-16,2.3E-16,1.));
#3230 = ORIENTED_EDGE('',*,*,#3231,.T.);
#3231 = EDGE_CURVE('',#3224,#3232,#3234,.T.);
#3232 = VERTEX_POINT('',#3233);
#3233 = CARTESIAN_POINT('',(6.175,3.1,5.));
#3234 = LINE('',#3235,#3236);
#3235 = CARTESIAN_POINT('',(5.8,3.1,5.));
#3236 = VECTOR('',#3237,1.);
#3237 = DIRECTION('',(1.,1.7E-16,1.7E-16));
#3238 = ORIENTED_EDGE('',*,*,#3239,.F.);
#3239 = EDGE_CURVE('',#1954,#3232,#3240,.T.);
#3240 = LINE('',#3241,#3242);
#3241 = CARTESIAN_POINT('',(6.175,3.1,1.2));
#3242 = VECTOR('',#3243,1.);
#3243 = DIRECTION('',(1.7E-16,2.3E-16,1.));
#3244 = ORIENTED_EDGE('',*,*,#1961,.T.);
#3245 = ORIENTED_EDGE('',*,*,#3246,.T.);
#3246 = EDGE_CURVE('',#1962,#3247,#3249,.T.);
#3247 = VERTEX_POINT('',#3248);
#3248 = CARTESIAN_POINT('',(7.825,3.1,5.));
#3249 = LINE('',#3250,#3251);
#3250 = CARTESIAN_POINT('',(7.825,3.1,1.2));
#3251 = VECTOR('',#3252,1.);
#3252 = DIRECTION('',(1.7E-16,2.3E-16,1.));
#3253 = ORIENTED_EDGE('',*,*,#3254,.T.);
#3254 = EDGE_CURVE('',#3247,#3255,#3257,.T.);
#3255 = VERTEX_POINT('',#3256);
#3256 = CARTESIAN_POINT('',(8.2,3.1,5.));
#3257 = LINE('',#3258,#3259);
#3258 = CARTESIAN_POINT('',(5.8,3.1,5.));
#3259 = VECTOR('',#3260,1.);
#3260 = DIRECTION('',(1.,1.7E-16,1.7E-16));
#3261 = ORIENTED_EDGE('',*,*,#3262,.F.);
#3262 = EDGE_CURVE('',#3216,#3255,#3263,.T.);
#3263 = LINE('',#3264,#3265);
#3264 = CARTESIAN_POINT('',(8.2,3.1,2.6645352591E-15));
#3265 = VECTOR('',#3266,1.);
#3266 = DIRECTION('',(1.7E-16,2.3E-16,1.));
#3267 = PLANE('',#3268);
#3268 = AXIS2_PLACEMENT_3D('',#3269,#3270,#3271);
#3269 = CARTESIAN_POINT('',(5.8,3.1,1.7763568394E-15));
#3270 = DIRECTION('',(1.7E-16,1.,1.1E-16));
#3271 = DIRECTION('',(1.,-1.7E-16,2.3E-16));
#3272 = ADVANCED_FACE('',(#3273),#3339,.F.);
#3273 = FACE_BOUND('',#3274,.F.);
#3274 = EDGE_LOOP('',(#3275,#3285,#3293,#3301,#3309,#3317,#3325,#3333));
#3275 = ORIENTED_EDGE('',*,*,#3276,.F.);
#3276 = EDGE_CURVE('',#3277,#3279,#3281,.T.);
#3277 = VERTEX_POINT('',#3278);
#3278 = CARTESIAN_POINT('',(5.5,2.,1.E-15));
#3279 = VERTEX_POINT('',#3280);
#3280 = CARTESIAN_POINT('',(6.15,2.,1.E-15));
#3281 = LINE('',#3282,#3283);
#3282 = CARTESIAN_POINT('',(5.5,2.,1.7763568394E-15));
#3283 = VECTOR('',#3284,1.);
#3284 = DIRECTION('',(1.,1.7E-16,1.7E-16));
#3285 = ORIENTED_EDGE('',*,*,#3286,.T.);
#3286 = EDGE_CURVE('',#3277,#3287,#3289,.T.);
#3287 = VERTEX_POINT('',#3288);
#3288 = CARTESIAN_POINT('',(5.5,2.,6.5));
#3289 = LINE('',#3290,#3291);
#3290 = CARTESIAN_POINT('',(5.5,2.,1.7763568394E-15));
#3291 = VECTOR('',#3292,1.);
#3292 = DIRECTION('',(-5.E-17,1.7E-16,1.));
#3293 = ORIENTED_EDGE('',*,*,#3294,.T.);
#3294 = EDGE_CURVE('',#3287,#3295,#3297,.T.);
#3295 = VERTEX_POINT('',#3296);
#3296 = CARTESIAN_POINT('',(8.5,2.,6.5));
#3297 = LINE('',#3298,#3299);
#3298 = CARTESIAN_POINT('',(5.5,2.,6.5));
#3299 = VECTOR('',#3300,1.);
#3300 = DIRECTION('',(1.,1.7E-16,1.7E-16));
#3301 = ORIENTED_EDGE('',*,*,#3302,.F.);
#3302 = EDGE_CURVE('',#3303,#3295,#3305,.T.);
#3303 = VERTEX_POINT('',#3304);
#3304 = CARTESIAN_POINT('',(8.5,2.,1.E-15));
#3305 = LINE('',#3306,#3307);
#3306 = CARTESIAN_POINT('',(8.5,2.,1.7763568394E-15));
#3307 = VECTOR('',#3308,1.);
#3308 = DIRECTION('',(-5.E-17,1.7E-16,1.));
#3309 = ORIENTED_EDGE('',*,*,#3310,.F.);
#3310 = EDGE_CURVE('',#3311,#3303,#3313,.T.);
#3311 = VERTEX_POINT('',#3312);
#3312 = CARTESIAN_POINT('',(7.85,2.,1.E-15));
#3313 = LINE('',#3314,#3315);
#3314 = CARTESIAN_POINT('',(5.5,2.,1.7763568394E-15));
#3315 = VECTOR('',#3316,1.);
#3316 = DIRECTION('',(1.,1.7E-16,1.7E-16));
#3317 = ORIENTED_EDGE('',*,*,#3318,.T.);
#3318 = EDGE_CURVE('',#3311,#3319,#3321,.T.);
#3319 = VERTEX_POINT('',#3320);
#3320 = CARTESIAN_POINT('',(7.85,2.,3.6));
#3321 = LINE('',#3322,#3323);
#3322 = CARTESIAN_POINT('',(7.85,2.,2.6645352591E-15));
#3323 = VECTOR('',#3324,1.);
#3324 = DIRECTION('',(1.7E-16,2.3E-16,1.));
#3325 = ORIENTED_EDGE('',*,*,#3326,.T.);
#3326 = EDGE_CURVE('',#3319,#3327,#3329,.T.);
#3327 = VERTEX_POINT('',#3328);
#3328 = CARTESIAN_POINT('',(6.15,2.,3.6));
#3329 = LINE('',#3330,#3331);
#3330 = CARTESIAN_POINT('',(7.85,2.,3.6));
#3331 = VECTOR('',#3332,1.);
#3332 = DIRECTION('',(-1.,-1.7E-16,-1.7E-16));
#3333 = ORIENTED_EDGE('',*,*,#3334,.F.);
#3334 = EDGE_CURVE('',#3279,#3327,#3335,.T.);
#3335 = LINE('',#3336,#3337);
#3336 = CARTESIAN_POINT('',(6.15,2.,1.7763568394E-15));
#3337 = VECTOR('',#3338,1.);
#3338 = DIRECTION('',(1.7E-16,2.3E-16,1.));
#3339 = PLANE('',#3340);
#3340 = AXIS2_PLACEMENT_3D('',#3341,#3342,#3343);
#3341 = CARTESIAN_POINT('',(5.5,2.,1.7763568394E-15));
#3342 = DIRECTION('',(3.9E-16,1.,1.7E-16));
#3343 = DIRECTION('',(1.,-3.9E-16,1.7E-16));
#3344 = ADVANCED_FACE('',(#3345),#3370,.F.);
#3345 = FACE_BOUND('',#3346,.F.);
#3346 = EDGE_LOOP('',(#3347,#3357,#3363,#3364));
#3347 = ORIENTED_EDGE('',*,*,#3348,.T.);
#3348 = EDGE_CURVE('',#3349,#3351,#3353,.T.);
#3349 = VERTEX_POINT('',#3350);
#3350 = CARTESIAN_POINT('',(5.5,-2.,1.E-15));
#3351 = VERTEX_POINT('',#3352);
#3352 = CARTESIAN_POINT('',(5.5,-2.,6.5));
#3353 = LINE('',#3354,#3355);
#3354 = CARTESIAN_POINT('',(5.5,-2.,1.7763568394E-15));
#3355 = VECTOR('',#3356,1.);
#3356 = DIRECTION('',(-5.E-17,1.7E-16,1.));
#3357 = ORIENTED_EDGE('',*,*,#3358,.T.);
#3358 = EDGE_CURVE('',#3351,#3287,#3359,.T.);
#3359 = LINE('',#3360,#3361);
#3360 = CARTESIAN_POINT('',(5.5,-2.,6.5));
#3361 = VECTOR('',#3362,1.);
#3362 = DIRECTION('',(1.7E-16,1.,1.7E-16));
#3363 = ORIENTED_EDGE('',*,*,#3286,.F.);
#3364 = ORIENTED_EDGE('',*,*,#3365,.F.);
#3365 = EDGE_CURVE('',#3349,#3277,#3366,.T.);
#3366 = LINE('',#3367,#3368);
#3367 = CARTESIAN_POINT('',(5.5,-2.,8.881784197001E-16));
#3368 = VECTOR('',#3369,1.);
#3369 = DIRECTION('',(1.7E-16,1.,1.7E-16));
#3370 = PLANE('',#3371);
#3371 = AXIS2_PLACEMENT_3D('',#3372,#3373,#3374);
#3372 = CARTESIAN_POINT('',(5.5,-2.,1.7763568394E-15));
#3373 = DIRECTION('',(-1.,-1.7E-16,-3.9E-16));
#3374 = DIRECTION('',(-1.7E-16,1.,-5.E-17));
#3375 = ADVANCED_FACE('',(#3376),#3401,.F.);
#3376 = FACE_BOUND('',#3377,.F.);
#3377 = EDGE_LOOP('',(#3378,#3379,#3387,#3395));
#3378 = ORIENTED_EDGE('',*,*,#3334,.T.);
#3379 = ORIENTED_EDGE('',*,*,#3380,.T.);
#3380 = EDGE_CURVE('',#3327,#3381,#3383,.T.);
#3381 = VERTEX_POINT('',#3382);
#3382 = CARTESIAN_POINT('',(6.15,2.5,3.6));
#3383 = LINE('',#3384,#3385);
#3384 = CARTESIAN_POINT('',(6.15,2.,3.6));
#3385 = VECTOR('',#3386,1.);
#3386 = DIRECTION('',(1.7E-16,1.,1.7E-16));
#3387 = ORIENTED_EDGE('',*,*,#3388,.F.);
#3388 = EDGE_CURVE('',#3389,#3381,#3391,.T.);
#3389 = VERTEX_POINT('',#3390);
#3390 = CARTESIAN_POINT('',(6.15,2.5,1.E-15));
#3391 = LINE('',#3392,#3393);
#3392 = CARTESIAN_POINT('',(6.15,2.5,1.7763568394E-15));
#3393 = VECTOR('',#3394,1.);
#3394 = DIRECTION('',(1.7E-16,2.3E-16,1.));
#3395 = ORIENTED_EDGE('',*,*,#3396,.F.);
#3396 = EDGE_CURVE('',#3279,#3389,#3397,.T.);
#3397 = LINE('',#3398,#3399);
#3398 = CARTESIAN_POINT('',(6.15,2.,1.7763568394E-15));
#3399 = VECTOR('',#3400,1.);
#3400 = DIRECTION('',(1.7E-16,1.,1.7E-16));
#3401 = PLANE('',#3402);
#3402 = AXIS2_PLACEMENT_3D('',#3403,#3404,#3405);
#3403 = CARTESIAN_POINT('',(6.15,2.,1.7763568394E-15));
#3404 = DIRECTION('',(-1.,-1.1E-16,-1.7E-16));
#3405 = DIRECTION('',(-1.1E-16,1.,1.7E-16));
#3406 = ADVANCED_FACE('',(#3407),#3464,.F.);
#3407 = FACE_BOUND('',#3408,.F.);
#3408 = EDGE_LOOP('',(#3409,#3419,#3427,#3433,#3434,#3442,#3450,#3458));
#3409 = ORIENTED_EDGE('',*,*,#3410,.F.);
#3410 = EDGE_CURVE('',#3411,#3413,#3415,.T.);
#3411 = VERTEX_POINT('',#3412);
#3412 = CARTESIAN_POINT('',(8.5,-2.,1.E-15));
#3413 = VERTEX_POINT('',#3414);
#3414 = CARTESIAN_POINT('',(8.,-2.,1.E-15));
#3415 = LINE('',#3416,#3417);
#3416 = CARTESIAN_POINT('',(8.5,-2.,1.7763568394E-15));
#3417 = VECTOR('',#3418,1.);
#3418 = DIRECTION('',(-1.,-1.7E-16,-1.7E-16));
#3419 = ORIENTED_EDGE('',*,*,#3420,.T.);
#3420 = EDGE_CURVE('',#3411,#3421,#3423,.T.);
#3421 = VERTEX_POINT('',#3422);
#3422 = CARTESIAN_POINT('',(8.5,-2.,6.5));
#3423 = LINE('',#3424,#3425);
#3424 = CARTESIAN_POINT('',(8.5,-2.,1.7763568394E-15));
#3425 = VECTOR('',#3426,1.);
#3426 = DIRECTION('',(-5.E-17,1.7E-16,1.));
#3427 = ORIENTED_EDGE('',*,*,#3428,.T.);
#3428 = EDGE_CURVE('',#3421,#3351,#3429,.T.);
#3429 = LINE('',#3430,#3431);
#3430 = CARTESIAN_POINT('',(8.5,-2.,6.5));
#3431 = VECTOR('',#3432,1.);
#3432 = DIRECTION('',(-1.,-1.7E-16,-1.7E-16));
#3433 = ORIENTED_EDGE('',*,*,#3348,.F.);
#3434 = ORIENTED_EDGE('',*,*,#3435,.F.);
#3435 = EDGE_CURVE('',#3436,#3349,#3438,.T.);
#3436 = VERTEX_POINT('',#3437);
#3437 = CARTESIAN_POINT('',(6.,-2.,1.E-15));
#3438 = LINE('',#3439,#3440);
#3439 = CARTESIAN_POINT('',(8.5,-2.,1.7763568394E-15));
#3440 = VECTOR('',#3441,1.);
#3441 = DIRECTION('',(-1.,-1.7E-16,-1.7E-16));
#3442 = ORIENTED_EDGE('',*,*,#3443,.T.);
#3443 = EDGE_CURVE('',#3436,#3444,#3446,.T.);
#3444 = VERTEX_POINT('',#3445);
#3445 = CARTESIAN_POINT('',(6.,-2.,3.6));
#3446 = LINE('',#3447,#3448);
#3447 = CARTESIAN_POINT('',(6.,-2.,1.7763568394E-15));
#3448 = VECTOR('',#3449,1.);
#3449 = DIRECTION('',(-5.E-17,1.7E-16,1.));
#3450 = ORIENTED_EDGE('',*,*,#3451,.T.);
#3451 = EDGE_CURVE('',#3444,#3452,#3454,.T.);
#3452 = VERTEX_POINT('',#3453);
#3453 = CARTESIAN_POINT('',(8.,-2.,3.6));
#3454 = LINE('',#3455,#3456);
#3455 = CARTESIAN_POINT('',(6.,-2.,3.6));
#3456 = VECTOR('',#3457,1.);
#3457 = DIRECTION('',(1.,1.7E-16,1.7E-16));
#3458 = ORIENTED_EDGE('',*,*,#3459,.F.);
#3459 = EDGE_CURVE('',#3413,#3452,#3460,.T.);
#3460 = LINE('',#3461,#3462);
#3461 = CARTESIAN_POINT('',(8.,-2.,1.7763568394E-15));
#3462 = VECTOR('',#3463,1.);
#3463 = DIRECTION('',(-5.E-17,1.7E-16,1.));
#3464 = PLANE('',#3465);
#3465 = AXIS2_PLACEMENT_3D('',#3466,#3467,#3468);
#3466 = CARTESIAN_POINT('',(8.5,-2.,1.7763568394E-15));
#3467 = DIRECTION('',(-3.9E-16,-1.,-1.7E-16));
#3468 = DIRECTION('',(-1.,3.9E-16,-1.7E-16));
#3469 = ADVANCED_FACE('',(#3470),#3527,.F.);
#3470 = FACE_BOUND('',#3471,.F.);
#3471 = EDGE_LOOP('',(#3472,#3482,#3490,#3498,#3506,#3512,#3513,#3521));
#3472 = ORIENTED_EDGE('',*,*,#3473,.F.);
#3473 = EDGE_CURVE('',#3474,#3476,#3478,.T.);
#3474 = VERTEX_POINT('',#3475);
#3475 = CARTESIAN_POINT('',(8.2,2.5,1.E-15));
#3476 = VERTEX_POINT('',#3477);
#3477 = CARTESIAN_POINT('',(7.85,2.5,1.E-15));
#3478 = LINE('',#3479,#3480);
#3479 = CARTESIAN_POINT('',(8.2,2.5,2.6645352591E-15));
#3480 = VECTOR('',#3481,1.);
#3481 = DIRECTION('',(-1.,-1.7E-16,-1.7E-16));
#3482 = ORIENTED_EDGE('',*,*,#3483,.T.);
#3483 = EDGE_CURVE('',#3474,#3484,#3486,.T.);
#3484 = VERTEX_POINT('',#3485);
#3485 = CARTESIAN_POINT('',(8.2,2.5,5.));
#3486 = LINE('',#3487,#3488);
#3487 = CARTESIAN_POINT('',(8.2,2.5,2.6645352591E-15));
#3488 = VECTOR('',#3489,1.);
#3489 = DIRECTION('',(1.7E-16,2.3E-16,1.));
#3490 = ORIENTED_EDGE('',*,*,#3491,.T.);
#3491 = EDGE_CURVE('',#3484,#3492,#3494,.T.);
#3492 = VERTEX_POINT('',#3493);
#3493 = CARTESIAN_POINT('',(5.8,2.5,5.));
#3494 = LINE('',#3495,#3496);
#3495 = CARTESIAN_POINT('',(8.2,2.5,5.));
#3496 = VECTOR('',#3497,1.);
#3497 = DIRECTION('',(-1.,-1.7E-16,-1.7E-16));
#3498 = ORIENTED_EDGE('',*,*,#3499,.F.);
#3499 = EDGE_CURVE('',#3500,#3492,#3502,.T.);
#3500 = VERTEX_POINT('',#3501);
#3501 = CARTESIAN_POINT('',(5.8,2.5,1.E-15));
#3502 = LINE('',#3503,#3504);
#3503 = CARTESIAN_POINT('',(5.8,2.5,1.7763568394E-15));
#3504 = VECTOR('',#3505,1.);
#3505 = DIRECTION('',(1.7E-16,2.3E-16,1.));
#3506 = ORIENTED_EDGE('',*,*,#3507,.F.);
#3507 = EDGE_CURVE('',#3389,#3500,#3508,.T.);
#3508 = LINE('',#3509,#3510);
#3509 = CARTESIAN_POINT('',(8.2,2.5,2.6645352591E-15));
#3510 = VECTOR('',#3511,1.);
#3511 = DIRECTION('',(-1.,-1.7E-16,-1.7E-16));
#3512 = ORIENTED_EDGE('',*,*,#3388,.T.);
#3513 = ORIENTED_EDGE('',*,*,#3514,.T.);
#3514 = EDGE_CURVE('',#3381,#3515,#3517,.T.);
#3515 = VERTEX_POINT('',#3516);
#3516 = CARTESIAN_POINT('',(7.85,2.5,3.6));
#3517 = LINE('',#3518,#3519);
#3518 = CARTESIAN_POINT('',(6.15,2.5,3.6));
#3519 = VECTOR('',#3520,1.);
#3520 = DIRECTION('',(1.,1.7E-16,1.7E-16));
#3521 = ORIENTED_EDGE('',*,*,#3522,.F.);
#3522 = EDGE_CURVE('',#3476,#3515,#3523,.T.);
#3523 = LINE('',#3524,#3525);
#3524 = CARTESIAN_POINT('',(7.85,2.5,2.6645352591E-15));
#3525 = VECTOR('',#3526,1.);
#3526 = DIRECTION('',(1.7E-16,2.3E-16,1.));
#3527 = PLANE('',#3528);
#3528 = AXIS2_PLACEMENT_3D('',#3529,#3530,#3531);
#3529 = CARTESIAN_POINT('',(8.2,2.5,2.6645352591E-15));
#3530 = DIRECTION('',(-1.7E-16,-1.,-1.1E-16));
#3531 = DIRECTION('',(-1.,1.7E-16,-2.3E-16));
#3532 = ADVANCED_FACE('',(#3533),#3558,.F.);
#3533 = FACE_BOUND('',#3534,.F.);
#3534 = EDGE_LOOP('',(#3535,#3545,#3551,#3552));
#3535 = ORIENTED_EDGE('',*,*,#3536,.T.);
#3536 = EDGE_CURVE('',#3537,#3539,#3541,.T.);
#3537 = VERTEX_POINT('',#3538);
#3538 = CARTESIAN_POINT('',(6.,-2.6,1.E-15));
#3539 = VERTEX_POINT('',#3540);
#3540 = CARTESIAN_POINT('',(6.,-2.6,3.6));
#3541 = LINE('',#3542,#3543);
#3542 = CARTESIAN_POINT('',(6.,-2.6,1.7763568394E-15));
#3543 = VECTOR('',#3544,1.);
#3544 = DIRECTION('',(-5.E-17,1.7E-16,1.));
#3545 = ORIENTED_EDGE('',*,*,#3546,.T.);
#3546 = EDGE_CURVE('',#3539,#3444,#3547,.T.);
#3547 = LINE('',#3548,#3549);
#3548 = CARTESIAN_POINT('',(6.,-2.6,3.6));
#3549 = VECTOR('',#3550,1.);
#3550 = DIRECTION('',(1.7E-16,1.,1.7E-16));
#3551 = ORIENTED_EDGE('',*,*,#3443,.F.);
#3552 = ORIENTED_EDGE('',*,*,#3553,.F.);
#3553 = EDGE_CURVE('',#3537,#3436,#3554,.T.);
#3554 = LINE('',#3555,#3556);
#3555 = CARTESIAN_POINT('',(6.,-2.6,8.881784197001E-16));
#3556 = VECTOR('',#3557,1.);
#3557 = DIRECTION('',(1.7E-16,1.,1.7E-16));
#3558 = PLANE('',#3559);
#3559 = AXIS2_PLACEMENT_3D('',#3560,#3561,#3562);
#3560 = CARTESIAN_POINT('',(6.,-2.6,1.7763568394E-15));
#3561 = DIRECTION('',(-1.,-1.7E-16,-3.9E-16));
#3562 = DIRECTION('',(-1.7E-16,1.,-5.E-17));
#3563 = ADVANCED_FACE('',(#3564),#3580,.F.);
#3564 = FACE_BOUND('',#3565,.F.);
#3565 = EDGE_LOOP('',(#3566,#3567,#3573,#3574));
#3566 = ORIENTED_EDGE('',*,*,#3499,.T.);
#3567 = ORIENTED_EDGE('',*,*,#3568,.T.);
#3568 = EDGE_CURVE('',#3492,#3224,#3569,.T.);
#3569 = LINE('',#3570,#3571);
#3570 = CARTESIAN_POINT('',(5.8,2.5,5.));
#3571 = VECTOR('',#3572,1.);
#3572 = DIRECTION('',(1.7E-16,1.,1.7E-16));
#3573 = ORIENTED_EDGE('',*,*,#3223,.F.);
#3574 = ORIENTED_EDGE('',*,*,#3575,.F.);
#3575 = EDGE_CURVE('',#3500,#3214,#3576,.T.);
#3576 = LINE('',#3577,#3578);
#3577 = CARTESIAN_POINT('',(5.8,2.5,1.7763568394E-15));
#3578 = VECTOR('',#3579,1.);
#3579 = DIRECTION('',(1.7E-16,1.,1.7E-16));
#3580 = PLANE('',#3581);
#3581 = AXIS2_PLACEMENT_3D('',#3582,#3583,#3584);
#3582 = CARTESIAN_POINT('',(5.8,2.5,1.7763568394E-15));
#3583 = DIRECTION('',(-1.,-1.1E-16,-1.7E-16));
#3584 = DIRECTION('',(-1.1E-16,1.,1.7E-16));
#3585 = ADVANCED_FACE('',(#3586,#3611),#3645,.F.);
#3586 = FACE_BOUND('',#3587,.F.);
#3587 = EDGE_LOOP('',(#3588,#3598,#3604,#3605));
#3588 = ORIENTED_EDGE('',*,*,#3589,.T.);
#3589 = EDGE_CURVE('',#3590,#3592,#3594,.T.);
#3590 = VERTEX_POINT('',#3591);
#3591 = CARTESIAN_POINT('',(8.,-2.6,1.E-15));
#3592 = VERTEX_POINT('',#3593);
#3593 = CARTESIAN_POINT('',(8.,-2.6,3.6));
#3594 = LINE('',#3595,#3596);
#3595 = CARTESIAN_POINT('',(8.,-2.6,1.7763568394E-15));
#3596 = VECTOR('',#3597,1.);
#3597 = DIRECTION('',(-5.E-17,1.7E-16,1.));
#3598 = ORIENTED_EDGE('',*,*,#3599,.T.);
#3599 = EDGE_CURVE('',#3592,#3539,#3600,.T.);
#3600 = LINE('',#3601,#3602);
#3601 = CARTESIAN_POINT('',(8.,-2.6,3.6));
#3602 = VECTOR('',#3603,1.);
#3603 = DIRECTION('',(-1.,-1.7E-16,-1.7E-16));
#3604 = ORIENTED_EDGE('',*,*,#3536,.F.);
#3605 = ORIENTED_EDGE('',*,*,#3606,.F.);
#3606 = EDGE_CURVE('',#3590,#3537,#3607,.T.);
#3607 = LINE('',#3608,#3609);
#3608 = CARTESIAN_POINT('',(8.,-2.6,1.7763568394E-15));
#3609 = VECTOR('',#3610,1.);
#3610 = DIRECTION('',(-1.,-1.7E-16,-1.7E-16));
#3611 = FACE_BOUND('',#3612,.F.);
#3612 = EDGE_LOOP('',(#3613,#3623,#3631,#3639));
#3613 = ORIENTED_EDGE('',*,*,#3614,.T.);
#3614 = EDGE_CURVE('',#3615,#3617,#3619,.T.);
#3615 = VERTEX_POINT('',#3616);
#3616 = CARTESIAN_POINT('',(7.85,-2.6,1.45));
#3617 = VERTEX_POINT('',#3618);
#3618 = CARTESIAN_POINT('',(6.15,-2.6,1.45));
#3619 = LINE('',#3620,#3621);
#3620 = CARTESIAN_POINT('',(7.85,-2.6,1.45));
#3621 = VECTOR('',#3622,1.);
#3622 = DIRECTION('',(-1.,-1.7E-16,-1.7E-16));
#3623 = ORIENTED_EDGE('',*,*,#3624,.T.);
#3624 = EDGE_CURVE('',#3617,#3625,#3627,.T.);
#3625 = VERTEX_POINT('',#3626);
#3626 = CARTESIAN_POINT('',(6.15,-2.6,3.15));
#3627 = LINE('',#3628,#3629);
#3628 = CARTESIAN_POINT('',(6.15,-2.6,1.45));
#3629 = VECTOR('',#3630,1.);
#3630 = DIRECTION('',(1.7E-16,1.7E-16,1.));
#3631 = ORIENTED_EDGE('',*,*,#3632,.T.);
#3632 = EDGE_CURVE('',#3625,#3633,#3635,.T.);
#3633 = VERTEX_POINT('',#3634);
#3634 = CARTESIAN_POINT('',(7.85,-2.6,3.15));
#3635 = LINE('',#3636,#3637);
#3636 = CARTESIAN_POINT('',(6.15,-2.6,3.15));
#3637 = VECTOR('',#3638,1.);
#3638 = DIRECTION('',(1.,1.7E-16,1.7E-16));
#3639 = ORIENTED_EDGE('',*,*,#3640,.T.);
#3640 = EDGE_CURVE('',#3633,#3615,#3641,.T.);
#3641 = LINE('',#3642,#3643);
#3642 = CARTESIAN_POINT('',(7.85,-2.6,3.15));
#3643 = VECTOR('',#3644,1.);
#3644 = DIRECTION('',(-1.7E-16,-1.7E-16,-1.));
#3645 = PLANE('',#3646);
#3646 = AXIS2_PLACEMENT_3D('',#3647,#3648,#3649);
#3647 = CARTESIAN_POINT('',(8.,-2.6,1.7763568394E-15));
#3648 = DIRECTION('',(-3.9E-16,-1.,-1.7E-16));
#3649 = DIRECTION('',(-1.,3.9E-16,-1.7E-16));
#3650 = ADVANCED_FACE('',(#3651),#3667,.F.);
#3651 = FACE_BOUND('',#3652,.F.);
#3652 = EDGE_LOOP('',(#3653,#3654,#3660,#3661));
#3653 = ORIENTED_EDGE('',*,*,#3459,.T.);
#3654 = ORIENTED_EDGE('',*,*,#3655,.T.);
#3655 = EDGE_CURVE('',#3452,#3592,#3656,.T.);
#3656 = LINE('',#3657,#3658);
#3657 = CARTESIAN_POINT('',(8.,-2.,3.6));
#3658 = VECTOR('',#3659,1.);
#3659 = DIRECTION('',(-1.7E-16,-1.,-1.7E-16));
#3660 = ORIENTED_EDGE('',*,*,#3589,.F.);
#3661 = ORIENTED_EDGE('',*,*,#3662,.F.);
#3662 = EDGE_CURVE('',#3413,#3590,#3663,.T.);
#3663 = LINE('',#3664,#3665);
#3664 = CARTESIAN_POINT('',(8.,-2.,1.7763568394E-15));
#3665 = VECTOR('',#3666,1.);
#3666 = DIRECTION('',(-1.7E-16,-1.,-1.7E-16));
#3667 = PLANE('',#3668);
#3668 = AXIS2_PLACEMENT_3D('',#3669,#3670,#3671);
#3669 = CARTESIAN_POINT('',(8.,-2.,1.7763568394E-15));
#3670 = DIRECTION('',(1.,1.7E-16,3.9E-16));
#3671 = DIRECTION('',(1.7E-16,-1.,5.E-17));
#3672 = ADVANCED_FACE('',(#3673),#3689,.F.);
#3673 = FACE_BOUND('',#3674,.F.);
#3674 = EDGE_LOOP('',(#3675,#3676,#3682,#3683));
#3675 = ORIENTED_EDGE('',*,*,#3262,.T.);
#3676 = ORIENTED_EDGE('',*,*,#3677,.T.);
#3677 = EDGE_CURVE('',#3255,#3484,#3678,.T.);
#3678 = LINE('',#3679,#3680);
#3679 = CARTESIAN_POINT('',(8.2,3.1,5.));
#3680 = VECTOR('',#3681,1.);
#3681 = DIRECTION('',(-1.7E-16,-1.,-1.7E-16));
#3682 = ORIENTED_EDGE('',*,*,#3483,.F.);
#3683 = ORIENTED_EDGE('',*,*,#3684,.F.);
#3684 = EDGE_CURVE('',#3216,#3474,#3685,.T.);
#3685 = LINE('',#3686,#3687);
#3686 = CARTESIAN_POINT('',(8.2,3.1,2.6645352591E-15));
#3687 = VECTOR('',#3688,1.);
#3688 = DIRECTION('',(-1.7E-16,-1.,-1.7E-16));
#3689 = PLANE('',#3690);
#3690 = AXIS2_PLACEMENT_3D('',#3691,#3692,#3693);
#3691 = CARTESIAN_POINT('',(8.2,3.1,2.6645352591E-15));
#3692 = DIRECTION('',(1.,1.1E-16,1.7E-16));
#3693 = DIRECTION('',(1.1E-16,-1.,-1.7E-16));
#3694 = ADVANCED_FACE('',(#3695),#3711,.F.);
#3695 = FACE_BOUND('',#3696,.F.);
#3696 = EDGE_LOOP('',(#3697,#3698,#3704,#3705));
#3697 = ORIENTED_EDGE('',*,*,#3302,.T.);
#3698 = ORIENTED_EDGE('',*,*,#3699,.T.);
#3699 = EDGE_CURVE('',#3295,#3421,#3700,.T.);
#3700 = LINE('',#3701,#3702);
#3701 = CARTESIAN_POINT('',(8.5,2.,6.5));
#3702 = VECTOR('',#3703,1.);
#3703 = DIRECTION('',(-1.7E-16,-1.,-1.7E-16));
#3704 = ORIENTED_EDGE('',*,*,#3420,.F.);
#3705 = ORIENTED_EDGE('',*,*,#3706,.F.);
#3706 = EDGE_CURVE('',#3303,#3411,#3707,.T.);
#3707 = LINE('',#3708,#3709);
#3708 = CARTESIAN_POINT('',(8.5,2.,2.6645352591E-15));
#3709 = VECTOR('',#3710,1.);
#3710 = DIRECTION('',(-1.7E-16,-1.,-1.7E-16));
#3711 = PLANE('',#3712);
#3712 = AXIS2_PLACEMENT_3D('',#3713,#3714,#3715);
#3713 = CARTESIAN_POINT('',(8.5,2.,1.7763568394E-15));
#3714 = DIRECTION('',(1.,1.7E-16,3.9E-16));
#3715 = DIRECTION('',(1.7E-16,-1.,5.E-17));
#3716 = ADVANCED_FACE('',(#3717),#3733,.F.);
#3717 = FACE_BOUND('',#3718,.F.);
#3718 = EDGE_LOOP('',(#3719,#3720,#3726,#3727));
#3719 = ORIENTED_EDGE('',*,*,#3522,.T.);
#3720 = ORIENTED_EDGE('',*,*,#3721,.T.);
#3721 = EDGE_CURVE('',#3515,#3319,#3722,.T.);
#3722 = LINE('',#3723,#3724);
#3723 = CARTESIAN_POINT('',(7.85,2.5,3.6));
#3724 = VECTOR('',#3725,1.);
#3725 = DIRECTION('',(-1.7E-16,-1.,-1.7E-16));
#3726 = ORIENTED_EDGE('',*,*,#3318,.F.);
#3727 = ORIENTED_EDGE('',*,*,#3728,.F.);
#3728 = EDGE_CURVE('',#3476,#3311,#3729,.T.);
#3729 = LINE('',#3730,#3731);
#3730 = CARTESIAN_POINT('',(7.85,2.5,2.6645352591E-15));
#3731 = VECTOR('',#3732,1.);
#3732 = DIRECTION('',(-1.7E-16,-1.,-1.7E-16));
#3733 = PLANE('',#3734);
#3734 = AXIS2_PLACEMENT_3D('',#3735,#3736,#3737);
#3735 = CARTESIAN_POINT('',(7.85,2.5,2.6645352591E-15));
#3736 = DIRECTION('',(1.,1.1E-16,1.7E-16));
#3737 = DIRECTION('',(1.1E-16,-1.,-1.7E-16));
#3738 = ADVANCED_FACE('',(#3739),#3796,.F.);
#3739 = FACE_BOUND('',#3740,.F.);
#3740 = EDGE_LOOP('',(#3741,#3751,#3759,#3767,#3773,#3774,#3782,#3790));
#3741 = ORIENTED_EDGE('',*,*,#3742,.F.);
#3742 = EDGE_CURVE('',#3743,#3745,#3747,.T.);
#3743 = VERTEX_POINT('',#3744);
#3744 = CARTESIAN_POINT('',(2.3,3.1,1.E-15));
#3745 = VERTEX_POINT('',#3746);
#3746 = CARTESIAN_POINT('',(4.7,3.1,1.E-15));
#3747 = LINE('',#3748,#3749);
#3748 = CARTESIAN_POINT('',(2.3,3.1,1.33226762955E-15));
#3749 = VECTOR('',#3750,1.);
#3750 = DIRECTION('',(1.,1.7E-16,1.7E-16));
#3751 = ORIENTED_EDGE('',*,*,#3752,.T.);
#3752 = EDGE_CURVE('',#3743,#3753,#3755,.T.);
#3753 = VERTEX_POINT('',#3754);
#3754 = CARTESIAN_POINT('',(2.3,3.1,5.));
#3755 = LINE('',#3756,#3757);
#3756 = CARTESIAN_POINT('',(2.3,3.1,1.33226762955E-15));
#3757 = VECTOR('',#3758,1.);
#3758 = DIRECTION('',(1.7E-16,2.3E-16,1.));
#3759 = ORIENTED_EDGE('',*,*,#3760,.T.);
#3760 = EDGE_CURVE('',#3753,#3761,#3763,.T.);
#3761 = VERTEX_POINT('',#3762);
#3762 = CARTESIAN_POINT('',(2.675,3.1,5.));
#3763 = LINE('',#3764,#3765);
#3764 = CARTESIAN_POINT('',(2.3,3.1,5.));
#3765 = VECTOR('',#3766,1.);
#3766 = DIRECTION('',(1.,1.7E-16,1.7E-16));
#3767 = ORIENTED_EDGE('',*,*,#3768,.F.);
#3768 = EDGE_CURVE('',#1871,#3761,#3769,.T.);
#3769 = LINE('',#3770,#3771);
#3770 = CARTESIAN_POINT('',(2.675,3.1,1.2));
#3771 = VECTOR('',#3772,1.);
#3772 = DIRECTION('',(1.7E-16,2.3E-16,1.));
#3773 = ORIENTED_EDGE('',*,*,#1878,.T.);
#3774 = ORIENTED_EDGE('',*,*,#3775,.T.);
#3775 = EDGE_CURVE('',#1879,#3776,#3778,.T.);
#3776 = VERTEX_POINT('',#3777);
#3777 = CARTESIAN_POINT('',(4.325,3.1,5.));
#3778 = LINE('',#3779,#3780);
#3779 = CARTESIAN_POINT('',(4.325,3.1,1.2));
#3780 = VECTOR('',#3781,1.);
#3781 = DIRECTION('',(1.7E-16,2.3E-16,1.));
#3782 = ORIENTED_EDGE('',*,*,#3783,.T.);
#3783 = EDGE_CURVE('',#3776,#3784,#3786,.T.);
#3784 = VERTEX_POINT('',#3785);
#3785 = CARTESIAN_POINT('',(4.7,3.1,5.));
#3786 = LINE('',#3787,#3788);
#3787 = CARTESIAN_POINT('',(2.3,3.1,5.));
#3788 = VECTOR('',#3789,1.);
#3789 = DIRECTION('',(1.,1.7E-16,1.7E-16));
#3790 = ORIENTED_EDGE('',*,*,#3791,.F.);
#3791 = EDGE_CURVE('',#3745,#3784,#3792,.T.);
#3792 = LINE('',#3793,#3794);
#3793 = CARTESIAN_POINT('',(4.7,3.1,1.7763568394E-15));
#3794 = VECTOR('',#3795,1.);
#3795 = DIRECTION('',(1.7E-16,2.3E-16,1.));
#3796 = PLANE('',#3797);
#3797 = AXIS2_PLACEMENT_3D('',#3798,#3799,#3800);
#3798 = CARTESIAN_POINT('',(2.3,3.1,1.33226762955E-15));
#3799 = DIRECTION('',(1.7E-16,1.,1.1E-16));
#3800 = DIRECTION('',(1.,-1.7E-16,2.3E-16));
#3801 = ADVANCED_FACE('',(#3802),#3868,.F.);
#3802 = FACE_BOUND('',#3803,.F.);
#3803 = EDGE_LOOP('',(#3804,#3814,#3822,#3830,#3838,#3846,#3854,#3862));
#3804 = ORIENTED_EDGE('',*,*,#3805,.F.);
#3805 = EDGE_CURVE('',#3806,#3808,#3810,.T.);
#3806 = VERTEX_POINT('',#3807);
#3807 = CARTESIAN_POINT('',(2.,2.,1.E-15));
#3808 = VERTEX_POINT('',#3809);
#3809 = CARTESIAN_POINT('',(2.65,2.,1.E-15));
#3810 = LINE('',#3811,#3812);
#3811 = CARTESIAN_POINT('',(2.,2.,8.881784197001E-16));
#3812 = VECTOR('',#3813,1.);
#3813 = DIRECTION('',(1.,1.7E-16,1.7E-16));
#3814 = ORIENTED_EDGE('',*,*,#3815,.T.);
#3815 = EDGE_CURVE('',#3806,#3816,#3818,.T.);
#3816 = VERTEX_POINT('',#3817);
#3817 = CARTESIAN_POINT('',(2.,2.,6.5));
#3818 = LINE('',#3819,#3820);
#3819 = CARTESIAN_POINT('',(2.,2.,4.440892098501E-16));
#3820 = VECTOR('',#3821,1.);
#3821 = DIRECTION('',(-5.E-17,1.7E-16,1.));
#3822 = ORIENTED_EDGE('',*,*,#3823,.T.);
#3823 = EDGE_CURVE('',#3816,#3824,#3826,.T.);
#3824 = VERTEX_POINT('',#3825);
#3825 = CARTESIAN_POINT('',(5.,2.,6.5));
#3826 = LINE('',#3827,#3828);
#3827 = CARTESIAN_POINT('',(2.,2.,6.5));
#3828 = VECTOR('',#3829,1.);
#3829 = DIRECTION('',(1.,1.7E-16,1.7E-16));
#3830 = ORIENTED_EDGE('',*,*,#3831,.F.);
#3831 = EDGE_CURVE('',#3832,#3824,#3834,.T.);
#3832 = VERTEX_POINT('',#3833);
#3833 = CARTESIAN_POINT('',(5.,2.,1.E-15));
#3834 = LINE('',#3835,#3836);
#3835 = CARTESIAN_POINT('',(5.,2.,8.881784197001E-16));
#3836 = VECTOR('',#3837,1.);
#3837 = DIRECTION('',(-5.E-17,1.7E-16,1.));
#3838 = ORIENTED_EDGE('',*,*,#3839,.F.);
#3839 = EDGE_CURVE('',#3840,#3832,#3842,.T.);
#3840 = VERTEX_POINT('',#3841);
#3841 = CARTESIAN_POINT('',(4.35,2.,1.E-15));
#3842 = LINE('',#3843,#3844);
#3843 = CARTESIAN_POINT('',(2.,2.,8.881784197001E-16));
#3844 = VECTOR('',#3845,1.);
#3845 = DIRECTION('',(1.,1.7E-16,1.7E-16));
#3846 = ORIENTED_EDGE('',*,*,#3847,.T.);
#3847 = EDGE_CURVE('',#3840,#3848,#3850,.T.);
#3848 = VERTEX_POINT('',#3849);
#3849 = CARTESIAN_POINT('',(4.35,2.,3.6));
#3850 = LINE('',#3851,#3852);
#3851 = CARTESIAN_POINT('',(4.35,2.,1.33226762955E-15));
#3852 = VECTOR('',#3853,1.);
#3853 = DIRECTION('',(1.7E-16,2.3E-16,1.));
#3854 = ORIENTED_EDGE('',*,*,#3855,.T.);
#3855 = EDGE_CURVE('',#3848,#3856,#3858,.T.);
#3856 = VERTEX_POINT('',#3857);
#3857 = CARTESIAN_POINT('',(2.65,2.,3.6));
#3858 = LINE('',#3859,#3860);
#3859 = CARTESIAN_POINT('',(4.35,2.,3.6));
#3860 = VECTOR('',#3861,1.);
#3861 = DIRECTION('',(-1.,-1.7E-16,-1.7E-16));
#3862 = ORIENTED_EDGE('',*,*,#3863,.F.);
#3863 = EDGE_CURVE('',#3808,#3856,#3864,.T.);
#3864 = LINE('',#3865,#3866);
#3865 = CARTESIAN_POINT('',(2.65,2.,8.881784197001E-16));
#3866 = VECTOR('',#3867,1.);
#3867 = DIRECTION('',(1.7E-16,2.3E-16,1.));
#3868 = PLANE('',#3869);
#3869 = AXIS2_PLACEMENT_3D('',#3870,#3871,#3872);
#3870 = CARTESIAN_POINT('',(2.,2.,4.440892098501E-16));
#3871 = DIRECTION('',(3.9E-16,1.,1.7E-16));
#3872 = DIRECTION('',(1.,-3.9E-16,1.7E-16));
#3873 = ADVANCED_FACE('',(#3874),#3899,.F.);
#3874 = FACE_BOUND('',#3875,.F.);
#3875 = EDGE_LOOP('',(#3876,#3886,#3892,#3893));
#3876 = ORIENTED_EDGE('',*,*,#3877,.T.);
#3877 = EDGE_CURVE('',#3878,#3880,#3882,.T.);
#3878 = VERTEX_POINT('',#3879);
#3879 = CARTESIAN_POINT('',(2.,-2.,0.));
#3880 = VERTEX_POINT('',#3881);
#3881 = CARTESIAN_POINT('',(2.,-2.,6.5));
#3882 = LINE('',#3883,#3884);
#3883 = CARTESIAN_POINT('',(2.,-2.,8.881784197001E-16));
#3884 = VECTOR('',#3885,1.);
#3885 = DIRECTION('',(-5.E-17,1.7E-16,1.));
#3886 = ORIENTED_EDGE('',*,*,#3887,.T.);
#3887 = EDGE_CURVE('',#3880,#3816,#3888,.T.);
#3888 = LINE('',#3889,#3890);
#3889 = CARTESIAN_POINT('',(2.,-2.,6.5));
#3890 = VECTOR('',#3891,1.);
#3891 = DIRECTION('',(1.7E-16,1.,1.7E-16));
#3892 = ORIENTED_EDGE('',*,*,#3815,.F.);
#3893 = ORIENTED_EDGE('',*,*,#3894,.F.);
#3894 = EDGE_CURVE('',#3878,#3806,#3895,.T.);
#3895 = LINE('',#3896,#3897);
#3896 = CARTESIAN_POINT('',(2.,-2.,4.440892098501E-16));
#3897 = VECTOR('',#3898,1.);
#3898 = DIRECTION('',(1.7E-16,1.,1.7E-16));
#3899 = PLANE('',#3900);
#3900 = AXIS2_PLACEMENT_3D('',#3901,#3902,#3903);
#3901 = CARTESIAN_POINT('',(2.,-2.,8.881784197001E-16));
#3902 = DIRECTION('',(-1.,-1.7E-16,-3.9E-16));
#3903 = DIRECTION('',(-1.7E-16,1.,-5.E-17));
#3904 = ADVANCED_FACE('',(#3905),#3930,.F.);
#3905 = FACE_BOUND('',#3906,.F.);
#3906 = EDGE_LOOP('',(#3907,#3908,#3916,#3924));
#3907 = ORIENTED_EDGE('',*,*,#3863,.T.);
#3908 = ORIENTED_EDGE('',*,*,#3909,.T.);
#3909 = EDGE_CURVE('',#3856,#3910,#3912,.T.);
#3910 = VERTEX_POINT('',#3911);
#3911 = CARTESIAN_POINT('',(2.65,2.5,3.6));
#3912 = LINE('',#3913,#3914);
#3913 = CARTESIAN_POINT('',(2.65,2.,3.6));
#3914 = VECTOR('',#3915,1.);
#3915 = DIRECTION('',(1.7E-16,1.,1.7E-16));
#3916 = ORIENTED_EDGE('',*,*,#3917,.F.);
#3917 = EDGE_CURVE('',#3918,#3910,#3920,.T.);
#3918 = VERTEX_POINT('',#3919);
#3919 = CARTESIAN_POINT('',(2.65,2.5,1.E-15));
#3920 = LINE('',#3921,#3922);
#3921 = CARTESIAN_POINT('',(2.65,2.5,1.33226762955E-15));
#3922 = VECTOR('',#3923,1.);
#3923 = DIRECTION('',(1.7E-16,2.3E-16,1.));
#3924 = ORIENTED_EDGE('',*,*,#3925,.F.);
#3925 = EDGE_CURVE('',#3808,#3918,#3926,.T.);
#3926 = LINE('',#3927,#3928);
#3927 = CARTESIAN_POINT('',(2.65,2.,8.881784197001E-16));
#3928 = VECTOR('',#3929,1.);
#3929 = DIRECTION('',(1.7E-16,1.,1.7E-16));
#3930 = PLANE('',#3931);
#3931 = AXIS2_PLACEMENT_3D('',#3932,#3933,#3934);
#3932 = CARTESIAN_POINT('',(2.65,2.,8.881784197001E-16));
#3933 = DIRECTION('',(-1.,-1.1E-16,-1.7E-16));
#3934 = DIRECTION('',(-1.1E-16,1.,1.7E-16));
#3935 = ADVANCED_FACE('',(#3936),#3993,.F.);
#3936 = FACE_BOUND('',#3937,.F.);
#3937 = EDGE_LOOP('',(#3938,#3948,#3956,#3962,#3963,#3971,#3979,#3987));
#3938 = ORIENTED_EDGE('',*,*,#3939,.F.);
#3939 = EDGE_CURVE('',#3940,#3942,#3944,.T.);
#3940 = VERTEX_POINT('',#3941);
#3941 = CARTESIAN_POINT('',(5.,-2.,1.E-15));
#3942 = VERTEX_POINT('',#3943);
#3943 = CARTESIAN_POINT('',(4.5,-2.,1.E-15));
#3944 = LINE('',#3945,#3946);
#3945 = CARTESIAN_POINT('',(5.,-2.,8.881784197001E-16));
#3946 = VECTOR('',#3947,1.);
#3947 = DIRECTION('',(-1.,-1.7E-16,-1.7E-16));
#3948 = ORIENTED_EDGE('',*,*,#3949,.T.);
#3949 = EDGE_CURVE('',#3940,#3950,#3952,.T.);
#3950 = VERTEX_POINT('',#3951);
#3951 = CARTESIAN_POINT('',(5.,-2.,6.5));
#3952 = LINE('',#3953,#3954);
#3953 = CARTESIAN_POINT('',(5.,-2.,1.33226762955E-15));
#3954 = VECTOR('',#3955,1.);
#3955 = DIRECTION('',(-5.E-17,1.7E-16,1.));
#3956 = ORIENTED_EDGE('',*,*,#3957,.T.);
#3957 = EDGE_CURVE('',#3950,#3880,#3958,.T.);
#3958 = LINE('',#3959,#3960);
#3959 = CARTESIAN_POINT('',(5.,-2.,6.5));
#3960 = VECTOR('',#3961,1.);
#3961 = DIRECTION('',(-1.,-1.7E-16,-1.7E-16));
#3962 = ORIENTED_EDGE('',*,*,#3877,.F.);
#3963 = ORIENTED_EDGE('',*,*,#3964,.F.);
#3964 = EDGE_CURVE('',#3965,#3878,#3967,.T.);
#3965 = VERTEX_POINT('',#3966);
#3966 = CARTESIAN_POINT('',(2.5,-2.,0.));
#3967 = LINE('',#3968,#3969);
#3968 = CARTESIAN_POINT('',(5.,-2.,8.881784197001E-16));
#3969 = VECTOR('',#3970,1.);
#3970 = DIRECTION('',(-1.,-1.7E-16,-1.7E-16));
#3971 = ORIENTED_EDGE('',*,*,#3972,.T.);
#3972 = EDGE_CURVE('',#3965,#3973,#3975,.T.);
#3973 = VERTEX_POINT('',#3974);
#3974 = CARTESIAN_POINT('',(2.5,-2.,3.6));
#3975 = LINE('',#3976,#3977);
#3976 = CARTESIAN_POINT('',(2.5,-2.,8.881784197001E-16));
#3977 = VECTOR('',#3978,1.);
#3978 = DIRECTION('',(-5.E-17,1.7E-16,1.));
#3979 = ORIENTED_EDGE('',*,*,#3980,.T.);
#3980 = EDGE_CURVE('',#3973,#3981,#3983,.T.);
#3981 = VERTEX_POINT('',#3982);
#3982 = CARTESIAN_POINT('',(4.5,-2.,3.6));
#3983 = LINE('',#3984,#3985);
#3984 = CARTESIAN_POINT('',(2.5,-2.,3.6));
#3985 = VECTOR('',#3986,1.);
#3986 = DIRECTION('',(1.,1.7E-16,1.7E-16));
#3987 = ORIENTED_EDGE('',*,*,#3988,.F.);
#3988 = EDGE_CURVE('',#3942,#3981,#3989,.T.);
#3989 = LINE('',#3990,#3991);
#3990 = CARTESIAN_POINT('',(4.5,-2.,1.33226762955E-15));
#3991 = VECTOR('',#3992,1.);
#3992 = DIRECTION('',(-5.E-17,1.7E-16,1.));
#3993 = PLANE('',#3994);
#3994 = AXIS2_PLACEMENT_3D('',#3995,#3996,#3997);
#3995 = CARTESIAN_POINT('',(5.,-2.,1.33226762955E-15));
#3996 = DIRECTION('',(-3.9E-16,-1.,-1.7E-16));
#3997 = DIRECTION('',(-1.,3.9E-16,-1.7E-16));
#3998 = ADVANCED_FACE('',(#3999),#4056,.F.);
#3999 = FACE_BOUND('',#4000,.F.);
#4000 = EDGE_LOOP('',(#4001,#4011,#4019,#4027,#4035,#4041,#4042,#4050));
#4001 = ORIENTED_EDGE('',*,*,#4002,.F.);
#4002 = EDGE_CURVE('',#4003,#4005,#4007,.T.);
#4003 = VERTEX_POINT('',#4004);
#4004 = CARTESIAN_POINT('',(4.7,2.5,1.E-15));
#4005 = VERTEX_POINT('',#4006);
#4006 = CARTESIAN_POINT('',(4.35,2.5,1.E-15));
#4007 = LINE('',#4008,#4009);
#4008 = CARTESIAN_POINT('',(4.7,2.5,1.33226762955E-15));
#4009 = VECTOR('',#4010,1.);
#4010 = DIRECTION('',(-1.,-1.7E-16,-1.7E-16));
#4011 = ORIENTED_EDGE('',*,*,#4012,.T.);
#4012 = EDGE_CURVE('',#4003,#4013,#4015,.T.);
#4013 = VERTEX_POINT('',#4014);
#4014 = CARTESIAN_POINT('',(4.7,2.5,5.));
#4015 = LINE('',#4016,#4017);
#4016 = CARTESIAN_POINT('',(4.7,2.5,1.7763568394E-15));
#4017 = VECTOR('',#4018,1.);
#4018 = DIRECTION('',(1.7E-16,2.3E-16,1.));
#4019 = ORIENTED_EDGE('',*,*,#4020,.T.);
#4020 = EDGE_CURVE('',#4013,#4021,#4023,.T.);
#4021 = VERTEX_POINT('',#4022);
#4022 = CARTESIAN_POINT('',(2.3,2.5,5.));
#4023 = LINE('',#4024,#4025);
#4024 = CARTESIAN_POINT('',(4.7,2.5,5.));
#4025 = VECTOR('',#4026,1.);
#4026 = DIRECTION('',(-1.,-1.7E-16,-1.7E-16));
#4027 = ORIENTED_EDGE('',*,*,#4028,.F.);
#4028 = EDGE_CURVE('',#4029,#4021,#4031,.T.);
#4029 = VERTEX_POINT('',#4030);
#4030 = CARTESIAN_POINT('',(2.3,2.5,1.E-15));
#4031 = LINE('',#4032,#4033);
#4032 = CARTESIAN_POINT('',(2.3,2.5,8.881784197001E-16));
#4033 = VECTOR('',#4034,1.);
#4034 = DIRECTION('',(1.7E-16,2.3E-16,1.));
#4035 = ORIENTED_EDGE('',*,*,#4036,.F.);
#4036 = EDGE_CURVE('',#3918,#4029,#4037,.T.);
#4037 = LINE('',#4038,#4039);
#4038 = CARTESIAN_POINT('',(4.7,2.5,1.33226762955E-15));
#4039 = VECTOR('',#4040,1.);
#4040 = DIRECTION('',(-1.,-1.7E-16,-1.7E-16));
#4041 = ORIENTED_EDGE('',*,*,#3917,.T.);
#4042 = ORIENTED_EDGE('',*,*,#4043,.T.);
#4043 = EDGE_CURVE('',#3910,#4044,#4046,.T.);
#4044 = VERTEX_POINT('',#4045);
#4045 = CARTESIAN_POINT('',(4.35,2.5,3.6));
#4046 = LINE('',#4047,#4048);
#4047 = CARTESIAN_POINT('',(2.65,2.5,3.6));
#4048 = VECTOR('',#4049,1.);
#4049 = DIRECTION('',(1.,1.7E-16,1.7E-16));
#4050 = ORIENTED_EDGE('',*,*,#4051,.F.);
#4051 = EDGE_CURVE('',#4005,#4044,#4052,.T.);
#4052 = LINE('',#4053,#4054);
#4053 = CARTESIAN_POINT('',(4.35,2.5,1.33226762955E-15));
#4054 = VECTOR('',#4055,1.);
#4055 = DIRECTION('',(1.7E-16,2.3E-16,1.));
#4056 = PLANE('',#4057);
#4057 = AXIS2_PLACEMENT_3D('',#4058,#4059,#4060);
#4058 = CARTESIAN_POINT('',(4.7,2.5,1.7763568394E-15));
#4059 = DIRECTION('',(-1.7E-16,-1.,-1.1E-16));
#4060 = DIRECTION('',(-1.,1.7E-16,-2.3E-16));
#4061 = ADVANCED_FACE('',(#4062),#4087,.F.);
#4062 = FACE_BOUND('',#4063,.F.);
#4063 = EDGE_LOOP('',(#4064,#4074,#4080,#4081));
#4064 = ORIENTED_EDGE('',*,*,#4065,.T.);
#4065 = EDGE_CURVE('',#4066,#4068,#4070,.T.);
#4066 = VERTEX_POINT('',#4067);
#4067 = CARTESIAN_POINT('',(2.5,-2.6,0.));
#4068 = VERTEX_POINT('',#4069);
#4069 = CARTESIAN_POINT('',(2.5,-2.6,3.6));
#4070 = LINE('',#4071,#4072);
#4071 = CARTESIAN_POINT('',(2.5,-2.6,8.881784197001E-16));
#4072 = VECTOR('',#4073,1.);
#4073 = DIRECTION('',(-5.E-17,1.7E-16,1.));
#4074 = ORIENTED_EDGE('',*,*,#4075,.T.);
#4075 = EDGE_CURVE('',#4068,#3973,#4076,.T.);
#4076 = LINE('',#4077,#4078);
#4077 = CARTESIAN_POINT('',(2.5,-2.6,3.6));
#4078 = VECTOR('',#4079,1.);
#4079 = DIRECTION('',(1.7E-16,1.,1.7E-16));
#4080 = ORIENTED_EDGE('',*,*,#3972,.F.);
#4081 = ORIENTED_EDGE('',*,*,#4082,.F.);
#4082 = EDGE_CURVE('',#4066,#3965,#4083,.T.);
#4083 = LINE('',#4084,#4085);
#4084 = CARTESIAN_POINT('',(2.5,-2.6,4.440892098501E-16));
#4085 = VECTOR('',#4086,1.);
#4086 = DIRECTION('',(1.7E-16,1.,1.7E-16));
#4087 = PLANE('',#4088);
#4088 = AXIS2_PLACEMENT_3D('',#4089,#4090,#4091);
#4089 = CARTESIAN_POINT('',(2.5,-2.6,8.881784197001E-16));
#4090 = DIRECTION('',(-1.,-1.7E-16,-3.9E-16));
#4091 = DIRECTION('',(-1.7E-16,1.,-5.E-17));
#4092 = ADVANCED_FACE('',(#4093),#4109,.F.);
#4093 = FACE_BOUND('',#4094,.F.);
#4094 = EDGE_LOOP('',(#4095,#4096,#4102,#4103));
#4095 = ORIENTED_EDGE('',*,*,#4028,.T.);
#4096 = ORIENTED_EDGE('',*,*,#4097,.T.);
#4097 = EDGE_CURVE('',#4021,#3753,#4098,.T.);
#4098 = LINE('',#4099,#4100);
#4099 = CARTESIAN_POINT('',(2.3,2.5,5.));
#4100 = VECTOR('',#4101,1.);
#4101 = DIRECTION('',(1.7E-16,1.,1.7E-16));
#4102 = ORIENTED_EDGE('',*,*,#3752,.F.);
#4103 = ORIENTED_EDGE('',*,*,#4104,.F.);
#4104 = EDGE_CURVE('',#4029,#3743,#4105,.T.);
#4105 = LINE('',#4106,#4107);
#4106 = CARTESIAN_POINT('',(2.3,2.5,8.881784197001E-16));
#4107 = VECTOR('',#4108,1.);
#4108 = DIRECTION('',(1.7E-16,1.,1.7E-16));
#4109 = PLANE('',#4110);
#4110 = AXIS2_PLACEMENT_3D('',#4111,#4112,#4113);
#4111 = CARTESIAN_POINT('',(2.3,2.5,8.881784197001E-16));
#4112 = DIRECTION('',(-1.,-1.1E-16,-1.7E-16));
#4113 = DIRECTION('',(-1.1E-16,1.,1.7E-16));
#4114 = ADVANCED_FACE('',(#4115,#4140),#4174,.F.);
#4115 = FACE_BOUND('',#4116,.F.);
#4116 = EDGE_LOOP('',(#4117,#4127,#4133,#4134));
#4117 = ORIENTED_EDGE('',*,*,#4118,.T.);
#4118 = EDGE_CURVE('',#4119,#4121,#4123,.T.);
#4119 = VERTEX_POINT('',#4120);
#4120 = CARTESIAN_POINT('',(4.5,-2.6,1.E-15));
#4121 = VERTEX_POINT('',#4122);
#4122 = CARTESIAN_POINT('',(4.5,-2.6,3.6));
#4123 = LINE('',#4124,#4125);
#4124 = CARTESIAN_POINT('',(4.5,-2.6,1.33226762955E-15));
#4125 = VECTOR('',#4126,1.);
#4126 = DIRECTION('',(-5.E-17,1.7E-16,1.));
#4127 = ORIENTED_EDGE('',*,*,#4128,.T.);
#4128 = EDGE_CURVE('',#4121,#4068,#4129,.T.);
#4129 = LINE('',#4130,#4131);
#4130 = CARTESIAN_POINT('',(4.5,-2.6,3.6));
#4131 = VECTOR('',#4132,1.);
#4132 = DIRECTION('',(-1.,-1.7E-16,-1.7E-16));
#4133 = ORIENTED_EDGE('',*,*,#4065,.F.);
#4134 = ORIENTED_EDGE('',*,*,#4135,.F.);
#4135 = EDGE_CURVE('',#4119,#4066,#4136,.T.);
#4136 = LINE('',#4137,#4138);
#4137 = CARTESIAN_POINT('',(4.5,-2.6,4.440892098501E-16));
#4138 = VECTOR('',#4139,1.);
#4139 = DIRECTION('',(-1.,-1.7E-16,-1.7E-16));
#4140 = FACE_BOUND('',#4141,.F.);
#4141 = EDGE_LOOP('',(#4142,#4152,#4160,#4168));
#4142 = ORIENTED_EDGE('',*,*,#4143,.T.);
#4143 = EDGE_CURVE('',#4144,#4146,#4148,.T.);
#4144 = VERTEX_POINT('',#4145);
#4145 = CARTESIAN_POINT('',(4.35,-2.6,1.45));
#4146 = VERTEX_POINT('',#4147);
#4147 = CARTESIAN_POINT('',(2.65,-2.6,1.45));
#4148 = LINE('',#4149,#4150);
#4149 = CARTESIAN_POINT('',(4.35,-2.6,1.45));
#4150 = VECTOR('',#4151,1.);
#4151 = DIRECTION('',(-1.,-1.7E-16,-1.7E-16));
#4152 = ORIENTED_EDGE('',*,*,#4153,.T.);
#4153 = EDGE_CURVE('',#4146,#4154,#4156,.T.);
#4154 = VERTEX_POINT('',#4155);
#4155 = CARTESIAN_POINT('',(2.65,-2.6,3.15));
#4156 = LINE('',#4157,#4158);
#4157 = CARTESIAN_POINT('',(2.65,-2.6,1.45));
#4158 = VECTOR('',#4159,1.);
#4159 = DIRECTION('',(1.7E-16,1.7E-16,1.));
#4160 = ORIENTED_EDGE('',*,*,#4161,.T.);
#4161 = EDGE_CURVE('',#4154,#4162,#4164,.T.);
#4162 = VERTEX_POINT('',#4163);
#4163 = CARTESIAN_POINT('',(4.35,-2.6,3.15));
#4164 = LINE('',#4165,#4166);
#4165 = CARTESIAN_POINT('',(2.65,-2.6,3.15));
#4166 = VECTOR('',#4167,1.);
#4167 = DIRECTION('',(1.,1.7E-16,1.7E-16));
#4168 = ORIENTED_EDGE('',*,*,#4169,.T.);
#4169 = EDGE_CURVE('',#4162,#4144,#4170,.T.);
#4170 = LINE('',#4171,#4172);
#4171 = CARTESIAN_POINT('',(4.35,-2.6,3.15));
#4172 = VECTOR('',#4173,1.);
#4173 = DIRECTION('',(-1.7E-16,-1.7E-16,-1.));
#4174 = PLANE('',#4175);
#4175 = AXIS2_PLACEMENT_3D('',#4176,#4177,#4178);
#4176 = CARTESIAN_POINT('',(4.5,-2.6,1.33226762955E-15));
#4177 = DIRECTION('',(-3.9E-16,-1.,-1.7E-16));
#4178 = DIRECTION('',(-1.,3.9E-16,-1.7E-16));
#4179 = ADVANCED_FACE('',(#4180),#4196,.F.);
#4180 = FACE_BOUND('',#4181,.F.);
#4181 = EDGE_LOOP('',(#4182,#4183,#4189,#4190));
#4182 = ORIENTED_EDGE('',*,*,#3988,.T.);
#4183 = ORIENTED_EDGE('',*,*,#4184,.T.);
#4184 = EDGE_CURVE('',#3981,#4121,#4185,.T.);
#4185 = LINE('',#4186,#4187);
#4186 = CARTESIAN_POINT('',(4.5,-2.,3.6));
#4187 = VECTOR('',#4188,1.);
#4188 = DIRECTION('',(-1.7E-16,-1.,-1.7E-16));
#4189 = ORIENTED_EDGE('',*,*,#4118,.F.);
#4190 = ORIENTED_EDGE('',*,*,#4191,.F.);
#4191 = EDGE_CURVE('',#3942,#4119,#4192,.T.);
#4192 = LINE('',#4193,#4194);
#4193 = CARTESIAN_POINT('',(4.5,-2.,8.881784197001E-16));
#4194 = VECTOR('',#4195,1.);
#4195 = DIRECTION('',(-1.7E-16,-1.,-1.7E-16));
#4196 = PLANE('',#4197);
#4197 = AXIS2_PLACEMENT_3D('',#4198,#4199,#4200);
#4198 = CARTESIAN_POINT('',(4.5,-2.,1.33226762955E-15));
#4199 = DIRECTION('',(1.,1.7E-16,3.9E-16));
#4200 = DIRECTION('',(1.7E-16,-1.,5.E-17));
#4201 = ADVANCED_FACE('',(#4202),#4218,.F.);
#4202 = FACE_BOUND('',#4203,.F.);
#4203 = EDGE_LOOP('',(#4204,#4205,#4211,#4212));
#4204 = ORIENTED_EDGE('',*,*,#3791,.T.);
#4205 = ORIENTED_EDGE('',*,*,#4206,.T.);
#4206 = EDGE_CURVE('',#3784,#4013,#4207,.T.);
#4207 = LINE('',#4208,#4209);
#4208 = CARTESIAN_POINT('',(4.7,3.1,5.));
#4209 = VECTOR('',#4210,1.);
#4210 = DIRECTION('',(-1.7E-16,-1.,-1.7E-16));
#4211 = ORIENTED_EDGE('',*,*,#4012,.F.);
#4212 = ORIENTED_EDGE('',*,*,#4213,.F.);
#4213 = EDGE_CURVE('',#3745,#4003,#4214,.T.);
#4214 = LINE('',#4215,#4216);
#4215 = CARTESIAN_POINT('',(4.7,3.1,1.7763568394E-15));
#4216 = VECTOR('',#4217,1.);
#4217 = DIRECTION('',(-1.7E-16,-1.,-1.7E-16));
#4218 = PLANE('',#4219);
#4219 = AXIS2_PLACEMENT_3D('',#4220,#4221,#4222);
#4220 = CARTESIAN_POINT('',(4.7,3.1,1.7763568394E-15));
#4221 = DIRECTION('',(1.,1.1E-16,1.7E-16));
#4222 = DIRECTION('',(1.1E-16,-1.,-1.7E-16));
#4223 = ADVANCED_FACE('',(#4224),#4240,.F.);
#4224 = FACE_BOUND('',#4225,.F.);
#4225 = EDGE_LOOP('',(#4226,#4227,#4233,#4234));
#4226 = ORIENTED_EDGE('',*,*,#3831,.T.);
#4227 = ORIENTED_EDGE('',*,*,#4228,.T.);
#4228 = EDGE_CURVE('',#3824,#3950,#4229,.T.);
#4229 = LINE('',#4230,#4231);
#4230 = CARTESIAN_POINT('',(5.,2.,6.5));
#4231 = VECTOR('',#4232,1.);
#4232 = DIRECTION('',(-1.7E-16,-1.,-1.7E-16));
#4233 = ORIENTED_EDGE('',*,*,#3949,.F.);
#4234 = ORIENTED_EDGE('',*,*,#4235,.F.);
#4235 = EDGE_CURVE('',#3832,#3940,#4236,.T.);
#4236 = LINE('',#4237,#4238);
#4237 = CARTESIAN_POINT('',(5.,2.,1.33226762955E-15));
#4238 = VECTOR('',#4239,1.);
#4239 = DIRECTION('',(-1.7E-16,-1.,-1.7E-16));
#4240 = PLANE('',#4241);
#4241 = AXIS2_PLACEMENT_3D('',#4242,#4243,#4244);
#4242 = CARTESIAN_POINT('',(5.,2.,8.881784197001E-16));
#4243 = DIRECTION('',(1.,1.7E-16,3.9E-16));
#4244 = DIRECTION('',(1.7E-16,-1.,5.E-17));
#4245 = ADVANCED_FACE('',(#4246),#4262,.F.);
#4246 = FACE_BOUND('',#4247,.F.);
#4247 = EDGE_LOOP('',(#4248,#4249,#4255,#4256));
#4248 = ORIENTED_EDGE('',*,*,#4051,.T.);
#4249 = ORIENTED_EDGE('',*,*,#4250,.T.);
#4250 = EDGE_CURVE('',#4044,#3848,#4251,.T.);
#4251 = LINE('',#4252,#4253);
#4252 = CARTESIAN_POINT('',(4.35,2.5,3.6));
#4253 = VECTOR('',#4254,1.);
#4254 = DIRECTION('',(-1.7E-16,-1.,-1.7E-16));
#4255 = ORIENTED_EDGE('',*,*,#3847,.F.);
#4256 = ORIENTED_EDGE('',*,*,#4257,.F.);
#4257 = EDGE_CURVE('',#4005,#3840,#4258,.T.);
#4258 = LINE('',#4259,#4260);
#4259 = CARTESIAN_POINT('',(4.35,2.5,1.33226762955E-15));
#4260 = VECTOR('',#4261,1.);
#4261 = DIRECTION('',(-1.7E-16,-1.,-1.7E-16));
#4262 = PLANE('',#4263);
#4263 = AXIS2_PLACEMENT_3D('',#4264,#4265,#4266);
#4264 = CARTESIAN_POINT('',(4.35,2.5,1.33226762955E-15));
#4265 = DIRECTION('',(1.,1.1E-16,1.7E-16));
#4266 = DIRECTION('',(1.1E-16,-1.,-1.7E-16));
#4267 = ADVANCED_FACE('',(#4268),#4325,.F.);
#4268 = FACE_BOUND('',#4269,.F.);
#4269 = EDGE_LOOP('',(#4270,#4280,#4288,#4296,#4302,#4303,#4311,#4319));
#4270 = ORIENTED_EDGE('',*,*,#4271,.F.);
#4271 = EDGE_CURVE('',#4272,#4274,#4276,.T.);
#4272 = VERTEX_POINT('',#4273);
#4273 = CARTESIAN_POINT('',(-1.2,3.1,0.));
#4274 = VERTEX_POINT('',#4275);
#4275 = CARTESIAN_POINT('',(1.2,3.1,0.));
#4276 = LINE('',#4277,#4278);
#4277 = CARTESIAN_POINT('',(-1.2,3.1,2.1E-16));
#4278 = VECTOR('',#4279,1.);
#4279 = DIRECTION('',(1.,1.1E-16,1.1E-16));
#4280 = ORIENTED_EDGE('',*,*,#4281,.T.);
#4281 = EDGE_CURVE('',#4272,#4282,#4284,.T.);
#4282 = VERTEX_POINT('',#4283);
#4283 = CARTESIAN_POINT('',(-1.2,3.1,5.));
#4284 = LINE('',#4285,#4286);
#4285 = CARTESIAN_POINT('',(-1.2,3.1,1.4E-16));
#4286 = VECTOR('',#4287,1.);
#4287 = DIRECTION('',(1.1E-16,1.7E-16,1.));
#4288 = ORIENTED_EDGE('',*,*,#4289,.T.);
#4289 = EDGE_CURVE('',#4282,#4290,#4292,.T.);
#4290 = VERTEX_POINT('',#4291);
#4291 = CARTESIAN_POINT('',(-0.825,3.1,5.));
#4292 = LINE('',#4293,#4294);
#4293 = CARTESIAN_POINT('',(-1.2,3.1,5.));
#4294 = VECTOR('',#4295,1.);
#4295 = DIRECTION('',(1.,1.1E-16,1.1E-16));
#4296 = ORIENTED_EDGE('',*,*,#4297,.F.);
#4297 = EDGE_CURVE('',#1788,#4290,#4298,.T.);
#4298 = LINE('',#4299,#4300);
#4299 = CARTESIAN_POINT('',(-0.825,3.1,1.2));
#4300 = VECTOR('',#4301,1.);
#4301 = DIRECTION('',(1.1E-16,1.7E-16,1.));
#4302 = ORIENTED_EDGE('',*,*,#1795,.T.);
#4303 = ORIENTED_EDGE('',*,*,#4304,.T.);
#4304 = EDGE_CURVE('',#1796,#4305,#4307,.T.);
#4305 = VERTEX_POINT('',#4306);
#4306 = CARTESIAN_POINT('',(0.825,3.1,5.));
#4307 = LINE('',#4308,#4309);
#4308 = CARTESIAN_POINT('',(0.825,3.1,1.2));
#4309 = VECTOR('',#4310,1.);
#4310 = DIRECTION('',(1.1E-16,1.7E-16,1.));
#4311 = ORIENTED_EDGE('',*,*,#4312,.T.);
#4312 = EDGE_CURVE('',#4305,#4313,#4315,.T.);
#4313 = VERTEX_POINT('',#4314);
#4314 = CARTESIAN_POINT('',(1.2,3.1,5.));
#4315 = LINE('',#4316,#4317);
#4316 = CARTESIAN_POINT('',(-1.2,3.1,5.));
#4317 = VECTOR('',#4318,1.);
#4318 = DIRECTION('',(1.,1.1E-16,1.1E-16));
#4319 = ORIENTED_EDGE('',*,*,#4320,.F.);
#4320 = EDGE_CURVE('',#4274,#4313,#4321,.T.);
#4321 = LINE('',#4322,#4323);
#4322 = CARTESIAN_POINT('',(1.2,3.1,5.5E-16));
#4323 = VECTOR('',#4324,1.);
#4324 = DIRECTION('',(1.1E-16,1.7E-16,1.));
#4325 = PLANE('',#4326);
#4326 = AXIS2_PLACEMENT_3D('',#4327,#4328,#4329);
#4327 = CARTESIAN_POINT('',(-1.2,3.1,1.4E-16));
#4328 = DIRECTION('',(1.1E-16,1.,5.E-17));
#4329 = DIRECTION('',(1.,-1.1E-16,1.7E-16));
#4330 = ADVANCED_FACE('',(#4331),#4397,.F.);
#4331 = FACE_BOUND('',#4332,.F.);
#4332 = EDGE_LOOP('',(#4333,#4343,#4351,#4359,#4367,#4375,#4383,#4391));
#4333 = ORIENTED_EDGE('',*,*,#4334,.F.);
#4334 = EDGE_CURVE('',#4335,#4337,#4339,.T.);
#4335 = VERTEX_POINT('',#4336);
#4336 = CARTESIAN_POINT('',(-1.5,2.,0.));
#4337 = VERTEX_POINT('',#4338);
#4338 = CARTESIAN_POINT('',(-0.85,2.,0.));
#4339 = LINE('',#4340,#4341);
#4340 = CARTESIAN_POINT('',(-1.5,2.,6.E-17));
#4341 = VECTOR('',#4342,1.);
#4342 = DIRECTION('',(1.,1.1E-16,1.1E-16));
#4343 = ORIENTED_EDGE('',*,*,#4344,.T.);
#4344 = EDGE_CURVE('',#4335,#4345,#4347,.T.);
#4345 = VERTEX_POINT('',#4346);
#4346 = CARTESIAN_POINT('',(-1.5,2.,6.5));
#4347 = LINE('',#4348,#4349);
#4348 = CARTESIAN_POINT('',(-1.5,2.,-3.8E-16));
#4349 = VECTOR('',#4350,1.);
#4350 = DIRECTION('',(-1.1E-16,1.1E-16,1.));
#4351 = ORIENTED_EDGE('',*,*,#4352,.T.);
#4352 = EDGE_CURVE('',#4345,#4353,#4355,.T.);
#4353 = VERTEX_POINT('',#4354);
#4354 = CARTESIAN_POINT('',(1.5,2.,6.5));
#4355 = LINE('',#4356,#4357);
#4356 = CARTESIAN_POINT('',(-1.5,2.,6.5));
#4357 = VECTOR('',#4358,1.);
#4358 = DIRECTION('',(1.,1.1E-16,1.1E-16));
#4359 = ORIENTED_EDGE('',*,*,#4360,.F.);
#4360 = EDGE_CURVE('',#4361,#4353,#4363,.T.);
#4361 = VERTEX_POINT('',#4362);
#4362 = CARTESIAN_POINT('',(1.5,2.,0.));
#4363 = LINE('',#4364,#4365);
#4364 = CARTESIAN_POINT('',(1.5,2.,-5.E-17));
#4365 = VECTOR('',#4366,1.);
#4366 = DIRECTION('',(-1.1E-16,1.1E-16,1.));
#4367 = ORIENTED_EDGE('',*,*,#4368,.F.);
#4368 = EDGE_CURVE('',#4369,#4361,#4371,.T.);
#4369 = VERTEX_POINT('',#4370);
#4370 = CARTESIAN_POINT('',(0.85,2.,0.));
#4371 = LINE('',#4372,#4373);
#4372 = CARTESIAN_POINT('',(-1.5,2.,6.E-17));
#4373 = VECTOR('',#4374,1.);
#4374 = DIRECTION('',(1.,1.1E-16,1.1E-16));
#4375 = ORIENTED_EDGE('',*,*,#4376,.T.);
#4376 = EDGE_CURVE('',#4369,#4377,#4379,.T.);
#4377 = VERTEX_POINT('',#4378);
#4378 = CARTESIAN_POINT('',(0.85,2.,3.6));
#4379 = LINE('',#4380,#4381);
#4380 = CARTESIAN_POINT('',(0.85,2.,3.7E-16));
#4381 = VECTOR('',#4382,1.);
#4382 = DIRECTION('',(1.1E-16,1.7E-16,1.));
#4383 = ORIENTED_EDGE('',*,*,#4384,.T.);
#4384 = EDGE_CURVE('',#4377,#4385,#4387,.T.);
#4385 = VERTEX_POINT('',#4386);
#4386 = CARTESIAN_POINT('',(-0.85,2.,3.6));
#4387 = LINE('',#4388,#4389);
#4388 = CARTESIAN_POINT('',(0.85,2.,3.6));
#4389 = VECTOR('',#4390,1.);
#4390 = DIRECTION('',(-1.,-1.1E-16,-1.1E-16));
#4391 = ORIENTED_EDGE('',*,*,#4392,.F.);
#4392 = EDGE_CURVE('',#4337,#4385,#4393,.T.);
#4393 = LINE('',#4394,#4395);
#4394 = CARTESIAN_POINT('',(-0.85,2.,8.E-17));
#4395 = VECTOR('',#4396,1.);
#4396 = DIRECTION('',(1.1E-16,1.7E-16,1.));
#4397 = PLANE('',#4398);
#4398 = AXIS2_PLACEMENT_3D('',#4399,#4400,#4401);
#4399 = CARTESIAN_POINT('',(-1.5,2.,-3.8E-16));
#4400 = DIRECTION('',(3.3E-16,1.,1.1E-16));
#4401 = DIRECTION('',(1.,-3.3E-16,1.1E-16));
#4402 = ADVANCED_FACE('',(#4403),#4428,.F.);
#4403 = FACE_BOUND('',#4404,.F.);
#4404 = EDGE_LOOP('',(#4405,#4415,#4421,#4422));
#4405 = ORIENTED_EDGE('',*,*,#4406,.T.);
#4406 = EDGE_CURVE('',#4407,#4409,#4411,.T.);
#4407 = VERTEX_POINT('',#4408);
#4408 = CARTESIAN_POINT('',(-1.5,-2.,-0.));
#4409 = VERTEX_POINT('',#4410);
#4410 = CARTESIAN_POINT('',(-1.5,-2.,6.5));
#4411 = LINE('',#4412,#4413);
#4412 = CARTESIAN_POINT('',(-1.5,-2.,5.E-17));
#4413 = VECTOR('',#4414,1.);
#4414 = DIRECTION('',(-1.1E-16,1.1E-16,1.));
#4415 = ORIENTED_EDGE('',*,*,#4416,.T.);
#4416 = EDGE_CURVE('',#4409,#4345,#4417,.T.);
#4417 = LINE('',#4418,#4419);
#4418 = CARTESIAN_POINT('',(-1.5,-2.,6.5));
#4419 = VECTOR('',#4420,1.);
#4420 = DIRECTION('',(1.1E-16,1.,1.1E-16));
#4421 = ORIENTED_EDGE('',*,*,#4344,.F.);
#4422 = ORIENTED_EDGE('',*,*,#4423,.F.);
#4423 = EDGE_CURVE('',#4407,#4335,#4424,.T.);
#4424 = LINE('',#4425,#4426);
#4425 = CARTESIAN_POINT('',(-1.5,-2.,-3.9E-16));
#4426 = VECTOR('',#4427,1.);
#4427 = DIRECTION('',(1.1E-16,1.,1.1E-16));
#4428 = PLANE('',#4429);
#4429 = AXIS2_PLACEMENT_3D('',#4430,#4431,#4432);
#4430 = CARTESIAN_POINT('',(-1.5,-2.,5.E-17));
#4431 = DIRECTION('',(-1.,-1.1E-16,-3.3E-16));
#4432 = DIRECTION('',(-1.1E-16,1.,-1.1E-16));
#4433 = ADVANCED_FACE('',(#4434),#4459,.F.);
#4434 = FACE_BOUND('',#4435,.F.);
#4435 = EDGE_LOOP('',(#4436,#4437,#4445,#4453));
#4436 = ORIENTED_EDGE('',*,*,#4392,.T.);
#4437 = ORIENTED_EDGE('',*,*,#4438,.T.);
#4438 = EDGE_CURVE('',#4385,#4439,#4441,.T.);
#4439 = VERTEX_POINT('',#4440);
#4440 = CARTESIAN_POINT('',(-0.85,2.5,3.6));
#4441 = LINE('',#4442,#4443);
#4442 = CARTESIAN_POINT('',(-0.85,2.,3.6));
#4443 = VECTOR('',#4444,1.);
#4444 = DIRECTION('',(1.1E-16,1.,1.1E-16));
#4445 = ORIENTED_EDGE('',*,*,#4446,.F.);
#4446 = EDGE_CURVE('',#4447,#4439,#4449,.T.);
#4447 = VERTEX_POINT('',#4448);
#4448 = CARTESIAN_POINT('',(-0.85,2.5,0.));
#4449 = LINE('',#4450,#4451);
#4450 = CARTESIAN_POINT('',(-0.85,2.5,1.3E-16));
#4451 = VECTOR('',#4452,1.);
#4452 = DIRECTION('',(1.1E-16,1.7E-16,1.));
#4453 = ORIENTED_EDGE('',*,*,#4454,.F.);
#4454 = EDGE_CURVE('',#4337,#4447,#4455,.T.);
#4455 = LINE('',#4456,#4457);
#4456 = CARTESIAN_POINT('',(-0.85,2.,1.3E-16));
#4457 = VECTOR('',#4458,1.);
#4458 = DIRECTION('',(1.1E-16,1.,1.1E-16));
#4459 = PLANE('',#4460);
#4460 = AXIS2_PLACEMENT_3D('',#4461,#4462,#4463);
#4461 = CARTESIAN_POINT('',(-0.85,2.,8.E-17));
#4462 = DIRECTION('',(-1.,-5.E-17,-1.1E-16));
#4463 = DIRECTION('',(-5.E-17,1.,1.1E-16));
#4464 = ADVANCED_FACE('',(#4465),#4522,.F.);
#4465 = FACE_BOUND('',#4466,.F.);
#4466 = EDGE_LOOP('',(#4467,#4477,#4485,#4491,#4492,#4500,#4508,#4516));
#4467 = ORIENTED_EDGE('',*,*,#4468,.F.);
#4468 = EDGE_CURVE('',#4469,#4471,#4473,.T.);
#4469 = VERTEX_POINT('',#4470);
#4470 = CARTESIAN_POINT('',(1.5,-2.,0.));
#4471 = VERTEX_POINT('',#4472);
#4472 = CARTESIAN_POINT('',(1.,-2.,0.));
#4473 = LINE('',#4474,#4475);
#4474 = CARTESIAN_POINT('',(1.5,-2.,-6.E-17));
#4475 = VECTOR('',#4476,1.);
#4476 = DIRECTION('',(-1.,-1.1E-16,-1.1E-16));
#4477 = ORIENTED_EDGE('',*,*,#4478,.T.);
#4478 = EDGE_CURVE('',#4469,#4479,#4481,.T.);
#4479 = VERTEX_POINT('',#4480);
#4480 = CARTESIAN_POINT('',(1.5,-2.,6.5));
#4481 = LINE('',#4482,#4483);
#4482 = CARTESIAN_POINT('',(1.5,-2.,3.8E-16));
#4483 = VECTOR('',#4484,1.);
#4484 = DIRECTION('',(-1.1E-16,1.1E-16,1.));
#4485 = ORIENTED_EDGE('',*,*,#4486,.T.);
#4486 = EDGE_CURVE('',#4479,#4409,#4487,.T.);
#4487 = LINE('',#4488,#4489);
#4488 = CARTESIAN_POINT('',(1.5,-2.,6.5));
#4489 = VECTOR('',#4490,1.);
#4490 = DIRECTION('',(-1.,-1.1E-16,-1.1E-16));
#4491 = ORIENTED_EDGE('',*,*,#4406,.F.);
#4492 = ORIENTED_EDGE('',*,*,#4493,.F.);
#4493 = EDGE_CURVE('',#4494,#4407,#4496,.T.);
#4494 = VERTEX_POINT('',#4495);
#4495 = CARTESIAN_POINT('',(-1.,-2.,-0.));
#4496 = LINE('',#4497,#4498);
#4497 = CARTESIAN_POINT('',(1.5,-2.,-6.E-17));
#4498 = VECTOR('',#4499,1.);
#4499 = DIRECTION('',(-1.,-1.1E-16,-1.1E-16));
#4500 = ORIENTED_EDGE('',*,*,#4501,.T.);
#4501 = EDGE_CURVE('',#4494,#4502,#4504,.T.);
#4502 = VERTEX_POINT('',#4503);
#4503 = CARTESIAN_POINT('',(-1.,-2.,3.6));
#4504 = LINE('',#4505,#4506);
#4505 = CARTESIAN_POINT('',(-1.,-2.,1.1E-16));
#4506 = VECTOR('',#4507,1.);
#4507 = DIRECTION('',(-1.1E-16,1.1E-16,1.));
#4508 = ORIENTED_EDGE('',*,*,#4509,.T.);
#4509 = EDGE_CURVE('',#4502,#4510,#4512,.T.);
#4510 = VERTEX_POINT('',#4511);
#4511 = CARTESIAN_POINT('',(1.,-2.,3.6));
#4512 = LINE('',#4513,#4514);
#4513 = CARTESIAN_POINT('',(-1.,-2.,3.6));
#4514 = VECTOR('',#4515,1.);
#4515 = DIRECTION('',(1.,1.1E-16,1.1E-16));
#4516 = ORIENTED_EDGE('',*,*,#4517,.F.);
#4517 = EDGE_CURVE('',#4471,#4510,#4518,.T.);
#4518 = LINE('',#4519,#4520);
#4519 = CARTESIAN_POINT('',(1.,-2.,3.3E-16));
#4520 = VECTOR('',#4521,1.);
#4521 = DIRECTION('',(-1.1E-16,1.1E-16,1.));
#4522 = PLANE('',#4523);
#4523 = AXIS2_PLACEMENT_3D('',#4524,#4525,#4526);
#4524 = CARTESIAN_POINT('',(1.5,-2.,3.8E-16));
#4525 = DIRECTION('',(-3.3E-16,-1.,-1.1E-16));
#4526 = DIRECTION('',(-1.,3.3E-16,-1.1E-16));
#4527 = ADVANCED_FACE('',(#4528),#4585,.F.);
#4528 = FACE_BOUND('',#4529,.F.);
#4529 = EDGE_LOOP('',(#4530,#4540,#4548,#4556,#4564,#4570,#4571,#4579));
#4530 = ORIENTED_EDGE('',*,*,#4531,.F.);
#4531 = EDGE_CURVE('',#4532,#4534,#4536,.T.);
#4532 = VERTEX_POINT('',#4533);
#4533 = CARTESIAN_POINT('',(1.2,2.5,0.));
#4534 = VERTEX_POINT('',#4535);
#4535 = CARTESIAN_POINT('',(0.85,2.5,0.));
#4536 = LINE('',#4537,#4538);
#4537 = CARTESIAN_POINT('',(1.2,2.5,4.1E-16));
#4538 = VECTOR('',#4539,1.);
#4539 = DIRECTION('',(-1.,-1.1E-16,-1.1E-16));
#4540 = ORIENTED_EDGE('',*,*,#4541,.T.);
#4541 = EDGE_CURVE('',#4532,#4542,#4544,.T.);
#4542 = VERTEX_POINT('',#4543);
#4543 = CARTESIAN_POINT('',(1.2,2.5,5.));
#4544 = LINE('',#4545,#4546);
#4545 = CARTESIAN_POINT('',(1.2,2.5,4.8E-16));
#4546 = VECTOR('',#4547,1.);
#4547 = DIRECTION('',(1.1E-16,1.7E-16,1.));
#4548 = ORIENTED_EDGE('',*,*,#4549,.T.);
#4549 = EDGE_CURVE('',#4542,#4550,#4552,.T.);
#4550 = VERTEX_POINT('',#4551);
#4551 = CARTESIAN_POINT('',(-1.2,2.5,5.));
#4552 = LINE('',#4553,#4554);
#4553 = CARTESIAN_POINT('',(1.2,2.5,5.));
#4554 = VECTOR('',#4555,1.);
#4555 = DIRECTION('',(-1.,-1.1E-16,-1.1E-16));
#4556 = ORIENTED_EDGE('',*,*,#4557,.F.);
#4557 = EDGE_CURVE('',#4558,#4550,#4560,.T.);
#4558 = VERTEX_POINT('',#4559);
#4559 = CARTESIAN_POINT('',(-1.2,2.5,0.));
#4560 = LINE('',#4561,#4562);
#4561 = CARTESIAN_POINT('',(-1.2,2.5,7.E-17));
#4562 = VECTOR('',#4563,1.);
#4563 = DIRECTION('',(1.1E-16,1.7E-16,1.));
#4564 = ORIENTED_EDGE('',*,*,#4565,.F.);
#4565 = EDGE_CURVE('',#4447,#4558,#4566,.T.);
#4566 = LINE('',#4567,#4568);
#4567 = CARTESIAN_POINT('',(1.2,2.5,4.1E-16));
#4568 = VECTOR('',#4569,1.);
#4569 = DIRECTION('',(-1.,-1.1E-16,-1.1E-16));
#4570 = ORIENTED_EDGE('',*,*,#4446,.T.);
#4571 = ORIENTED_EDGE('',*,*,#4572,.T.);
#4572 = EDGE_CURVE('',#4439,#4573,#4575,.T.);
#4573 = VERTEX_POINT('',#4574);
#4574 = CARTESIAN_POINT('',(0.85,2.5,3.6));
#4575 = LINE('',#4576,#4577);
#4576 = CARTESIAN_POINT('',(-0.85,2.5,3.6));
#4577 = VECTOR('',#4578,1.);
#4578 = DIRECTION('',(1.,1.1E-16,1.1E-16));
#4579 = ORIENTED_EDGE('',*,*,#4580,.F.);
#4580 = EDGE_CURVE('',#4534,#4573,#4581,.T.);
#4581 = LINE('',#4582,#4583);
#4582 = CARTESIAN_POINT('',(0.85,2.5,4.2E-16));
#4583 = VECTOR('',#4584,1.);
#4584 = DIRECTION('',(1.1E-16,1.7E-16,1.));
#4585 = PLANE('',#4586);
#4586 = AXIS2_PLACEMENT_3D('',#4587,#4588,#4589);
#4587 = CARTESIAN_POINT('',(1.2,2.5,4.8E-16));
#4588 = DIRECTION('',(-1.1E-16,-1.,-5.E-17));
#4589 = DIRECTION('',(-1.,1.1E-16,-1.7E-16));
#4590 = ADVANCED_FACE('',(#4591),#4616,.F.);
#4591 = FACE_BOUND('',#4592,.F.);
#4592 = EDGE_LOOP('',(#4593,#4603,#4609,#4610));
#4593 = ORIENTED_EDGE('',*,*,#4594,.T.);
#4594 = EDGE_CURVE('',#4595,#4597,#4599,.T.);
#4595 = VERTEX_POINT('',#4596);
#4596 = CARTESIAN_POINT('',(-1.,-2.6,-0.));
#4597 = VERTEX_POINT('',#4598);
#4598 = CARTESIAN_POINT('',(-1.,-2.6,3.6));
#4599 = LINE('',#4600,#4601);
#4600 = CARTESIAN_POINT('',(-1.,-2.6,1.8E-16));
#4601 = VECTOR('',#4602,1.);
#4602 = DIRECTION('',(-1.1E-16,1.1E-16,1.));
#4603 = ORIENTED_EDGE('',*,*,#4604,.T.);
#4604 = EDGE_CURVE('',#4597,#4502,#4605,.T.);
#4605 = LINE('',#4606,#4607);
#4606 = CARTESIAN_POINT('',(-1.,-2.6,3.6));
#4607 = VECTOR('',#4608,1.);
#4608 = DIRECTION('',(1.1E-16,1.,1.1E-16));
#4609 = ORIENTED_EDGE('',*,*,#4501,.F.);
#4610 = ORIENTED_EDGE('',*,*,#4611,.F.);
#4611 = EDGE_CURVE('',#4595,#4494,#4612,.T.);
#4612 = LINE('',#4613,#4614);
#4613 = CARTESIAN_POINT('',(-1.,-2.6,-4.E-16));
#4614 = VECTOR('',#4615,1.);
#4615 = DIRECTION('',(1.1E-16,1.,1.1E-16));
#4616 = PLANE('',#4617);
#4617 = AXIS2_PLACEMENT_3D('',#4618,#4619,#4620);
#4618 = CARTESIAN_POINT('',(-1.,-2.6,1.8E-16));
#4619 = DIRECTION('',(-1.,-1.1E-16,-3.3E-16));
#4620 = DIRECTION('',(-1.1E-16,1.,-1.1E-16));
#4621 = ADVANCED_FACE('',(#4622),#4638,.F.);
#4622 = FACE_BOUND('',#4623,.F.);
#4623 = EDGE_LOOP('',(#4624,#4625,#4631,#4632));
#4624 = ORIENTED_EDGE('',*,*,#4557,.T.);
#4625 = ORIENTED_EDGE('',*,*,#4626,.T.);
#4626 = EDGE_CURVE('',#4550,#4282,#4627,.T.);
#4627 = LINE('',#4628,#4629);
#4628 = CARTESIAN_POINT('',(-1.2,2.5,5.));
#4629 = VECTOR('',#4630,1.);
#4630 = DIRECTION('',(1.1E-16,1.,1.1E-16));
#4631 = ORIENTED_EDGE('',*,*,#4281,.F.);
#4632 = ORIENTED_EDGE('',*,*,#4633,.F.);
#4633 = EDGE_CURVE('',#4558,#4272,#4634,.T.);
#4634 = LINE('',#4635,#4636);
#4635 = CARTESIAN_POINT('',(-1.2,2.5,1.4E-16));
#4636 = VECTOR('',#4637,1.);
#4637 = DIRECTION('',(1.1E-16,1.,1.1E-16));
#4638 = PLANE('',#4639);
#4639 = AXIS2_PLACEMENT_3D('',#4640,#4641,#4642);
#4640 = CARTESIAN_POINT('',(-1.2,2.5,7.E-17));
#4641 = DIRECTION('',(-1.,-5.E-17,-1.1E-16));
#4642 = DIRECTION('',(-5.E-17,1.,1.1E-16));
#4643 = ADVANCED_FACE('',(#4644,#4669),#4703,.F.);
#4644 = FACE_BOUND('',#4645,.F.);
#4645 = EDGE_LOOP('',(#4646,#4656,#4662,#4663));
#4646 = ORIENTED_EDGE('',*,*,#4647,.T.);
#4647 = EDGE_CURVE('',#4648,#4650,#4652,.T.);
#4648 = VERTEX_POINT('',#4649);
#4649 = CARTESIAN_POINT('',(1.,-2.6,0.));
#4650 = VERTEX_POINT('',#4651);
#4651 = CARTESIAN_POINT('',(1.,-2.6,3.6));
#4652 = LINE('',#4653,#4654);
#4653 = CARTESIAN_POINT('',(1.,-2.6,4.E-16));
#4654 = VECTOR('',#4655,1.);
#4655 = DIRECTION('',(-1.1E-16,1.1E-16,1.));
#4656 = ORIENTED_EDGE('',*,*,#4657,.T.);
#4657 = EDGE_CURVE('',#4650,#4597,#4658,.T.);
#4658 = LINE('',#4659,#4660);
#4659 = CARTESIAN_POINT('',(1.,-2.6,3.6));
#4660 = VECTOR('',#4661,1.);
#4661 = DIRECTION('',(-1.,-1.1E-16,-1.1E-16));
#4662 = ORIENTED_EDGE('',*,*,#4594,.F.);
#4663 = ORIENTED_EDGE('',*,*,#4664,.F.);
#4664 = EDGE_CURVE('',#4648,#4595,#4665,.T.);
#4665 = LINE('',#4666,#4667);
#4666 = CARTESIAN_POINT('',(1.,-2.6,-1.8E-16));
#4667 = VECTOR('',#4668,1.);
#4668 = DIRECTION('',(-1.,-1.1E-16,-1.1E-16));
#4669 = FACE_BOUND('',#4670,.F.);
#4670 = EDGE_LOOP('',(#4671,#4681,#4689,#4697));
#4671 = ORIENTED_EDGE('',*,*,#4672,.T.);
#4672 = EDGE_CURVE('',#4673,#4675,#4677,.T.);
#4673 = VERTEX_POINT('',#4674);
#4674 = CARTESIAN_POINT('',(0.85,-2.6,1.45));
#4675 = VERTEX_POINT('',#4676);
#4676 = CARTESIAN_POINT('',(-0.85,-2.6,1.45));
#4677 = LINE('',#4678,#4679);
#4678 = CARTESIAN_POINT('',(0.85,-2.6,1.45));
#4679 = VECTOR('',#4680,1.);
#4680 = DIRECTION('',(-1.,-1.1E-16,-1.1E-16));
#4681 = ORIENTED_EDGE('',*,*,#4682,.T.);
#4682 = EDGE_CURVE('',#4675,#4683,#4685,.T.);
#4683 = VERTEX_POINT('',#4684);
#4684 = CARTESIAN_POINT('',(-0.85,-2.6,3.15));
#4685 = LINE('',#4686,#4687);
#4686 = CARTESIAN_POINT('',(-0.85,-2.6,1.45));
#4687 = VECTOR('',#4688,1.);
#4688 = DIRECTION('',(1.1E-16,1.1E-16,1.));
#4689 = ORIENTED_EDGE('',*,*,#4690,.T.);
#4690 = EDGE_CURVE('',#4683,#4691,#4693,.T.);
#4691 = VERTEX_POINT('',#4692);
#4692 = CARTESIAN_POINT('',(0.85,-2.6,3.15));
#4693 = LINE('',#4694,#4695);
#4694 = CARTESIAN_POINT('',(-0.85,-2.6,3.15));
#4695 = VECTOR('',#4696,1.);
#4696 = DIRECTION('',(1.,1.1E-16,1.1E-16));
#4697 = ORIENTED_EDGE('',*,*,#4698,.T.);
#4698 = EDGE_CURVE('',#4691,#4673,#4699,.T.);
#4699 = LINE('',#4700,#4701);
#4700 = CARTESIAN_POINT('',(0.85,-2.6,3.15));
#4701 = VECTOR('',#4702,1.);
#4702 = DIRECTION('',(-1.1E-16,-1.1E-16,-1.));
#4703 = PLANE('',#4704);
#4704 = AXIS2_PLACEMENT_3D('',#4705,#4706,#4707);
#4705 = CARTESIAN_POINT('',(1.,-2.6,4.E-16));
#4706 = DIRECTION('',(-3.3E-16,-1.,-1.1E-16));
#4707 = DIRECTION('',(-1.,3.3E-16,-1.1E-16));
#4708 = ADVANCED_FACE('',(#4709),#4725,.F.);
#4709 = FACE_BOUND('',#4710,.F.);
#4710 = EDGE_LOOP('',(#4711,#4712,#4718,#4719));
#4711 = ORIENTED_EDGE('',*,*,#4517,.T.);
#4712 = ORIENTED_EDGE('',*,*,#4713,.T.);
#4713 = EDGE_CURVE('',#4510,#4650,#4714,.T.);
#4714 = LINE('',#4715,#4716);
#4715 = CARTESIAN_POINT('',(1.,-2.,3.6));
#4716 = VECTOR('',#4717,1.);
#4717 = DIRECTION('',(-1.1E-16,-1.,-1.1E-16));
#4718 = ORIENTED_EDGE('',*,*,#4647,.F.);
#4719 = ORIENTED_EDGE('',*,*,#4720,.F.);
#4720 = EDGE_CURVE('',#4471,#4648,#4721,.T.);
#4721 = LINE('',#4722,#4723);
#4722 = CARTESIAN_POINT('',(1.,-2.,-1.1E-16));
#4723 = VECTOR('',#4724,1.);
#4724 = DIRECTION('',(-1.1E-16,-1.,-1.1E-16));
#4725 = PLANE('',#4726);
#4726 = AXIS2_PLACEMENT_3D('',#4727,#4728,#4729);
#4727 = CARTESIAN_POINT('',(1.,-2.,3.3E-16));
#4728 = DIRECTION('',(1.,1.1E-16,3.3E-16));
#4729 = DIRECTION('',(1.1E-16,-1.,1.1E-16));
#4730 = ADVANCED_FACE('',(#4731),#4747,.F.);
#4731 = FACE_BOUND('',#4732,.F.);
#4732 = EDGE_LOOP('',(#4733,#4734,#4740,#4741));
#4733 = ORIENTED_EDGE('',*,*,#4320,.T.);
#4734 = ORIENTED_EDGE('',*,*,#4735,.T.);
#4735 = EDGE_CURVE('',#4313,#4542,#4736,.T.);
#4736 = LINE('',#4737,#4738);
#4737 = CARTESIAN_POINT('',(1.2,3.1,5.));
#4738 = VECTOR('',#4739,1.);
#4739 = DIRECTION('',(-1.1E-16,-1.,-1.1E-16));
#4740 = ORIENTED_EDGE('',*,*,#4541,.F.);
#4741 = ORIENTED_EDGE('',*,*,#4742,.F.);
#4742 = EDGE_CURVE('',#4274,#4532,#4743,.T.);
#4743 = LINE('',#4744,#4745);
#4744 = CARTESIAN_POINT('',(1.2,3.1,4.8E-16));
#4745 = VECTOR('',#4746,1.);
#4746 = DIRECTION('',(-1.1E-16,-1.,-1.1E-16));
#4747 = PLANE('',#4748);
#4748 = AXIS2_PLACEMENT_3D('',#4749,#4750,#4751);
#4749 = CARTESIAN_POINT('',(1.2,3.1,5.5E-16));
#4750 = DIRECTION('',(1.,5.E-17,1.1E-16));
#4751 = DIRECTION('',(5.E-17,-1.,-1.1E-16));
#4752 = ADVANCED_FACE('',(#4753),#4769,.F.);
#4753 = FACE_BOUND('',#4754,.F.);
#4754 = EDGE_LOOP('',(#4755,#4756,#4762,#4763));
#4755 = ORIENTED_EDGE('',*,*,#4360,.T.);
#4756 = ORIENTED_EDGE('',*,*,#4757,.T.);
#4757 = EDGE_CURVE('',#4353,#4479,#4758,.T.);
#4758 = LINE('',#4759,#4760);
#4759 = CARTESIAN_POINT('',(1.5,2.,6.5));
#4760 = VECTOR('',#4761,1.);
#4761 = DIRECTION('',(-1.1E-16,-1.,-1.1E-16));
#4762 = ORIENTED_EDGE('',*,*,#4478,.F.);
#4763 = ORIENTED_EDGE('',*,*,#4764,.F.);
#4764 = EDGE_CURVE('',#4361,#4469,#4765,.T.);
#4765 = LINE('',#4766,#4767);
#4766 = CARTESIAN_POINT('',(1.5,2.,3.9E-16));
#4767 = VECTOR('',#4768,1.);
#4768 = DIRECTION('',(-1.1E-16,-1.,-1.1E-16));
#4769 = PLANE('',#4770);
#4770 = AXIS2_PLACEMENT_3D('',#4771,#4772,#4773);
#4771 = CARTESIAN_POINT('',(1.5,2.,-5.E-17));
#4772 = DIRECTION('',(1.,1.1E-16,3.3E-16));
#4773 = DIRECTION('',(1.1E-16,-1.,1.1E-16));
#4774 = ADVANCED_FACE('',(#4775),#4791,.F.);
#4775 = FACE_BOUND('',#4776,.F.);
#4776 = EDGE_LOOP('',(#4777,#4778,#4784,#4785));
#4777 = ORIENTED_EDGE('',*,*,#4580,.T.);
#4778 = ORIENTED_EDGE('',*,*,#4779,.T.);
#4779 = EDGE_CURVE('',#4573,#4377,#4780,.T.);
#4780 = LINE('',#4781,#4782);
#4781 = CARTESIAN_POINT('',(0.85,2.5,3.6));
#4782 = VECTOR('',#4783,1.);
#4783 = DIRECTION('',(-1.1E-16,-1.,-1.1E-16));
#4784 = ORIENTED_EDGE('',*,*,#4376,.F.);
#4785 = ORIENTED_EDGE('',*,*,#4786,.F.);
#4786 = EDGE_CURVE('',#4534,#4369,#4787,.T.);
#4787 = LINE('',#4788,#4789);
#4788 = CARTESIAN_POINT('',(0.85,2.5,3.7E-16));
#4789 = VECTOR('',#4790,1.);
#4790 = DIRECTION('',(-1.1E-16,-1.,-1.1E-16));
#4791 = PLANE('',#4792);
#4792 = AXIS2_PLACEMENT_3D('',#4793,#4794,#4795);
#4793 = CARTESIAN_POINT('',(0.85,2.5,4.2E-16));
#4794 = DIRECTION('',(1.,5.E-17,1.1E-16));
#4795 = DIRECTION('',(5.E-17,-1.,-1.1E-16));
#4796 = ADVANCED_FACE('',(#4797),#4811,.F.);
#4797 = FACE_BOUND('',#4798,.F.);
#4798 = EDGE_LOOP('',(#4799,#4800,#4805,#4806));
#4799 = ORIENTED_EDGE('',*,*,#983,.T.);
#4800 = ORIENTED_EDGE('',*,*,#4801,.T.);
#4801 = EDGE_CURVE('',#986,#4683,#4802,.T.);
#4802 = B_SPLINE_CURVE_WITH_KNOTS('',1,(#4803,#4804),.UNSPECIFIED.,.F.,
  .F.,(2,2),(0.,1.),.PIECEWISE_BEZIER_KNOTS.);
#4803 = CARTESIAN_POINT('',(-1.2,-3.5,4.5));
#4804 = CARTESIAN_POINT('',(-0.85,-2.6,3.15));
#4805 = ORIENTED_EDGE('',*,*,#4682,.F.);
#4806 = ORIENTED_EDGE('',*,*,#4807,.F.);
#4807 = EDGE_CURVE('',#984,#4675,#4808,.T.);
#4808 = B_SPLINE_CURVE_WITH_KNOTS('',1,(#4809,#4810),.UNSPECIFIED.,.F.,
  .F.,(2,2),(0.,1.),.PIECEWISE_BEZIER_KNOTS.);
#4809 = CARTESIAN_POINT('',(-1.2,-3.5,1.05));
#4810 = CARTESIAN_POINT('',(-0.85,-2.6,1.45));
#4811 = B_SPLINE_SURFACE_WITH_KNOTS('',1,1,(
    (#4812,#4813)
    ,(#4814,#4815
    )),.UNSPECIFIED.,.F.,.F.,.F.,(2,2),(2,2),(0.,3.45),(0.,1.),
  .PIECEWISE_BEZIER_KNOTS.);
#4812 = CARTESIAN_POINT('',(-1.2,-3.5,1.05));
#4813 = CARTESIAN_POINT('',(-0.85,-2.6,1.45));
#4814 = CARTESIAN_POINT('',(-1.2,-3.5,4.5));
#4815 = CARTESIAN_POINT('',(-0.85,-2.6,3.15));
#4816 = ADVANCED_FACE('',(#4817),#4827,.F.);
#4817 = FACE_BOUND('',#4818,.F.);
#4818 = EDGE_LOOP('',(#4819,#4820,#4825,#4826));
#4819 = ORIENTED_EDGE('',*,*,#993,.T.);
#4820 = ORIENTED_EDGE('',*,*,#4821,.T.);
#4821 = EDGE_CURVE('',#994,#4691,#4822,.T.);
#4822 = B_SPLINE_CURVE_WITH_KNOTS('',1,(#4823,#4824),.UNSPECIFIED.,.F.,
  .F.,(2,2),(0.,1.),.PIECEWISE_BEZIER_KNOTS.);
#4823 = CARTESIAN_POINT('',(1.2,-3.5,4.5));
#4824 = CARTESIAN_POINT('',(0.85,-2.6,3.15));
#4825 = ORIENTED_EDGE('',*,*,#4690,.F.);
#4826 = ORIENTED_EDGE('',*,*,#4801,.F.);
#4827 = B_SPLINE_SURFACE_WITH_KNOTS('',1,1,(
    (#4828,#4829)
    ,(#4830,#4831
    )),.UNSPECIFIED.,.F.,.F.,.F.,(2,2),(2,2),(0.,2.4),(0.,1.),
  .PIECEWISE_BEZIER_KNOTS.);
#4828 = CARTESIAN_POINT('',(-1.2,-3.5,4.5));
#4829 = CARTESIAN_POINT('',(-0.85,-2.6,3.15));
#4830 = CARTESIAN_POINT('',(1.2,-3.5,4.5));
#4831 = CARTESIAN_POINT('',(0.85,-2.6,3.15));
#4832 = ADVANCED_FACE('',(#4833),#4843,.F.);
#4833 = FACE_BOUND('',#4834,.F.);
#4834 = EDGE_LOOP('',(#4835,#4836,#4841,#4842));
#4835 = ORIENTED_EDGE('',*,*,#1001,.T.);
#4836 = ORIENTED_EDGE('',*,*,#4837,.T.);
#4837 = EDGE_CURVE('',#1002,#4673,#4838,.T.);
#4838 = B_SPLINE_CURVE_WITH_KNOTS('',1,(#4839,#4840),.UNSPECIFIED.,.F.,
  .F.,(2,2),(0.,1.),.PIECEWISE_BEZIER_KNOTS.);
#4839 = CARTESIAN_POINT('',(1.2,-3.5,1.05));
#4840 = CARTESIAN_POINT('',(0.85,-2.6,1.45));
#4841 = ORIENTED_EDGE('',*,*,#4698,.F.);
#4842 = ORIENTED_EDGE('',*,*,#4821,.F.);
#4843 = B_SPLINE_SURFACE_WITH_KNOTS('',1,1,(
    (#4844,#4845)
    ,(#4846,#4847
    )),.UNSPECIFIED.,.F.,.F.,.F.,(2,2),(2,2),(0.,3.45),(0.,1.),
  .PIECEWISE_BEZIER_KNOTS.);
#4844 = CARTESIAN_POINT('',(1.2,-3.5,4.5));
#4845 = CARTESIAN_POINT('',(0.85,-2.6,3.15));
#4846 = CARTESIAN_POINT('',(1.2,-3.5,1.05));
#4847 = CARTESIAN_POINT('',(0.85,-2.6,1.45));
#4848 = ADVANCED_FACE('',(#4849),#4855,.F.);
#4849 = FACE_BOUND('',#4850,.F.);
#4850 = EDGE_LOOP('',(#4851,#4852,#4853,#4854));
#4851 = ORIENTED_EDGE('',*,*,#1009,.T.);
#4852 = ORIENTED_EDGE('',*,*,#4807,.T.);
#4853 = ORIENTED_EDGE('',*,*,#4672,.F.);
#4854 = ORIENTED_EDGE('',*,*,#4837,.F.);
#4855 = B_SPLINE_SURFACE_WITH_KNOTS('',1,1,(
    (#4856,#4857)
    ,(#4858,#4859
    )),.UNSPECIFIED.,.F.,.F.,.F.,(2,2),(2,2),(0.,2.4),(0.,1.),
  .PIECEWISE_BEZIER_KNOTS.);
#4856 = CARTESIAN_POINT('',(1.2,-3.5,1.05));
#4857 = CARTESIAN_POINT('',(0.85,-2.6,1.45));
#4858 = CARTESIAN_POINT('',(-1.2,-3.5,1.05));
#4859 = CARTESIAN_POINT('',(-0.85,-2.6,1.45));
#4860 = ADVANCED_FACE('',(#4861),#4875,.F.);
#4861 = FACE_BOUND('',#4862,.F.);
#4862 = EDGE_LOOP('',(#4863,#4864,#4869,#4870));
#4863 = ORIENTED_EDGE('',*,*,#1017,.T.);
#4864 = ORIENTED_EDGE('',*,*,#4865,.T.);
#4865 = EDGE_CURVE('',#1020,#4154,#4866,.T.);
#4866 = B_SPLINE_CURVE_WITH_KNOTS('',1,(#4867,#4868),.UNSPECIFIED.,.F.,
  .F.,(2,2),(0.,1.),.PIECEWISE_BEZIER_KNOTS.);
#4867 = CARTESIAN_POINT('',(2.3,-3.5,4.5));
#4868 = CARTESIAN_POINT('',(2.65,-2.6,3.15));
#4869 = ORIENTED_EDGE('',*,*,#4153,.F.);
#4870 = ORIENTED_EDGE('',*,*,#4871,.F.);
#4871 = EDGE_CURVE('',#1018,#4146,#4872,.T.);
#4872 = B_SPLINE_CURVE_WITH_KNOTS('',1,(#4873,#4874),.UNSPECIFIED.,.F.,
  .F.,(2,2),(0.,1.),.PIECEWISE_BEZIER_KNOTS.);
#4873 = CARTESIAN_POINT('',(2.3,-3.5,1.05));
#4874 = CARTESIAN_POINT('',(2.65,-2.6,1.45));
#4875 = B_SPLINE_SURFACE_WITH_KNOTS('',1,1,(
    (#4876,#4877)
    ,(#4878,#4879
    )),.UNSPECIFIED.,.F.,.F.,.F.,(2,2),(2,2),(0.,3.45),(0.,1.),
  .PIECEWISE_BEZIER_KNOTS.);
#4876 = CARTESIAN_POINT('',(2.3,-3.5,1.05));
#4877 = CARTESIAN_POINT('',(2.65,-2.6,1.45));
#4878 = CARTESIAN_POINT('',(2.3,-3.5,4.5));
#4879 = CARTESIAN_POINT('',(2.65,-2.6,3.15));
#4880 = ADVANCED_FACE('',(#4881),#4891,.F.);
#4881 = FACE_BOUND('',#4882,.F.);
#4882 = EDGE_LOOP('',(#4883,#4884,#4889,#4890));
#4883 = ORIENTED_EDGE('',*,*,#1027,.T.);
#4884 = ORIENTED_EDGE('',*,*,#4885,.T.);
#4885 = EDGE_CURVE('',#1028,#4162,#4886,.T.);
#4886 = B_SPLINE_CURVE_WITH_KNOTS('',1,(#4887,#4888),.UNSPECIFIED.,.F.,
  .F.,(2,2),(0.,1.),.PIECEWISE_BEZIER_KNOTS.);
#4887 = CARTESIAN_POINT('',(4.7,-3.5,4.5));
#4888 = CARTESIAN_POINT('',(4.35,-2.6,3.15));
#4889 = ORIENTED_EDGE('',*,*,#4161,.F.);
#4890 = ORIENTED_EDGE('',*,*,#4865,.F.);
#4891 = B_SPLINE_SURFACE_WITH_KNOTS('',1,1,(
    (#4892,#4893)
    ,(#4894,#4895
    )),.UNSPECIFIED.,.F.,.F.,.F.,(2,2),(2,2),(0.,2.4),(0.,1.),
  .PIECEWISE_BEZIER_KNOTS.);
#4892 = CARTESIAN_POINT('',(2.3,-3.5,4.5));
#4893 = CARTESIAN_POINT('',(2.65,-2.6,3.15));
#4894 = CARTESIAN_POINT('',(4.7,-3.5,4.5));
#4895 = CARTESIAN_POINT('',(4.35,-2.6,3.15));
#4896 = ADVANCED_FACE('',(#4897),#4907,.F.);
#4897 = FACE_BOUND('',#4898,.F.);
#4898 = EDGE_LOOP('',(#4899,#4900,#4905,#4906));
#4899 = ORIENTED_EDGE('',*,*,#1035,.T.);
#4900 = ORIENTED_EDGE('',*,*,#4901,.T.);
#4901 = EDGE_CURVE('',#1036,#4144,#4902,.T.);
#4902 = B_SPLINE_CURVE_WITH_KNOTS('',1,(#4903,#4904),.UNSPECIFIED.,.F.,
  .F.,(2,2),(0.,1.),.PIECEWISE_BEZIER_KNOTS.);
#4903 = CARTESIAN_POINT('',(4.7,-3.5,1.05));
#4904 = CARTESIAN_POINT('',(4.35,-2.6,1.45));
#4905 = ORIENTED_EDGE('',*,*,#4169,.F.);
#4906 = ORIENTED_EDGE('',*,*,#4885,.F.);
#4907 = B_SPLINE_SURFACE_WITH_KNOTS('',1,1,(
    (#4908,#4909)
    ,(#4910,#4911
    )),.UNSPECIFIED.,.F.,.F.,.F.,(2,2),(2,2),(0.,3.45),(0.,1.),
  .PIECEWISE_BEZIER_KNOTS.);
#4908 = CARTESIAN_POINT('',(4.7,-3.5,4.5));
#4909 = CARTESIAN_POINT('',(4.35,-2.6,3.15));
#4910 = CARTESIAN_POINT('',(4.7,-3.5,1.05));
#4911 = CARTESIAN_POINT('',(4.35,-2.6,1.45));
#4912 = ADVANCED_FACE('',(#4913),#4919,.F.);
#4913 = FACE_BOUND('',#4914,.F.);
#4914 = EDGE_LOOP('',(#4915,#4916,#4917,#4918));
#4915 = ORIENTED_EDGE('',*,*,#1043,.T.);
#4916 = ORIENTED_EDGE('',*,*,#4871,.T.);
#4917 = ORIENTED_EDGE('',*,*,#4143,.F.);
#4918 = ORIENTED_EDGE('',*,*,#4901,.F.);
#4919 = B_SPLINE_SURFACE_WITH_KNOTS('',1,1,(
    (#4920,#4921)
    ,(#4922,#4923
    )),.UNSPECIFIED.,.F.,.F.,.F.,(2,2),(2,2),(0.,2.4),(0.,1.),
  .PIECEWISE_BEZIER_KNOTS.);
#4920 = CARTESIAN_POINT('',(4.7,-3.5,1.05));
#4921 = CARTESIAN_POINT('',(4.35,-2.6,1.45));
#4922 = CARTESIAN_POINT('',(2.3,-3.5,1.05));
#4923 = CARTESIAN_POINT('',(2.65,-2.6,1.45));
#4924 = ADVANCED_FACE('',(#4925),#4939,.F.);
#4925 = FACE_BOUND('',#4926,.F.);
#4926 = EDGE_LOOP('',(#4927,#4928,#4933,#4934));
#4927 = ORIENTED_EDGE('',*,*,#1051,.T.);
#4928 = ORIENTED_EDGE('',*,*,#4929,.T.);
#4929 = EDGE_CURVE('',#1054,#3625,#4930,.T.);
#4930 = B_SPLINE_CURVE_WITH_KNOTS('',1,(#4931,#4932),.UNSPECIFIED.,.F.,
  .F.,(2,2),(0.,1.),.PIECEWISE_BEZIER_KNOTS.);
#4931 = CARTESIAN_POINT('',(5.8,-3.5,4.5));
#4932 = CARTESIAN_POINT('',(6.15,-2.6,3.15));
#4933 = ORIENTED_EDGE('',*,*,#3624,.F.);
#4934 = ORIENTED_EDGE('',*,*,#4935,.F.);
#4935 = EDGE_CURVE('',#1052,#3617,#4936,.T.);
#4936 = B_SPLINE_CURVE_WITH_KNOTS('',1,(#4937,#4938),.UNSPECIFIED.,.F.,
  .F.,(2,2),(0.,1.),.PIECEWISE_BEZIER_KNOTS.);
#4937 = CARTESIAN_POINT('',(5.8,-3.5,1.05));
#4938 = CARTESIAN_POINT('',(6.15,-2.6,1.45));
#4939 = B_SPLINE_SURFACE_WITH_KNOTS('',1,1,(
    (#4940,#4941)
    ,(#4942,#4943
    )),.UNSPECIFIED.,.F.,.F.,.F.,(2,2),(2,2),(0.,3.45),(0.,1.),
  .PIECEWISE_BEZIER_KNOTS.);
#4940 = CARTESIAN_POINT('',(5.8,-3.5,1.05));
#4941 = CARTESIAN_POINT('',(6.15,-2.6,1.45));
#4942 = CARTESIAN_POINT('',(5.8,-3.5,4.5));
#4943 = CARTESIAN_POINT('',(6.15,-2.6,3.15));
#4944 = ADVANCED_FACE('',(#4945),#4955,.F.);
#4945 = FACE_BOUND('',#4946,.F.);
#4946 = EDGE_LOOP('',(#4947,#4948,#4953,#4954));
#4947 = ORIENTED_EDGE('',*,*,#1061,.T.);
#4948 = ORIENTED_EDGE('',*,*,#4949,.T.);
#4949 = EDGE_CURVE('',#1062,#3633,#4950,.T.);
#4950 = B_SPLINE_CURVE_WITH_KNOTS('',1,(#4951,#4952),.UNSPECIFIED.,.F.,
  .F.,(2,2),(0.,1.),.PIECEWISE_BEZIER_KNOTS.);
#4951 = CARTESIAN_POINT('',(8.2,-3.5,4.5));
#4952 = CARTESIAN_POINT('',(7.85,-2.6,3.15));
#4953 = ORIENTED_EDGE('',*,*,#3632,.F.);
#4954 = ORIENTED_EDGE('',*,*,#4929,.F.);
#4955 = B_SPLINE_SURFACE_WITH_KNOTS('',1,1,(
    (#4956,#4957)
    ,(#4958,#4959
    )),.UNSPECIFIED.,.F.,.F.,.F.,(2,2),(2,2),(0.,2.4),(0.,1.),
  .PIECEWISE_BEZIER_KNOTS.);
#4956 = CARTESIAN_POINT('',(5.8,-3.5,4.5));
#4957 = CARTESIAN_POINT('',(6.15,-2.6,3.15));
#4958 = CARTESIAN_POINT('',(8.2,-3.5,4.5));
#4959 = CARTESIAN_POINT('',(7.85,-2.6,3.15));
#4960 = ADVANCED_FACE('',(#4961),#4971,.F.);
#4961 = FACE_BOUND('',#4962,.F.);
#4962 = EDGE_LOOP('',(#4963,#4964,#4969,#4970));
#4963 = ORIENTED_EDGE('',*,*,#1069,.T.);
#4964 = ORIENTED_EDGE('',*,*,#4965,.T.);
#4965 = EDGE_CURVE('',#1070,#3615,#4966,.T.);
#4966 = B_SPLINE_CURVE_WITH_KNOTS('',1,(#4967,#4968),.UNSPECIFIED.,.F.,
  .F.,(2,2),(0.,1.),.PIECEWISE_BEZIER_KNOTS.);
#4967 = CARTESIAN_POINT('',(8.2,-3.5,1.05));
#4968 = CARTESIAN_POINT('',(7.85,-2.6,1.45));
#4969 = ORIENTED_EDGE('',*,*,#3640,.F.);
#4970 = ORIENTED_EDGE('',*,*,#4949,.F.);
#4971 = B_SPLINE_SURFACE_WITH_KNOTS('',1,1,(
    (#4972,#4973)
    ,(#4974,#4975
    )),.UNSPECIFIED.,.F.,.F.,.F.,(2,2),(2,2),(0.,3.45),(0.,1.),
  .PIECEWISE_BEZIER_KNOTS.);
#4972 = CARTESIAN_POINT('',(8.2,-3.5,4.5));
#4973 = CARTESIAN_POINT('',(7.85,-2.6,3.15));
#4974 = CARTESIAN_POINT('',(8.2,-3.5,1.05));
#4975 = CARTESIAN_POINT('',(7.85,-2.6,1.45));
#4976 = ADVANCED_FACE('',(#4977),#4983,.F.);
#4977 = FACE_BOUND('',#4978,.F.);
#4978 = EDGE_LOOP('',(#4979,#4980,#4981,#4982));
#4979 = ORIENTED_EDGE('',*,*,#1077,.T.);
#4980 = ORIENTED_EDGE('',*,*,#4935,.T.);
#4981 = ORIENTED_EDGE('',*,*,#3614,.F.);
#4982 = ORIENTED_EDGE('',*,*,#4965,.F.);
#4983 = B_SPLINE_SURFACE_WITH_KNOTS('',1,1,(
    (#4984,#4985)
    ,(#4986,#4987
    )),.UNSPECIFIED.,.F.,.F.,.F.,(2,2),(2,2),(0.,2.4),(0.,1.),
  .PIECEWISE_BEZIER_KNOTS.);
#4984 = CARTESIAN_POINT('',(8.2,-3.5,1.05));
#4985 = CARTESIAN_POINT('',(7.85,-2.6,1.45));
#4986 = CARTESIAN_POINT('',(5.8,-3.5,1.05));
#4987 = CARTESIAN_POINT('',(6.15,-2.6,1.45));
#4988 = ADVANCED_FACE('',(#4989),#5003,.F.);
#4989 = FACE_BOUND('',#4990,.F.);
#4990 = EDGE_LOOP('',(#4991,#4992,#4997,#4998));
#4991 = ORIENTED_EDGE('',*,*,#1085,.T.);
#4992 = ORIENTED_EDGE('',*,*,#4993,.T.);
#4993 = EDGE_CURVE('',#1088,#3096,#4994,.T.);
#4994 = B_SPLINE_CURVE_WITH_KNOTS('',1,(#4995,#4996),.UNSPECIFIED.,.F.,
  .F.,(2,2),(0.,1.),.PIECEWISE_BEZIER_KNOTS.);
#4995 = CARTESIAN_POINT('',(9.3,-3.5,4.5));
#4996 = CARTESIAN_POINT('',(9.65,-2.6,3.15));
#4997 = ORIENTED_EDGE('',*,*,#3095,.F.);
#4998 = ORIENTED_EDGE('',*,*,#4999,.F.);
#4999 = EDGE_CURVE('',#1086,#3088,#5000,.T.);
#5000 = B_SPLINE_CURVE_WITH_KNOTS('',1,(#5001,#5002),.UNSPECIFIED.,.F.,
  .F.,(2,2),(0.,1.),.PIECEWISE_BEZIER_KNOTS.);
#5001 = CARTESIAN_POINT('',(9.3,-3.5,1.05));
#5002 = CARTESIAN_POINT('',(9.65,-2.6,1.45));
#5003 = B_SPLINE_SURFACE_WITH_KNOTS('',1,1,(
    (#5004,#5005)
    ,(#5006,#5007
    )),.UNSPECIFIED.,.F.,.F.,.F.,(2,2),(2,2),(0.,3.45),(0.,1.),
  .PIECEWISE_BEZIER_KNOTS.);
#5004 = CARTESIAN_POINT('',(9.3,-3.5,1.05));
#5005 = CARTESIAN_POINT('',(9.65,-2.6,1.45));
#5006 = CARTESIAN_POINT('',(9.3,-3.5,4.5));
#5007 = CARTESIAN_POINT('',(9.65,-2.6,3.15));
#5008 = ADVANCED_FACE('',(#5009),#5019,.F.);
#5009 = FACE_BOUND('',#5010,.F.);
#5010 = EDGE_LOOP('',(#5011,#5012,#5017,#5018));
#5011 = ORIENTED_EDGE('',*,*,#1095,.T.);
#5012 = ORIENTED_EDGE('',*,*,#5013,.T.);
#5013 = EDGE_CURVE('',#1096,#3104,#5014,.T.);
#5014 = B_SPLINE_CURVE_WITH_KNOTS('',1,(#5015,#5016),.UNSPECIFIED.,.F.,
  .F.,(2,2),(0.,1.),.PIECEWISE_BEZIER_KNOTS.);
#5015 = CARTESIAN_POINT('',(11.7,-3.5,4.5));
#5016 = CARTESIAN_POINT('',(11.35,-2.6,3.15));
#5017 = ORIENTED_EDGE('',*,*,#3103,.F.);
#5018 = ORIENTED_EDGE('',*,*,#4993,.F.);
#5019 = B_SPLINE_SURFACE_WITH_KNOTS('',1,1,(
    (#5020,#5021)
    ,(#5022,#5023
    )),.UNSPECIFIED.,.F.,.F.,.F.,(2,2),(2,2),(0.,2.4),(0.,1.),
  .PIECEWISE_BEZIER_KNOTS.);
#5020 = CARTESIAN_POINT('',(9.3,-3.5,4.5));
#5021 = CARTESIAN_POINT('',(9.65,-2.6,3.15));
#5022 = CARTESIAN_POINT('',(11.7,-3.5,4.5));
#5023 = CARTESIAN_POINT('',(11.35,-2.6,3.15));
#5024 = ADVANCED_FACE('',(#5025),#5035,.F.);
#5025 = FACE_BOUND('',#5026,.F.);
#5026 = EDGE_LOOP('',(#5027,#5028,#5033,#5034));
#5027 = ORIENTED_EDGE('',*,*,#1103,.T.);
#5028 = ORIENTED_EDGE('',*,*,#5029,.T.);
#5029 = EDGE_CURVE('',#1104,#3086,#5030,.T.);
#5030 = B_SPLINE_CURVE_WITH_KNOTS('',1,(#5031,#5032),.UNSPECIFIED.,.F.,
  .F.,(2,2),(0.,1.),.PIECEWISE_BEZIER_KNOTS.);
#5031 = CARTESIAN_POINT('',(11.7,-3.5,1.05));
#5032 = CARTESIAN_POINT('',(11.35,-2.6,1.45));
#5033 = ORIENTED_EDGE('',*,*,#3111,.F.);
#5034 = ORIENTED_EDGE('',*,*,#5013,.F.);
#5035 = B_SPLINE_SURFACE_WITH_KNOTS('',1,1,(
    (#5036,#5037)
    ,(#5038,#5039
    )),.UNSPECIFIED.,.F.,.F.,.F.,(2,2),(2,2),(0.,3.45),(0.,1.),
  .PIECEWISE_BEZIER_KNOTS.);
#5036 = CARTESIAN_POINT('',(11.7,-3.5,4.5));
#5037 = CARTESIAN_POINT('',(11.35,-2.6,3.15));
#5038 = CARTESIAN_POINT('',(11.7,-3.5,1.05));
#5039 = CARTESIAN_POINT('',(11.35,-2.6,1.45));
#5040 = ADVANCED_FACE('',(#5041),#5047,.F.);
#5041 = FACE_BOUND('',#5042,.F.);
#5042 = EDGE_LOOP('',(#5043,#5044,#5045,#5046));
#5043 = ORIENTED_EDGE('',*,*,#1111,.T.);
#5044 = ORIENTED_EDGE('',*,*,#4999,.T.);
#5045 = ORIENTED_EDGE('',*,*,#3085,.F.);
#5046 = ORIENTED_EDGE('',*,*,#5029,.F.);
#5047 = B_SPLINE_SURFACE_WITH_KNOTS('',1,1,(
    (#5048,#5049)
    ,(#5050,#5051
    )),.UNSPECIFIED.,.F.,.F.,.F.,(2,2),(2,2),(0.,2.4),(0.,1.),
  .PIECEWISE_BEZIER_KNOTS.);
#5048 = CARTESIAN_POINT('',(11.7,-3.5,1.05));
#5049 = CARTESIAN_POINT('',(11.35,-2.6,1.45));
#5050 = CARTESIAN_POINT('',(9.3,-3.5,1.05));
#5051 = CARTESIAN_POINT('',(9.65,-2.6,1.45));
#5052 = ADVANCED_FACE('',(#5053),#5067,.F.);
#5053 = FACE_BOUND('',#5054,.F.);
#5054 = EDGE_LOOP('',(#5055,#5056,#5061,#5062));
#5055 = ORIENTED_EDGE('',*,*,#1119,.T.);
#5056 = ORIENTED_EDGE('',*,*,#5057,.T.);
#5057 = EDGE_CURVE('',#1122,#2567,#5058,.T.);
#5058 = B_SPLINE_CURVE_WITH_KNOTS('',1,(#5059,#5060),.UNSPECIFIED.,.F.,
  .F.,(2,2),(0.,1.),.PIECEWISE_BEZIER_KNOTS.);
#5059 = CARTESIAN_POINT('',(12.8,-3.5,4.5));
#5060 = CARTESIAN_POINT('',(13.15,-2.6,3.15));
#5061 = ORIENTED_EDGE('',*,*,#2566,.F.);
#5062 = ORIENTED_EDGE('',*,*,#5063,.F.);
#5063 = EDGE_CURVE('',#1120,#2559,#5064,.T.);
#5064 = B_SPLINE_CURVE_WITH_KNOTS('',1,(#5065,#5066),.UNSPECIFIED.,.F.,
  .F.,(2,2),(0.,1.),.PIECEWISE_BEZIER_KNOTS.);
#5065 = CARTESIAN_POINT('',(12.8,-3.5,1.05));
#5066 = CARTESIAN_POINT('',(13.15,-2.6,1.45));
#5067 = B_SPLINE_SURFACE_WITH_KNOTS('',1,1,(
    (#5068,#5069)
    ,(#5070,#5071
    )),.UNSPECIFIED.,.F.,.F.,.F.,(2,2),(2,2),(0.,3.45),(0.,1.),
  .PIECEWISE_BEZIER_KNOTS.);
#5068 = CARTESIAN_POINT('',(12.8,-3.5,1.05));
#5069 = CARTESIAN_POINT('',(13.15,-2.6,1.45));
#5070 = CARTESIAN_POINT('',(12.8,-3.5,4.5));
#5071 = CARTESIAN_POINT('',(13.15,-2.6,3.15));
#5072 = ADVANCED_FACE('',(#5073),#5083,.F.);
#5073 = FACE_BOUND('',#5074,.F.);
#5074 = EDGE_LOOP('',(#5075,#5076,#5081,#5082));
#5075 = ORIENTED_EDGE('',*,*,#1129,.T.);
#5076 = ORIENTED_EDGE('',*,*,#5077,.T.);
#5077 = EDGE_CURVE('',#1130,#2575,#5078,.T.);
#5078 = B_SPLINE_CURVE_WITH_KNOTS('',1,(#5079,#5080),.UNSPECIFIED.,.F.,
  .F.,(2,2),(0.,1.),.PIECEWISE_BEZIER_KNOTS.);
#5079 = CARTESIAN_POINT('',(15.2,-3.5,4.5));
#5080 = CARTESIAN_POINT('',(14.85,-2.6,3.15));
#5081 = ORIENTED_EDGE('',*,*,#2574,.F.);
#5082 = ORIENTED_EDGE('',*,*,#5057,.F.);
#5083 = B_SPLINE_SURFACE_WITH_KNOTS('',1,1,(
    (#5084,#5085)
    ,(#5086,#5087
    )),.UNSPECIFIED.,.F.,.F.,.F.,(2,2),(2,2),(0.,2.4),(0.,1.),
  .PIECEWISE_BEZIER_KNOTS.);
#5084 = CARTESIAN_POINT('',(12.8,-3.5,4.5));
#5085 = CARTESIAN_POINT('',(13.15,-2.6,3.15));
#5086 = CARTESIAN_POINT('',(15.2,-3.5,4.5));
#5087 = CARTESIAN_POINT('',(14.85,-2.6,3.15));
#5088 = ADVANCED_FACE('',(#5089),#5099,.F.);
#5089 = FACE_BOUND('',#5090,.F.);
#5090 = EDGE_LOOP('',(#5091,#5092,#5097,#5098));
#5091 = ORIENTED_EDGE('',*,*,#1137,.T.);
#5092 = ORIENTED_EDGE('',*,*,#5093,.T.);
#5093 = EDGE_CURVE('',#1138,#2557,#5094,.T.);
#5094 = B_SPLINE_CURVE_WITH_KNOTS('',1,(#5095,#5096),.UNSPECIFIED.,.F.,
  .F.,(2,2),(0.,1.),.PIECEWISE_BEZIER_KNOTS.);
#5095 = CARTESIAN_POINT('',(15.2,-3.5,1.05));
#5096 = CARTESIAN_POINT('',(14.85,-2.6,1.45));
#5097 = ORIENTED_EDGE('',*,*,#2582,.F.);
#5098 = ORIENTED_EDGE('',*,*,#5077,.F.);
#5099 = B_SPLINE_SURFACE_WITH_KNOTS('',1,1,(
    (#5100,#5101)
    ,(#5102,#5103
    )),.UNSPECIFIED.,.F.,.F.,.F.,(2,2),(2,2),(0.,3.45),(0.,1.),
  .PIECEWISE_BEZIER_KNOTS.);
#5100 = CARTESIAN_POINT('',(15.2,-3.5,4.5));
#5101 = CARTESIAN_POINT('',(14.85,-2.6,3.15));
#5102 = CARTESIAN_POINT('',(15.2,-3.5,1.05));
#5103 = CARTESIAN_POINT('',(14.85,-2.6,1.45));
#5104 = ADVANCED_FACE('',(#5105),#5111,.F.);
#5105 = FACE_BOUND('',#5106,.F.);
#5106 = EDGE_LOOP('',(#5107,#5108,#5109,#5110));
#5107 = ORIENTED_EDGE('',*,*,#1145,.T.);
#5108 = ORIENTED_EDGE('',*,*,#5063,.T.);
#5109 = ORIENTED_EDGE('',*,*,#2556,.F.);
#5110 = ORIENTED_EDGE('',*,*,#5093,.F.);
#5111 = B_SPLINE_SURFACE_WITH_KNOTS('',1,1,(
    (#5112,#5113)
    ,(#5114,#5115
    )),.UNSPECIFIED.,.F.,.F.,.F.,(2,2),(2,2),(0.,2.4),(0.,1.),
  .PIECEWISE_BEZIER_KNOTS.);
#5112 = CARTESIAN_POINT('',(15.2,-3.5,1.05));
#5113 = CARTESIAN_POINT('',(14.85,-2.6,1.45));
#5114 = CARTESIAN_POINT('',(12.8,-3.5,1.05));
#5115 = CARTESIAN_POINT('',(13.15,-2.6,1.45));
#5116 = ADVANCED_FACE('',(#5117),#5130,.F.);
#5117 = FACE_BOUND('',#5118,.F.);
#5118 = EDGE_LOOP('',(#5119,#5120,#5126,#5127,#5128,#5129));
#5119 = ORIENTED_EDGE('',*,*,#2188,.T.);
#5120 = ORIENTED_EDGE('',*,*,#5121,.T.);
#5121 = EDGE_CURVE('',#2181,#1160,#5122,.T.);
#5122 = LINE('',#5123,#5124);
#5123 = CARTESIAN_POINT('',(13.175,3.1,1.2));
#5124 = VECTOR('',#5125,1.);
#5125 = DIRECTION('',(1.7E-16,2.3E-16,1.));
#5126 = ORIENTED_EDGE('',*,*,#1159,.T.);
#5127 = ORIENTED_EDGE('',*,*,#1199,.T.);
#5128 = ORIENTED_EDGE('',*,*,#2094,.F.);
#5129 = ORIENTED_EDGE('',*,*,#2119,.F.);
#5130 = PLANE('',#5131);
#5131 = AXIS2_PLACEMENT_3D('',#5132,#5133,#5134);
#5132 = CARTESIAN_POINT('',(13.175,3.1,1.2));
#5133 = DIRECTION('',(-0.993229837297,0.116165788004,-1.6E-16));
#5134 = DIRECTION('',(0.116165788004,0.993229837297,1.9E-16));
#5135 = ADVANCED_FACE('',(#5136),#5147,.T.);
#5136 = FACE_BOUND('',#5137,.T.);
#5137 = EDGE_LOOP('',(#5138,#5144,#5145,#5146));
#5138 = ORIENTED_EDGE('',*,*,#5139,.F.);
#5139 = EDGE_CURVE('',#2181,#1715,#5140,.T.);
#5140 = LINE('',#5141,#5142);
#5141 = CARTESIAN_POINT('',(12.8,3.1,5.));
#5142 = VECTOR('',#5143,1.);
#5143 = DIRECTION('',(1.,1.7E-16,1.7E-16));
#5144 = ORIENTED_EDGE('',*,*,#5121,.T.);
#5145 = ORIENTED_EDGE('',*,*,#1167,.T.);
#5146 = ORIENTED_EDGE('',*,*,#1714,.F.);
#5147 = PLANE('',#5148);
#5148 = AXIS2_PLACEMENT_3D('',#5149,#5150,#5151);
#5149 = CARTESIAN_POINT('',(13.175,3.1,1.2));
#5150 = DIRECTION('',(1.7E-16,1.,1.1E-16));
#5151 = DIRECTION('',(1.,-1.7E-16,2.3E-16));
#5152 = ADVANCED_FACE('',(#5153),#5166,.F.);
#5153 = FACE_BOUND('',#5154,.F.);
#5154 = EDGE_LOOP('',(#5155,#5156,#5157,#5158,#5164,#5165));
#5155 = ORIENTED_EDGE('',*,*,#2079,.T.);
#5156 = ORIENTED_EDGE('',*,*,#1190,.T.);
#5157 = ORIENTED_EDGE('',*,*,#1246,.T.);
#5158 = ORIENTED_EDGE('',*,*,#5159,.F.);
#5159 = EDGE_CURVE('',#2718,#1239,#5160,.T.);
#5160 = LINE('',#5161,#5162);
#5161 = CARTESIAN_POINT('',(11.325,3.1,1.2));
#5162 = VECTOR('',#5163,1.);
#5163 = DIRECTION('',(1.7E-16,2.3E-16,1.));
#5164 = ORIENTED_EDGE('',*,*,#2717,.F.);
#5165 = ORIENTED_EDGE('',*,*,#2052,.F.);
#5166 = PLANE('',#5167);
#5167 = AXIS2_PLACEMENT_3D('',#5168,#5169,#5170);
#5168 = CARTESIAN_POINT('',(11.251015524405,3.732575131807,1.2));
#5169 = DIRECTION('',(0.993229837297,0.116165788004,1.7E-16));
#5170 = DIRECTION('',(0.116165788004,-0.993229837297,-1.4E-16));
#5171 = ADVANCED_FACE('',(#5172),#5185,.F.);
#5172 = FACE_BOUND('',#5173,.F.);
#5173 = EDGE_LOOP('',(#5174,#5175,#5181,#5182,#5183,#5184));
#5174 = ORIENTED_EDGE('',*,*,#2710,.T.);
#5175 = ORIENTED_EDGE('',*,*,#5176,.T.);
#5176 = EDGE_CURVE('',#2703,#1231,#5177,.T.);
#5177 = LINE('',#5178,#5179);
#5178 = CARTESIAN_POINT('',(9.675,3.1,1.2));
#5179 = VECTOR('',#5180,1.);
#5180 = DIRECTION('',(1.7E-16,2.3E-16,1.));
#5181 = ORIENTED_EDGE('',*,*,#1230,.T.);
#5182 = ORIENTED_EDGE('',*,*,#1270,.T.);
#5183 = ORIENTED_EDGE('',*,*,#2011,.F.);
#5184 = ORIENTED_EDGE('',*,*,#2036,.F.);
#5185 = PLANE('',#5186);
#5186 = AXIS2_PLACEMENT_3D('',#5187,#5188,#5189);
#5187 = CARTESIAN_POINT('',(9.675,3.1,1.2));
#5188 = DIRECTION('',(-0.993229837297,0.116165788004,-1.6E-16));
#5189 = DIRECTION('',(0.116165788004,0.993229837297,1.9E-16));
#5190 = ADVANCED_FACE('',(#5191),#5202,.T.);
#5191 = FACE_BOUND('',#5192,.T.);
#5192 = EDGE_LOOP('',(#5193,#5199,#5200,#5201));
#5193 = ORIENTED_EDGE('',*,*,#5194,.F.);
#5194 = EDGE_CURVE('',#2703,#2718,#5195,.T.);
#5195 = LINE('',#5196,#5197);
#5196 = CARTESIAN_POINT('',(9.3,3.1,5.));
#5197 = VECTOR('',#5198,1.);
#5198 = DIRECTION('',(1.,1.7E-16,1.7E-16));
#5199 = ORIENTED_EDGE('',*,*,#5176,.T.);
#5200 = ORIENTED_EDGE('',*,*,#1238,.T.);
#5201 = ORIENTED_EDGE('',*,*,#5159,.F.);
#5202 = PLANE('',#5203);
#5203 = AXIS2_PLACEMENT_3D('',#5204,#5205,#5206);
#5204 = CARTESIAN_POINT('',(9.675,3.1,1.2));
#5205 = DIRECTION('',(1.7E-16,1.,1.1E-16));
#5206 = DIRECTION('',(1.,-1.7E-16,2.3E-16));
#5207 = ADVANCED_FACE('',(#5208),#5221,.F.);
#5208 = FACE_BOUND('',#5209,.F.);
#5209 = EDGE_LOOP('',(#5210,#5211,#5212,#5213,#5219,#5220));
#5210 = ORIENTED_EDGE('',*,*,#1996,.T.);
#5211 = ORIENTED_EDGE('',*,*,#1261,.T.);
#5212 = ORIENTED_EDGE('',*,*,#1317,.T.);
#5213 = ORIENTED_EDGE('',*,*,#5214,.F.);
#5214 = EDGE_CURVE('',#3247,#1310,#5215,.T.);
#5215 = LINE('',#5216,#5217);
#5216 = CARTESIAN_POINT('',(7.825,3.1,1.2));
#5217 = VECTOR('',#5218,1.);
#5218 = DIRECTION('',(1.7E-16,2.3E-16,1.));
#5219 = ORIENTED_EDGE('',*,*,#3246,.F.);
#5220 = ORIENTED_EDGE('',*,*,#1969,.F.);
#5221 = PLANE('',#5222);
#5222 = AXIS2_PLACEMENT_3D('',#5223,#5224,#5225);
#5223 = CARTESIAN_POINT('',(7.751015524405,3.732575131807,1.2));
#5224 = DIRECTION('',(0.993229837297,0.116165788004,1.7E-16));
#5225 = DIRECTION('',(0.116165788004,-0.993229837297,-1.4E-16));
#5226 = ADVANCED_FACE('',(#5227),#5240,.F.);
#5227 = FACE_BOUND('',#5228,.F.);
#5228 = EDGE_LOOP('',(#5229,#5230,#5236,#5237,#5238,#5239));
#5229 = ORIENTED_EDGE('',*,*,#3239,.T.);
#5230 = ORIENTED_EDGE('',*,*,#5231,.T.);
#5231 = EDGE_CURVE('',#3232,#1302,#5232,.T.);
#5232 = LINE('',#5233,#5234);
#5233 = CARTESIAN_POINT('',(6.175,3.1,1.2));
#5234 = VECTOR('',#5235,1.);
#5235 = DIRECTION('',(1.7E-16,2.3E-16,1.));
#5236 = ORIENTED_EDGE('',*,*,#1301,.T.);
#5237 = ORIENTED_EDGE('',*,*,#1341,.T.);
#5238 = ORIENTED_EDGE('',*,*,#1928,.F.);
#5239 = ORIENTED_EDGE('',*,*,#1953,.F.);
#5240 = PLANE('',#5241);
#5241 = AXIS2_PLACEMENT_3D('',#5242,#5243,#5244);
#5242 = CARTESIAN_POINT('',(6.175,3.1,1.2));
#5243 = DIRECTION('',(-0.993229837297,0.116165788004,-1.6E-16));
#5244 = DIRECTION('',(0.116165788004,0.993229837297,1.9E-16));
#5245 = ADVANCED_FACE('',(#5246),#5257,.T.);
#5246 = FACE_BOUND('',#5247,.T.);
#5247 = EDGE_LOOP('',(#5248,#5254,#5255,#5256));
#5248 = ORIENTED_EDGE('',*,*,#5249,.F.);
#5249 = EDGE_CURVE('',#3232,#3247,#5250,.T.);
#5250 = LINE('',#5251,#5252);
#5251 = CARTESIAN_POINT('',(5.8,3.1,5.));
#5252 = VECTOR('',#5253,1.);
#5253 = DIRECTION('',(1.,1.7E-16,1.7E-16));
#5254 = ORIENTED_EDGE('',*,*,#5231,.T.);
#5255 = ORIENTED_EDGE('',*,*,#1309,.T.);
#5256 = ORIENTED_EDGE('',*,*,#5214,.F.);
#5257 = PLANE('',#5258);
#5258 = AXIS2_PLACEMENT_3D('',#5259,#5260,#5261);
#5259 = CARTESIAN_POINT('',(6.175,3.1,1.2));
#5260 = DIRECTION('',(1.7E-16,1.,1.1E-16));
#5261 = DIRECTION('',(1.,-1.7E-16,2.3E-16));
#5262 = ADVANCED_FACE('',(#5263),#5276,.F.);
#5263 = FACE_BOUND('',#5264,.F.);
#5264 = EDGE_LOOP('',(#5265,#5266,#5267,#5268,#5274,#5275));
#5265 = ORIENTED_EDGE('',*,*,#1913,.T.);
#5266 = ORIENTED_EDGE('',*,*,#1332,.T.);
#5267 = ORIENTED_EDGE('',*,*,#1388,.T.);
#5268 = ORIENTED_EDGE('',*,*,#5269,.F.);
#5269 = EDGE_CURVE('',#3776,#1381,#5270,.T.);
#5270 = LINE('',#5271,#5272);
#5271 = CARTESIAN_POINT('',(4.325,3.1,1.2));
#5272 = VECTOR('',#5273,1.);
#5273 = DIRECTION('',(1.7E-16,2.3E-16,1.));
#5274 = ORIENTED_EDGE('',*,*,#3775,.F.);
#5275 = ORIENTED_EDGE('',*,*,#1886,.F.);
#5276 = PLANE('',#5277);
#5277 = AXIS2_PLACEMENT_3D('',#5278,#5279,#5280);
#5278 = CARTESIAN_POINT('',(4.251015524405,3.732575131807,1.2));
#5279 = DIRECTION('',(0.993229837297,0.116165788004,1.7E-16));
#5280 = DIRECTION('',(0.116165788004,-0.993229837297,-1.4E-16));
#5281 = ADVANCED_FACE('',(#5282),#5295,.F.);
#5282 = FACE_BOUND('',#5283,.F.);
#5283 = EDGE_LOOP('',(#5284,#5285,#5291,#5292,#5293,#5294));
#5284 = ORIENTED_EDGE('',*,*,#3768,.T.);
#5285 = ORIENTED_EDGE('',*,*,#5286,.T.);
#5286 = EDGE_CURVE('',#3761,#1373,#5287,.T.);
#5287 = LINE('',#5288,#5289);
#5288 = CARTESIAN_POINT('',(2.675,3.1,1.2));
#5289 = VECTOR('',#5290,1.);
#5290 = DIRECTION('',(1.7E-16,2.3E-16,1.));
#5291 = ORIENTED_EDGE('',*,*,#1372,.T.);
#5292 = ORIENTED_EDGE('',*,*,#1412,.T.);
#5293 = ORIENTED_EDGE('',*,*,#1845,.F.);
#5294 = ORIENTED_EDGE('',*,*,#1870,.F.);
#5295 = PLANE('',#5296);
#5296 = AXIS2_PLACEMENT_3D('',#5297,#5298,#5299);
#5297 = CARTESIAN_POINT('',(2.675,3.1,1.2));
#5298 = DIRECTION('',(-0.993229837297,0.116165788004,-1.6E-16));
#5299 = DIRECTION('',(0.116165788004,0.993229837297,1.9E-16));
#5300 = ADVANCED_FACE('',(#5301),#5312,.T.);
#5301 = FACE_BOUND('',#5302,.T.);
#5302 = EDGE_LOOP('',(#5303,#5309,#5310,#5311));
#5303 = ORIENTED_EDGE('',*,*,#5304,.F.);
#5304 = EDGE_CURVE('',#3761,#3776,#5305,.T.);
#5305 = LINE('',#5306,#5307);
#5306 = CARTESIAN_POINT('',(2.3,3.1,5.));
#5307 = VECTOR('',#5308,1.);
#5308 = DIRECTION('',(1.,1.7E-16,1.7E-16));
#5309 = ORIENTED_EDGE('',*,*,#5286,.T.);
#5310 = ORIENTED_EDGE('',*,*,#1380,.T.);
#5311 = ORIENTED_EDGE('',*,*,#5269,.F.);
#5312 = PLANE('',#5313);
#5313 = AXIS2_PLACEMENT_3D('',#5314,#5315,#5316);
#5314 = CARTESIAN_POINT('',(2.675,3.1,1.2));
#5315 = DIRECTION('',(1.7E-16,1.,1.1E-16));
#5316 = DIRECTION('',(1.,-1.7E-16,2.3E-16));
#5317 = ADVANCED_FACE('',(#5318),#5331,.F.);
#5318 = FACE_BOUND('',#5319,.F.);
#5319 = EDGE_LOOP('',(#5320,#5321,#5322,#5323,#5329,#5330));
#5320 = ORIENTED_EDGE('',*,*,#1830,.T.);
#5321 = ORIENTED_EDGE('',*,*,#1403,.T.);
#5322 = ORIENTED_EDGE('',*,*,#1459,.T.);
#5323 = ORIENTED_EDGE('',*,*,#5324,.F.);
#5324 = EDGE_CURVE('',#4305,#1452,#5325,.T.);
#5325 = LINE('',#5326,#5327);
#5326 = CARTESIAN_POINT('',(0.825,3.1,1.2));
#5327 = VECTOR('',#5328,1.);
#5328 = DIRECTION('',(1.1E-16,1.7E-16,1.));
#5329 = ORIENTED_EDGE('',*,*,#4304,.F.);
#5330 = ORIENTED_EDGE('',*,*,#1803,.F.);
#5331 = PLANE('',#5332);
#5332 = AXIS2_PLACEMENT_3D('',#5333,#5334,#5335);
#5333 = CARTESIAN_POINT('',(0.751015524405,3.732575131807,1.2));
#5334 = DIRECTION('',(0.993229837297,0.116165788004,1.1E-16));
#5335 = DIRECTION('',(0.116165788004,-0.993229837297,-9.E-17));
#5336 = ADVANCED_FACE('',(#5337),#5350,.F.);
#5337 = FACE_BOUND('',#5338,.F.);
#5338 = EDGE_LOOP('',(#5339,#5340,#5346,#5347,#5348,#5349));
#5339 = ORIENTED_EDGE('',*,*,#4297,.T.);
#5340 = ORIENTED_EDGE('',*,*,#5341,.T.);
#5341 = EDGE_CURVE('',#4290,#1444,#5342,.T.);
#5342 = LINE('',#5343,#5344);
#5343 = CARTESIAN_POINT('',(-0.825,3.1,1.2));
#5344 = VECTOR('',#5345,1.);
#5345 = DIRECTION('',(1.1E-16,1.7E-16,1.));
#5346 = ORIENTED_EDGE('',*,*,#1443,.T.);
#5347 = ORIENTED_EDGE('',*,*,#1476,.T.);
#5348 = ORIENTED_EDGE('',*,*,#1762,.F.);
#5349 = ORIENTED_EDGE('',*,*,#1787,.F.);
#5350 = PLANE('',#5351);
#5351 = AXIS2_PLACEMENT_3D('',#5352,#5353,#5354);
#5352 = CARTESIAN_POINT('',(-0.825,3.1,1.2));
#5353 = DIRECTION('',(-0.993229837297,0.116165788004,-1.1E-16));
#5354 = DIRECTION('',(0.116165788004,0.993229837297,1.3E-16));
#5355 = ADVANCED_FACE('',(#5356),#5367,.T.);
#5356 = FACE_BOUND('',#5357,.T.);
#5357 = EDGE_LOOP('',(#5358,#5364,#5365,#5366));
#5358 = ORIENTED_EDGE('',*,*,#5359,.F.);
#5359 = EDGE_CURVE('',#4290,#4305,#5360,.T.);
#5360 = LINE('',#5361,#5362);
#5361 = CARTESIAN_POINT('',(-1.2,3.1,5.));
#5362 = VECTOR('',#5363,1.);
#5363 = DIRECTION('',(1.,1.1E-16,1.1E-16));
#5364 = ORIENTED_EDGE('',*,*,#5341,.T.);
#5365 = ORIENTED_EDGE('',*,*,#1451,.T.);
#5366 = ORIENTED_EDGE('',*,*,#5324,.F.);
#5367 = PLANE('',#5368);
#5368 = AXIS2_PLACEMENT_3D('',#5369,#5370,#5371);
#5369 = CARTESIAN_POINT('',(-0.825,3.1,1.2));
#5370 = DIRECTION('',(1.1E-16,1.,5.E-17));
#5371 = DIRECTION('',(1.,-1.1E-16,1.7E-16));
#5372 = ADVANCED_FACE('',(#5373),#5384,.T.);
#5373 = FACE_BOUND('',#5374,.T.);
#5374 = EDGE_LOOP('',(#5375,#5376,#5377,#5378));
#5375 = ORIENTED_EDGE('',*,*,#1557,.T.);
#5376 = ORIENTED_EDGE('',*,*,#1541,.T.);
#5377 = ORIENTED_EDGE('',*,*,#1500,.F.);
#5378 = ORIENTED_EDGE('',*,*,#5379,.F.);
#5379 = EDGE_CURVE('',#1558,#1501,#5380,.T.);
#5380 = LINE('',#5381,#5382);
#5381 = CARTESIAN_POINT('',(-2.15,2.425,3.E-17));
#5382 = VECTOR('',#5383,1.);
#5383 = DIRECTION('',(1.1E-16,1.,1.1E-16));
#5384 = PLANE('',#5385);
#5385 = AXIS2_PLACEMENT_3D('',#5386,#5387,#5388);
#5386 = CARTESIAN_POINT('',(-2.15,2.425,-1.E-16));
#5387 = DIRECTION('',(-1.,0.,-6.E-17));
#5388 = DIRECTION('',(-3.6E-33,1.,6.E-17));
#5389 = ADVANCED_FACE('',(#5390,#5393),#5404,.T.);
#5390 = FACE_BOUND('',#5391,.F.);
#5391 = EDGE_LOOP('',(#5392));
#5392 = ORIENTED_EDGE('',*,*,#1588,.T.);
#5393 = FACE_BOUND('',#5394,.F.);
#5394 = EDGE_LOOP('',(#5395));
#5395 = ORIENTED_EDGE('',*,*,#5396,.F.);
#5396 = EDGE_CURVE('',#5397,#5397,#5399,.T.);
#5397 = VERTEX_POINT('',#5398);
#5398 = CARTESIAN_POINT('',(-1.6,1.E-15,8.3));
#5399 = CIRCLE('',#5400,1.6);
#5400 = AXIS2_PLACEMENT_3D('',#5401,#5402,#5403);
#5401 = CARTESIAN_POINT('',(9.2E-16,-4.6E-16,8.3));
#5402 = DIRECTION('',(1.1E-16,2.8E-16,-1.));
#5403 = DIRECTION('',(-1.,-1.1E-16,-1.1E-16));
#5404 = PLANE('',#5405);
#5405 = AXIS2_PLACEMENT_3D('',#5406,#5407,#5408);
#5406 = CARTESIAN_POINT('',(9.2E-16,-4.6E-16,8.3));
#5407 = DIRECTION('',(-1.1E-16,6.E-17,-1.));
#5408 = DIRECTION('',(-1.,-1.1E-16,1.1E-16));
#5409 = ADVANCED_FACE('',(#5410,#5413),#5424,.T.);
#5410 = FACE_BOUND('',#5411,.F.);
#5411 = EDGE_LOOP('',(#5412));
#5412 = ORIENTED_EDGE('',*,*,#1613,.T.);
#5413 = FACE_BOUND('',#5414,.F.);
#5414 = EDGE_LOOP('',(#5415));
#5415 = ORIENTED_EDGE('',*,*,#5416,.F.);
#5416 = EDGE_CURVE('',#5417,#5417,#5419,.T.);
#5417 = VERTEX_POINT('',#5418);
#5418 = CARTESIAN_POINT('',(8.9,1.E-15,8.3));
#5419 = CIRCLE('',#5420,1.6);
#5420 = AXIS2_PLACEMENT_3D('',#5421,#5422,#5423);
#5421 = CARTESIAN_POINT('',(10.5,-1.6E-16,8.3));
#5422 = DIRECTION('',(1.7E-16,3.4E-16,-1.));
#5423 = DIRECTION('',(-1.,-1.7E-16,-1.7E-16));
#5424 = PLANE('',#5425);
#5425 = AXIS2_PLACEMENT_3D('',#5426,#5427,#5428);
#5426 = CARTESIAN_POINT('',(10.5,-1.6E-16,8.3));
#5427 = DIRECTION('',(-1.7E-16,0.,-1.));
#5428 = DIRECTION('',(-1.,-1.7E-16,1.7E-16));
#5429 = ADVANCED_FACE('',(#5430,#5433),#5444,.T.);
#5430 = FACE_BOUND('',#5431,.F.);
#5431 = EDGE_LOOP('',(#5432));
#5432 = ORIENTED_EDGE('',*,*,#1638,.T.);
#5433 = FACE_BOUND('',#5434,.F.);
#5434 = EDGE_LOOP('',(#5435));
#5435 = ORIENTED_EDGE('',*,*,#5436,.F.);
#5436 = EDGE_CURVE('',#5437,#5437,#5439,.T.);
#5437 = VERTEX_POINT('',#5438);
#5438 = CARTESIAN_POINT('',(1.9,1.E-15,8.3));
#5439 = CIRCLE('',#5440,1.6);
#5440 = AXIS2_PLACEMENT_3D('',#5441,#5442,#5443);
#5441 = CARTESIAN_POINT('',(3.5,-3.9E-16,8.3));
#5442 = DIRECTION('',(1.7E-16,3.4E-16,-1.));
#5443 = DIRECTION('',(-1.,-1.7E-16,-1.7E-16));
#5444 = PLANE('',#5445);
#5445 = AXIS2_PLACEMENT_3D('',#5446,#5447,#5448);
#5446 = CARTESIAN_POINT('',(3.5,-3.9E-16,8.3));
#5447 = DIRECTION('',(-1.7E-16,0.,-1.));
#5448 = DIRECTION('',(-1.,-1.7E-16,1.7E-16));
#5449 = ADVANCED_FACE('',(#5450,#5453),#5464,.T.);
#5450 = FACE_BOUND('',#5451,.F.);
#5451 = EDGE_LOOP('',(#5452));
#5452 = ORIENTED_EDGE('',*,*,#1663,.T.);
#5453 = FACE_BOUND('',#5454,.F.);
#5454 = EDGE_LOOP('',(#5455));
#5455 = ORIENTED_EDGE('',*,*,#5456,.F.);
#5456 = EDGE_CURVE('',#5457,#5457,#5459,.T.);
#5457 = VERTEX_POINT('',#5458);
#5458 = CARTESIAN_POINT('',(5.4,1.E-15,8.3));
#5459 = CIRCLE('',#5460,1.6);
#5460 = AXIS2_PLACEMENT_3D('',#5461,#5462,#5463);
#5461 = CARTESIAN_POINT('',(7.,-7.7E-16,8.3));
#5462 = DIRECTION('',(1.7E-16,3.4E-16,-1.));
#5463 = DIRECTION('',(-1.,-1.7E-16,-1.7E-16));
#5464 = PLANE('',#5465);
#5465 = AXIS2_PLACEMENT_3D('',#5466,#5467,#5468);
#5466 = CARTESIAN_POINT('',(7.,-7.7E-16,8.3));
#5467 = DIRECTION('',(-1.7E-16,0.,-1.));
#5468 = DIRECTION('',(-1.,-1.7E-16,1.7E-16));
#5469 = ADVANCED_FACE('',(#5470,#5473),#5484,.T.);
#5470 = FACE_BOUND('',#5471,.F.);
#5471 = EDGE_LOOP('',(#5472));
#5472 = ORIENTED_EDGE('',*,*,#1688,.T.);
#5473 = FACE_BOUND('',#5474,.F.);
#5474 = EDGE_LOOP('',(#5475));
#5475 = ORIENTED_EDGE('',*,*,#5476,.F.);
#5476 = EDGE_CURVE('',#5477,#5477,#5479,.T.);
#5477 = VERTEX_POINT('',#5478);
#5478 = CARTESIAN_POINT('',(13.,1.E-15,6.95));
#5479 = CIRCLE('',#5480,1.);
#5480 = AXIS2_PLACEMENT_3D('',#5481,#5482,#5483);
#5481 = CARTESIAN_POINT('',(14.,-5.6E-16,6.95));
#5482 = DIRECTION('',(1.7E-16,3.4E-16,-1.));
#5483 = DIRECTION('',(-1.,-1.7E-16,-1.7E-16));
#5484 = PLANE('',#5485);
#5485 = AXIS2_PLACEMENT_3D('',#5486,#5487,#5488);
#5486 = CARTESIAN_POINT('',(14.,-5.6E-16,6.95));
#5487 = DIRECTION('',(1.7E-16,0.,1.));
#5488 = DIRECTION('',(1.,1.7E-16,-1.7E-16));
#5489 = ADVANCED_FACE('',(#5490),#5496,.F.);
#5490 = FACE_BOUND('',#5491,.T.);
#5491 = EDGE_LOOP('',(#5492,#5493,#5494,#5495));
#5492 = ORIENTED_EDGE('',*,*,#2663,.T.);
#5493 = ORIENTED_EDGE('',*,*,#2268,.T.);
#5494 = ORIENTED_EDGE('',*,*,#2322,.T.);
#5495 = ORIENTED_EDGE('',*,*,#2456,.T.);
#5496 = PLANE('',#5497);
#5497 = AXIS2_PLACEMENT_3D('',#5498,#5499,#5500);
#5498 = CARTESIAN_POINT('',(14.,2.25,3.6));
#5499 = DIRECTION('',(1.7E-16,1.7E-16,1.));
#5500 = DIRECTION('',(1.,1.7E-16,-1.7E-16));
#5501 = ADVANCED_FACE('',(#5502,#5508),#5519,.F.);
#5502 = FACE_BOUND('',#5503,.F.);
#5503 = EDGE_LOOP('',(#5504,#5505,#5506,#5507));
#5504 = ORIENTED_EDGE('',*,*,#2236,.F.);
#5505 = ORIENTED_EDGE('',*,*,#2300,.F.);
#5506 = ORIENTED_EDGE('',*,*,#2370,.F.);
#5507 = ORIENTED_EDGE('',*,*,#2641,.F.);
#5508 = FACE_BOUND('',#5509,.F.);
#5509 = EDGE_LOOP('',(#5510));
#5510 = ORIENTED_EDGE('',*,*,#5511,.T.);
#5511 = EDGE_CURVE('',#5512,#5512,#5514,.T.);
#5512 = VERTEX_POINT('',#5513);
#5513 = CARTESIAN_POINT('',(13.,1.E-15,6.5));
#5514 = CIRCLE('',#5515,1.);
#5515 = AXIS2_PLACEMENT_3D('',#5516,#5517,#5518);
#5516 = CARTESIAN_POINT('',(14.,1.19E-15,6.5));
#5517 = DIRECTION('',(6.E-17,2.8E-16,-1.));
#5518 = DIRECTION('',(-1.,-1.7E-16,-6.E-17));
#5519 = PLANE('',#5520);
#5520 = AXIS2_PLACEMENT_3D('',#5521,#5522,#5523);
#5521 = CARTESIAN_POINT('',(14.,0.,6.5));
#5522 = DIRECTION('',(1.7E-16,1.7E-16,1.));
#5523 = DIRECTION('',(1.,1.7E-16,-1.7E-16));
#5524 = ADVANCED_FACE('',(#5525),#5531,.F.);
#5525 = FACE_BOUND('',#5526,.T.);
#5526 = EDGE_LOOP('',(#5527,#5528,#5529,#5530));
#5527 = ORIENTED_EDGE('',*,*,#2393,.T.);
#5528 = ORIENTED_EDGE('',*,*,#2597,.T.);
#5529 = ORIENTED_EDGE('',*,*,#2541,.T.);
#5530 = ORIENTED_EDGE('',*,*,#2488,.T.);
#5531 = PLANE('',#5532);
#5532 = AXIS2_PLACEMENT_3D('',#5533,#5534,#5535);
#5533 = CARTESIAN_POINT('',(14.,-2.3,3.6));
#5534 = DIRECTION('',(1.7E-16,1.7E-16,1.));
#5535 = DIRECTION('',(1.,1.7E-16,-1.7E-16));
#5536 = ADVANCED_FACE('',(#5537),#5545,.F.);
#5537 = FACE_BOUND('',#5538,.T.);
#5538 = EDGE_LOOP('',(#5539,#5540,#5541,#5542,#5543,#5544));
#5539 = ORIENTED_EDGE('',*,*,#2180,.T.);
#5540 = ORIENTED_EDGE('',*,*,#5139,.T.);
#5541 = ORIENTED_EDGE('',*,*,#2196,.T.);
#5542 = ORIENTED_EDGE('',*,*,#2619,.T.);
#5543 = ORIENTED_EDGE('',*,*,#2433,.T.);
#5544 = ORIENTED_EDGE('',*,*,#2510,.T.);
#5545 = PLANE('',#5546);
#5546 = AXIS2_PLACEMENT_3D('',#5547,#5548,#5549);
#5547 = CARTESIAN_POINT('',(14.,2.8,5.));
#5548 = DIRECTION('',(1.7E-16,1.7E-16,1.));
#5549 = DIRECTION('',(1.,1.7E-16,-1.7E-16));
#5550 = ADVANCED_FACE('',(#5551),#5557,.F.);
#5551 = FACE_BOUND('',#5552,.T.);
#5552 = EDGE_LOOP('',(#5553,#5554,#5555,#5556));
#5553 = ORIENTED_EDGE('',*,*,#3192,.T.);
#5554 = ORIENTED_EDGE('',*,*,#2797,.T.);
#5555 = ORIENTED_EDGE('',*,*,#2851,.T.);
#5556 = ORIENTED_EDGE('',*,*,#2985,.T.);
#5557 = PLANE('',#5558);
#5558 = AXIS2_PLACEMENT_3D('',#5559,#5560,#5561);
#5559 = CARTESIAN_POINT('',(10.5,2.25,3.6));
#5560 = DIRECTION('',(1.7E-16,1.7E-16,1.));
#5561 = DIRECTION('',(1.,1.7E-16,-1.7E-16));
#5562 = ADVANCED_FACE('',(#5563,#5569),#5580,.F.);
#5563 = FACE_BOUND('',#5564,.F.);
#5564 = EDGE_LOOP('',(#5565,#5566,#5567,#5568));
#5565 = ORIENTED_EDGE('',*,*,#2765,.F.);
#5566 = ORIENTED_EDGE('',*,*,#2829,.F.);
#5567 = ORIENTED_EDGE('',*,*,#2899,.F.);
#5568 = ORIENTED_EDGE('',*,*,#3170,.F.);
#5569 = FACE_BOUND('',#5570,.F.);
#5570 = EDGE_LOOP('',(#5571));
#5571 = ORIENTED_EDGE('',*,*,#5572,.T.);
#5572 = EDGE_CURVE('',#5573,#5573,#5575,.T.);
#5573 = VERTEX_POINT('',#5574);
#5574 = CARTESIAN_POINT('',(9.5,1.E-15,6.5));
#5575 = CIRCLE('',#5576,1.);
#5576 = AXIS2_PLACEMENT_3D('',#5577,#5578,#5579);
#5577 = CARTESIAN_POINT('',(10.5,8.E-16,6.5));
#5578 = DIRECTION('',(6.E-17,2.8E-16,-1.));
#5579 = DIRECTION('',(-1.,-1.7E-16,-6.E-17));
#5580 = PLANE('',#5581);
#5581 = AXIS2_PLACEMENT_3D('',#5582,#5583,#5584);
#5582 = CARTESIAN_POINT('',(10.5,8.881784197001E-16,6.5));
#5583 = DIRECTION('',(1.7E-16,1.7E-16,1.));
#5584 = DIRECTION('',(1.,1.7E-16,-1.7E-16));
#5585 = ADVANCED_FACE('',(#5586),#5592,.F.);
#5586 = FACE_BOUND('',#5587,.T.);
#5587 = EDGE_LOOP('',(#5588,#5589,#5590,#5591));
#5588 = ORIENTED_EDGE('',*,*,#2922,.T.);
#5589 = ORIENTED_EDGE('',*,*,#3126,.T.);
#5590 = ORIENTED_EDGE('',*,*,#3070,.T.);
#5591 = ORIENTED_EDGE('',*,*,#3017,.T.);
#5592 = PLANE('',#5593);
#5593 = AXIS2_PLACEMENT_3D('',#5594,#5595,#5596);
#5594 = CARTESIAN_POINT('',(10.5,-2.3,3.6));
#5595 = DIRECTION('',(1.7E-16,1.7E-16,1.));
#5596 = DIRECTION('',(1.,1.7E-16,-1.7E-16));
#5597 = ADVANCED_FACE('',(#5598),#5606,.F.);
#5598 = FACE_BOUND('',#5599,.T.);
#5599 = EDGE_LOOP('',(#5600,#5601,#5602,#5603,#5604,#5605));
#5600 = ORIENTED_EDGE('',*,*,#2702,.T.);
#5601 = ORIENTED_EDGE('',*,*,#5194,.T.);
#5602 = ORIENTED_EDGE('',*,*,#2725,.T.);
#5603 = ORIENTED_EDGE('',*,*,#3148,.T.);
#5604 = ORIENTED_EDGE('',*,*,#2962,.T.);
#5605 = ORIENTED_EDGE('',*,*,#3039,.T.);
#5606 = PLANE('',#5607);
#5607 = AXIS2_PLACEMENT_3D('',#5608,#5609,#5610);
#5608 = CARTESIAN_POINT('',(10.5,2.8,5.));
#5609 = DIRECTION('',(1.7E-16,1.7E-16,1.));
#5610 = DIRECTION('',(1.,1.7E-16,-1.7E-16));
#5611 = ADVANCED_FACE('',(#5612),#5618,.F.);
#5612 = FACE_BOUND('',#5613,.T.);
#5613 = EDGE_LOOP('',(#5614,#5615,#5616,#5617));
#5614 = ORIENTED_EDGE('',*,*,#3721,.T.);
#5615 = ORIENTED_EDGE('',*,*,#3326,.T.);
#5616 = ORIENTED_EDGE('',*,*,#3380,.T.);
#5617 = ORIENTED_EDGE('',*,*,#3514,.T.);
#5618 = PLANE('',#5619);
#5619 = AXIS2_PLACEMENT_3D('',#5620,#5621,#5622);
#5620 = CARTESIAN_POINT('',(7.,2.25,3.6));
#5621 = DIRECTION('',(1.7E-16,1.7E-16,1.));
#5622 = DIRECTION('',(1.,1.7E-16,-1.7E-16));
#5623 = ADVANCED_FACE('',(#5624,#5630),#5641,.F.);
#5624 = FACE_BOUND('',#5625,.F.);
#5625 = EDGE_LOOP('',(#5626,#5627,#5628,#5629));
#5626 = ORIENTED_EDGE('',*,*,#3294,.F.);
#5627 = ORIENTED_EDGE('',*,*,#3358,.F.);
#5628 = ORIENTED_EDGE('',*,*,#3428,.F.);
#5629 = ORIENTED_EDGE('',*,*,#3699,.F.);
#5630 = FACE_BOUND('',#5631,.F.);
#5631 = EDGE_LOOP('',(#5632));
#5632 = ORIENTED_EDGE('',*,*,#5633,.T.);
#5633 = EDGE_CURVE('',#5634,#5634,#5636,.T.);
#5634 = VERTEX_POINT('',#5635);
#5635 = CARTESIAN_POINT('',(6.,1.E-15,6.5));
#5636 = CIRCLE('',#5637,1.);
#5637 = AXIS2_PLACEMENT_3D('',#5638,#5639,#5640);
#5638 = CARTESIAN_POINT('',(7.,4.2E-16,6.5));
#5639 = DIRECTION('',(6.E-17,2.8E-16,-1.));
#5640 = DIRECTION('',(-1.,-1.7E-16,-6.E-17));
#5641 = PLANE('',#5642);
#5642 = AXIS2_PLACEMENT_3D('',#5643,#5644,#5645);
#5643 = CARTESIAN_POINT('',(7.,8.881784197001E-16,6.5));
#5644 = DIRECTION('',(1.7E-16,1.7E-16,1.));
#5645 = DIRECTION('',(1.,1.7E-16,-1.7E-16));
#5646 = ADVANCED_FACE('',(#5647),#5653,.F.);
#5647 = FACE_BOUND('',#5648,.T.);
#5648 = EDGE_LOOP('',(#5649,#5650,#5651,#5652));
#5649 = ORIENTED_EDGE('',*,*,#3451,.T.);
#5650 = ORIENTED_EDGE('',*,*,#3655,.T.);
#5651 = ORIENTED_EDGE('',*,*,#3599,.T.);
#5652 = ORIENTED_EDGE('',*,*,#3546,.T.);
#5653 = PLANE('',#5654);
#5654 = AXIS2_PLACEMENT_3D('',#5655,#5656,#5657);
#5655 = CARTESIAN_POINT('',(7.,-2.3,3.6));
#5656 = DIRECTION('',(1.7E-16,1.7E-16,1.));
#5657 = DIRECTION('',(1.,1.7E-16,-1.7E-16));
#5658 = ADVANCED_FACE('',(#5659),#5667,.F.);
#5659 = FACE_BOUND('',#5660,.T.);
#5660 = EDGE_LOOP('',(#5661,#5662,#5663,#5664,#5665,#5666));
#5661 = ORIENTED_EDGE('',*,*,#3231,.T.);
#5662 = ORIENTED_EDGE('',*,*,#5249,.T.);
#5663 = ORIENTED_EDGE('',*,*,#3254,.T.);
#5664 = ORIENTED_EDGE('',*,*,#3677,.T.);
#5665 = ORIENTED_EDGE('',*,*,#3491,.T.);
#5666 = ORIENTED_EDGE('',*,*,#3568,.T.);
#5667 = PLANE('',#5668);
#5668 = AXIS2_PLACEMENT_3D('',#5669,#5670,#5671);
#5669 = CARTESIAN_POINT('',(7.,2.8,5.));
#5670 = DIRECTION('',(1.7E-16,1.7E-16,1.));
#5671 = DIRECTION('',(1.,1.7E-16,-1.7E-16));
#5672 = ADVANCED_FACE('',(#5673),#5679,.F.);
#5673 = FACE_BOUND('',#5674,.T.);
#5674 = EDGE_LOOP('',(#5675,#5676,#5677,#5678));
#5675 = ORIENTED_EDGE('',*,*,#4250,.T.);
#5676 = ORIENTED_EDGE('',*,*,#3855,.T.);
#5677 = ORIENTED_EDGE('',*,*,#3909,.T.);
#5678 = ORIENTED_EDGE('',*,*,#4043,.T.);
#5679 = PLANE('',#5680);
#5680 = AXIS2_PLACEMENT_3D('',#5681,#5682,#5683);
#5681 = CARTESIAN_POINT('',(3.5,2.25,3.6));
#5682 = DIRECTION('',(1.7E-16,1.7E-16,1.));
#5683 = DIRECTION('',(1.,1.7E-16,-1.7E-16));
#5684 = ADVANCED_FACE('',(#5685,#5691),#5702,.F.);
#5685 = FACE_BOUND('',#5686,.F.);
#5686 = EDGE_LOOP('',(#5687,#5688,#5689,#5690));
#5687 = ORIENTED_EDGE('',*,*,#3823,.F.);
#5688 = ORIENTED_EDGE('',*,*,#3887,.F.);
#5689 = ORIENTED_EDGE('',*,*,#3957,.F.);
#5690 = ORIENTED_EDGE('',*,*,#4228,.F.);
#5691 = FACE_BOUND('',#5692,.F.);
#5692 = EDGE_LOOP('',(#5693));
#5693 = ORIENTED_EDGE('',*,*,#5694,.T.);
#5694 = EDGE_CURVE('',#5695,#5695,#5697,.T.);
#5695 = VERTEX_POINT('',#5696);
#5696 = CARTESIAN_POINT('',(2.5,1.E-15,6.5));
#5697 = CIRCLE('',#5698,1.);
#5698 = AXIS2_PLACEMENT_3D('',#5699,#5700,#5701);
#5699 = CARTESIAN_POINT('',(3.5,3.E-17,6.5));
#5700 = DIRECTION('',(6.E-17,2.8E-16,-1.));
#5701 = DIRECTION('',(-1.,-1.7E-16,-6.E-17));
#5702 = PLANE('',#5703);
#5703 = AXIS2_PLACEMENT_3D('',#5704,#5705,#5706);
#5704 = CARTESIAN_POINT('',(3.5,8.881784197001E-16,6.5));
#5705 = DIRECTION('',(1.7E-16,1.7E-16,1.));
#5706 = DIRECTION('',(1.,1.7E-16,-1.7E-16));
#5707 = ADVANCED_FACE('',(#5708),#5714,.F.);
#5708 = FACE_BOUND('',#5709,.T.);
#5709 = EDGE_LOOP('',(#5710,#5711,#5712,#5713));
#5710 = ORIENTED_EDGE('',*,*,#3980,.T.);
#5711 = ORIENTED_EDGE('',*,*,#4184,.T.);
#5712 = ORIENTED_EDGE('',*,*,#4128,.T.);
#5713 = ORIENTED_EDGE('',*,*,#4075,.T.);
#5714 = PLANE('',#5715);
#5715 = AXIS2_PLACEMENT_3D('',#5716,#5717,#5718);
#5716 = CARTESIAN_POINT('',(3.5,-2.3,3.6));
#5717 = DIRECTION('',(1.7E-16,1.7E-16,1.));
#5718 = DIRECTION('',(1.,1.7E-16,-1.7E-16));
#5719 = ADVANCED_FACE('',(#5720),#5728,.F.);
#5720 = FACE_BOUND('',#5721,.T.);
#5721 = EDGE_LOOP('',(#5722,#5723,#5724,#5725,#5726,#5727));
#5722 = ORIENTED_EDGE('',*,*,#3760,.T.);
#5723 = ORIENTED_EDGE('',*,*,#5304,.T.);
#5724 = ORIENTED_EDGE('',*,*,#3783,.T.);
#5725 = ORIENTED_EDGE('',*,*,#4206,.T.);
#5726 = ORIENTED_EDGE('',*,*,#4020,.T.);
#5727 = ORIENTED_EDGE('',*,*,#4097,.T.);
#5728 = PLANE('',#5729);
#5729 = AXIS2_PLACEMENT_3D('',#5730,#5731,#5732);
#5730 = CARTESIAN_POINT('',(3.5,2.8,5.));
#5731 = DIRECTION('',(1.7E-16,1.7E-16,1.));
#5732 = DIRECTION('',(1.,1.7E-16,-1.7E-16));
#5733 = ADVANCED_FACE('',(#5734),#5740,.F.);
#5734 = FACE_BOUND('',#5735,.T.);
#5735 = EDGE_LOOP('',(#5736,#5737,#5738,#5739));
#5736 = ORIENTED_EDGE('',*,*,#4779,.T.);
#5737 = ORIENTED_EDGE('',*,*,#4384,.T.);
#5738 = ORIENTED_EDGE('',*,*,#4438,.T.);
#5739 = ORIENTED_EDGE('',*,*,#4572,.T.);
#5740 = PLANE('',#5741);
#5741 = AXIS2_PLACEMENT_3D('',#5742,#5743,#5744);
#5742 = CARTESIAN_POINT('',(2.5E-16,2.25,3.6));
#5743 = DIRECTION('',(1.1E-16,1.1E-16,1.));
#5744 = DIRECTION('',(1.,1.1E-16,-1.1E-16));
#5745 = ADVANCED_FACE('',(#5746,#5752),#5763,.F.);
#5746 = FACE_BOUND('',#5747,.F.);
#5747 = EDGE_LOOP('',(#5748,#5749,#5750,#5751));
#5748 = ORIENTED_EDGE('',*,*,#4352,.F.);
#5749 = ORIENTED_EDGE('',*,*,#4416,.F.);
#5750 = ORIENTED_EDGE('',*,*,#4486,.F.);
#5751 = ORIENTED_EDGE('',*,*,#4757,.F.);
#5752 = FACE_BOUND('',#5753,.F.);
#5753 = EDGE_LOOP('',(#5754));
#5754 = ORIENTED_EDGE('',*,*,#5755,.T.);
#5755 = EDGE_CURVE('',#5756,#5756,#5758,.T.);
#5756 = VERTEX_POINT('',#5757);
#5757 = CARTESIAN_POINT('',(-1.,0.,6.5));
#5758 = CIRCLE('',#5759,1.);
#5759 = AXIS2_PLACEMENT_3D('',#5760,#5761,#5762);
#5760 = CARTESIAN_POINT('',(7.2E-16,-3.6E-16,6.5));
#5761 = DIRECTION('',(1.1E-16,2.8E-16,-1.));
#5762 = DIRECTION('',(-1.,-1.1E-16,-1.1E-16));
#5763 = PLANE('',#5764);
#5764 = AXIS2_PLACEMENT_3D('',#5765,#5766,#5767);
#5765 = CARTESIAN_POINT('',(-1.E-15,8.881784197001E-16,6.5));
#5766 = DIRECTION('',(1.1E-16,1.1E-16,1.));
#5767 = DIRECTION('',(1.,1.1E-16,-1.1E-16));
#5768 = ADVANCED_FACE('',(#5769),#5775,.F.);
#5769 = FACE_BOUND('',#5770,.T.);
#5770 = EDGE_LOOP('',(#5771,#5772,#5773,#5774));
#5771 = ORIENTED_EDGE('',*,*,#4509,.T.);
#5772 = ORIENTED_EDGE('',*,*,#4713,.T.);
#5773 = ORIENTED_EDGE('',*,*,#4657,.T.);
#5774 = ORIENTED_EDGE('',*,*,#4604,.T.);
#5775 = PLANE('',#5776);
#5776 = AXIS2_PLACEMENT_3D('',#5777,#5778,#5779);
#5777 = CARTESIAN_POINT('',(-1.26E-15,-2.3,3.6));
#5778 = DIRECTION('',(1.1E-16,1.1E-16,1.));
#5779 = DIRECTION('',(1.,1.1E-16,-1.1E-16));
#5780 = ADVANCED_FACE('',(#5781),#5789,.F.);
#5781 = FACE_BOUND('',#5782,.T.);
#5782 = EDGE_LOOP('',(#5783,#5784,#5785,#5786,#5787,#5788));
#5783 = ORIENTED_EDGE('',*,*,#4289,.T.);
#5784 = ORIENTED_EDGE('',*,*,#5359,.T.);
#5785 = ORIENTED_EDGE('',*,*,#4312,.T.);
#5786 = ORIENTED_EDGE('',*,*,#4735,.T.);
#5787 = ORIENTED_EDGE('',*,*,#4549,.T.);
#5788 = ORIENTED_EDGE('',*,*,#4626,.T.);
#5789 = PLANE('',#5790);
#5790 = AXIS2_PLACEMENT_3D('',#5791,#5792,#5793);
#5791 = CARTESIAN_POINT('',(3.3E-16,2.8,5.));
#5792 = DIRECTION('',(1.1E-16,1.1E-16,1.));
#5793 = DIRECTION('',(1.,1.1E-16,-1.1E-16));
#5794 = ADVANCED_FACE('',(#5795),#5814,.F.);
#5795 = FACE_BOUND('',#5796,.F.);
#5796 = EDGE_LOOP('',(#5797,#5798,#5806,#5813));
#5797 = ORIENTED_EDGE('',*,*,#5396,.T.);
#5798 = ORIENTED_EDGE('',*,*,#5799,.T.);
#5799 = EDGE_CURVE('',#5397,#5800,#5802,.T.);
#5800 = VERTEX_POINT('',#5801);
#5801 = CARTESIAN_POINT('',(-1.6,1.E-15,6.95));
#5802 = LINE('',#5803,#5804);
#5803 = CARTESIAN_POINT('',(-1.6,7.4E-16,8.3));
#5804 = VECTOR('',#5805,1.);
#5805 = DIRECTION('',(-1.1E-16,-1.1E-16,-1.));
#5806 = ORIENTED_EDGE('',*,*,#5807,.F.);
#5807 = EDGE_CURVE('',#5800,#5800,#5808,.T.);
#5808 = CIRCLE('',#5809,1.6);
#5809 = AXIS2_PLACEMENT_3D('',#5810,#5811,#5812);
#5810 = CARTESIAN_POINT('',(7.7E-16,-3.9E-16,6.95));
#5811 = DIRECTION('',(1.1E-16,2.8E-16,-1.));
#5812 = DIRECTION('',(-1.,-1.1E-16,-1.1E-16));
#5813 = ORIENTED_EDGE('',*,*,#5799,.F.);
#5814 = CYLINDRICAL_SURFACE('',#5815,1.6);
#5815 = AXIS2_PLACEMENT_3D('',#5816,#5817,#5818);
#5816 = CARTESIAN_POINT('',(9.2E-16,-4.6E-16,8.3));
#5817 = DIRECTION('',(-1.1E-16,6.E-17,-1.));
#5818 = DIRECTION('',(-1.,-1.1E-16,1.1E-16));
#5819 = ADVANCED_FACE('',(#5820),#5839,.F.);
#5820 = FACE_BOUND('',#5821,.F.);
#5821 = EDGE_LOOP('',(#5822,#5823,#5831,#5838));
#5822 = ORIENTED_EDGE('',*,*,#5416,.T.);
#5823 = ORIENTED_EDGE('',*,*,#5824,.T.);
#5824 = EDGE_CURVE('',#5417,#5825,#5827,.T.);
#5825 = VERTEX_POINT('',#5826);
#5826 = CARTESIAN_POINT('',(8.9,1.E-15,6.95));
#5827 = LINE('',#5828,#5829);
#5828 = CARTESIAN_POINT('',(8.9,9.5E-16,8.3));
#5829 = VECTOR('',#5830,1.);
#5830 = DIRECTION('',(-1.7E-16,-1.7E-16,-1.));
#5831 = ORIENTED_EDGE('',*,*,#5832,.F.);
#5832 = EDGE_CURVE('',#5825,#5825,#5833,.T.);
#5833 = CIRCLE('',#5834,1.6);
#5834 = AXIS2_PLACEMENT_3D('',#5835,#5836,#5837);
#5835 = CARTESIAN_POINT('',(10.5,-1.7E-16,6.95));
#5836 = DIRECTION('',(1.7E-16,3.4E-16,-1.));
#5837 = DIRECTION('',(-1.,-1.7E-16,-1.7E-16));
#5838 = ORIENTED_EDGE('',*,*,#5824,.F.);
#5839 = CYLINDRICAL_SURFACE('',#5840,1.6);
#5840 = AXIS2_PLACEMENT_3D('',#5841,#5842,#5843);
#5841 = CARTESIAN_POINT('',(10.5,-1.6E-16,8.3));
#5842 = DIRECTION('',(-1.7E-16,0.,-1.));
#5843 = DIRECTION('',(-1.,-1.7E-16,1.7E-16));
#5844 = ADVANCED_FACE('',(#5845),#5864,.F.);
#5845 = FACE_BOUND('',#5846,.F.);
#5846 = EDGE_LOOP('',(#5847,#5848,#5856,#5863));
#5847 = ORIENTED_EDGE('',*,*,#5436,.T.);
#5848 = ORIENTED_EDGE('',*,*,#5849,.T.);
#5849 = EDGE_CURVE('',#5437,#5850,#5852,.T.);
#5850 = VERTEX_POINT('',#5851);
#5851 = CARTESIAN_POINT('',(1.9,1.E-15,6.95));
#5852 = LINE('',#5853,#5854);
#5853 = CARTESIAN_POINT('',(1.9,7.3E-16,8.3));
#5854 = VECTOR('',#5855,1.);
#5855 = DIRECTION('',(-1.7E-16,-1.7E-16,-1.));
#5856 = ORIENTED_EDGE('',*,*,#5857,.F.);
#5857 = EDGE_CURVE('',#5850,#5850,#5858,.T.);
#5858 = CIRCLE('',#5859,1.6);
#5859 = AXIS2_PLACEMENT_3D('',#5860,#5861,#5862);
#5860 = CARTESIAN_POINT('',(3.5,-3.9E-16,6.95));
#5861 = DIRECTION('',(1.7E-16,3.4E-16,-1.));
#5862 = DIRECTION('',(-1.,-1.7E-16,-1.7E-16));
#5863 = ORIENTED_EDGE('',*,*,#5849,.F.);
#5864 = CYLINDRICAL_SURFACE('',#5865,1.6);
#5865 = AXIS2_PLACEMENT_3D('',#5866,#5867,#5868);
#5866 = CARTESIAN_POINT('',(3.5,-3.9E-16,8.3));
#5867 = DIRECTION('',(-1.7E-16,0.,-1.));
#5868 = DIRECTION('',(-1.,-1.7E-16,1.7E-16));
#5869 = ADVANCED_FACE('',(#5870),#5889,.F.);
#5870 = FACE_BOUND('',#5871,.F.);
#5871 = EDGE_LOOP('',(#5872,#5873,#5881,#5888));
#5872 = ORIENTED_EDGE('',*,*,#5456,.T.);
#5873 = ORIENTED_EDGE('',*,*,#5874,.T.);
#5874 = EDGE_CURVE('',#5457,#5875,#5877,.T.);
#5875 = VERTEX_POINT('',#5876);
#5876 = CARTESIAN_POINT('',(5.4,1.E-15,6.95));
#5877 = LINE('',#5878,#5879);
#5878 = CARTESIAN_POINT('',(5.4,3.4E-16,8.3));
#5879 = VECTOR('',#5880,1.);
#5880 = DIRECTION('',(-1.7E-16,-1.7E-16,-1.));
#5881 = ORIENTED_EDGE('',*,*,#5882,.F.);
#5882 = EDGE_CURVE('',#5875,#5875,#5883,.T.);
#5883 = CIRCLE('',#5884,1.6);
#5884 = AXIS2_PLACEMENT_3D('',#5885,#5886,#5887);
#5885 = CARTESIAN_POINT('',(7.,-7.8E-16,6.95));
#5886 = DIRECTION('',(1.7E-16,3.4E-16,-1.));
#5887 = DIRECTION('',(-1.,-1.7E-16,-1.7E-16));
#5888 = ORIENTED_EDGE('',*,*,#5874,.F.);
#5889 = CYLINDRICAL_SURFACE('',#5890,1.6);
#5890 = AXIS2_PLACEMENT_3D('',#5891,#5892,#5893);
#5891 = CARTESIAN_POINT('',(7.,-7.7E-16,8.3));
#5892 = DIRECTION('',(-1.7E-16,0.,-1.));
#5893 = DIRECTION('',(-1.,-1.7E-16,1.7E-16));
#5894 = ADVANCED_FACE('',(#5895),#5906,.F.);
#5895 = FACE_BOUND('',#5896,.F.);
#5896 = EDGE_LOOP('',(#5897,#5903,#5904,#5905));
#5897 = ORIENTED_EDGE('',*,*,#5898,.F.);
#5898 = EDGE_CURVE('',#5477,#5512,#5899,.T.);
#5899 = LINE('',#5900,#5901);
#5900 = CARTESIAN_POINT('',(13.,4.4E-16,6.95));
#5901 = VECTOR('',#5902,1.);
#5902 = DIRECTION('',(-1.7E-16,-1.7E-16,-1.));
#5903 = ORIENTED_EDGE('',*,*,#5476,.T.);
#5904 = ORIENTED_EDGE('',*,*,#5898,.T.);
#5905 = ORIENTED_EDGE('',*,*,#5511,.F.);
#5906 = CYLINDRICAL_SURFACE('',#5907,1.);
#5907 = AXIS2_PLACEMENT_3D('',#5908,#5909,#5910);
#5908 = CARTESIAN_POINT('',(14.,-5.6E-16,6.95));
#5909 = DIRECTION('',(-1.7E-16,0.,-1.));
#5910 = DIRECTION('',(-1.,-1.7E-16,1.7E-16));
#5911 = ADVANCED_FACE('',(#5912),#5931,.F.);
#5912 = FACE_BOUND('',#5913,.F.);
#5913 = EDGE_LOOP('',(#5914,#5922,#5929,#5930));
#5914 = ORIENTED_EDGE('',*,*,#5915,.F.);
#5915 = EDGE_CURVE('',#5916,#5573,#5918,.T.);
#5916 = VERTEX_POINT('',#5917);
#5917 = CARTESIAN_POINT('',(9.5,1.E-15,6.95));
#5918 = LINE('',#5919,#5920);
#5919 = CARTESIAN_POINT('',(9.5,8.3E-16,6.95));
#5920 = VECTOR('',#5921,1.);
#5921 = DIRECTION('',(-1.7E-16,-1.7E-16,-1.));
#5922 = ORIENTED_EDGE('',*,*,#5923,.T.);
#5923 = EDGE_CURVE('',#5916,#5916,#5924,.T.);
#5924 = CIRCLE('',#5925,1.);
#5925 = AXIS2_PLACEMENT_3D('',#5926,#5927,#5928);
#5926 = CARTESIAN_POINT('',(10.5,-1.7E-16,6.95));
#5927 = DIRECTION('',(1.7E-16,3.4E-16,-1.));
#5928 = DIRECTION('',(-1.,-1.7E-16,-1.7E-16));
#5929 = ORIENTED_EDGE('',*,*,#5915,.T.);
#5930 = ORIENTED_EDGE('',*,*,#5572,.F.);
#5931 = CYLINDRICAL_SURFACE('',#5932,1.);
#5932 = AXIS2_PLACEMENT_3D('',#5933,#5934,#5935);
#5933 = CARTESIAN_POINT('',(10.5,-1.7E-16,6.95));
#5934 = DIRECTION('',(-1.7E-16,0.,-1.));
#5935 = DIRECTION('',(-1.,-1.7E-16,1.7E-16));
#5936 = ADVANCED_FACE('',(#5937),#5956,.F.);
#5937 = FACE_BOUND('',#5938,.F.);
#5938 = EDGE_LOOP('',(#5939,#5947,#5954,#5955));
#5939 = ORIENTED_EDGE('',*,*,#5940,.F.);
#5940 = EDGE_CURVE('',#5941,#5634,#5943,.T.);
#5941 = VERTEX_POINT('',#5942);
#5942 = CARTESIAN_POINT('',(6.,1.E-15,6.95));
#5943 = LINE('',#5944,#5945);
#5944 = CARTESIAN_POINT('',(6.,2.1E-16,6.95));
#5945 = VECTOR('',#5946,1.);
#5946 = DIRECTION('',(-1.7E-16,-1.7E-16,-1.));
#5947 = ORIENTED_EDGE('',*,*,#5948,.T.);
#5948 = EDGE_CURVE('',#5941,#5941,#5949,.T.);
#5949 = CIRCLE('',#5950,1.);
#5950 = AXIS2_PLACEMENT_3D('',#5951,#5952,#5953);
#5951 = CARTESIAN_POINT('',(7.,-7.8E-16,6.95));
#5952 = DIRECTION('',(1.7E-16,3.4E-16,-1.));
#5953 = DIRECTION('',(-1.,-1.7E-16,-1.7E-16));
#5954 = ORIENTED_EDGE('',*,*,#5940,.T.);
#5955 = ORIENTED_EDGE('',*,*,#5633,.F.);
#5956 = CYLINDRICAL_SURFACE('',#5957,1.);
#5957 = AXIS2_PLACEMENT_3D('',#5958,#5959,#5960);
#5958 = CARTESIAN_POINT('',(7.,-7.8E-16,6.95));
#5959 = DIRECTION('',(-1.7E-16,0.,-1.));
#5960 = DIRECTION('',(-1.,-1.7E-16,1.7E-16));
#5961 = ADVANCED_FACE('',(#5962),#5981,.F.);
#5962 = FACE_BOUND('',#5963,.F.);
#5963 = EDGE_LOOP('',(#5964,#5972,#5979,#5980));
#5964 = ORIENTED_EDGE('',*,*,#5965,.F.);
#5965 = EDGE_CURVE('',#5966,#5695,#5968,.T.);
#5966 = VERTEX_POINT('',#5967);
#5967 = CARTESIAN_POINT('',(2.5,1.E-15,6.95));
#5968 = LINE('',#5969,#5970);
#5969 = CARTESIAN_POINT('',(2.5,6.E-16,6.95));
#5970 = VECTOR('',#5971,1.);
#5971 = DIRECTION('',(-1.7E-16,-1.7E-16,-1.));
#5972 = ORIENTED_EDGE('',*,*,#5973,.T.);
#5973 = EDGE_CURVE('',#5966,#5966,#5974,.T.);
#5974 = CIRCLE('',#5975,1.);
#5975 = AXIS2_PLACEMENT_3D('',#5976,#5977,#5978);
#5976 = CARTESIAN_POINT('',(3.5,-3.9E-16,6.95));
#5977 = DIRECTION('',(1.7E-16,3.4E-16,-1.));
#5978 = DIRECTION('',(-1.,-1.7E-16,-1.7E-16));
#5979 = ORIENTED_EDGE('',*,*,#5965,.T.);
#5980 = ORIENTED_EDGE('',*,*,#5694,.F.);
#5981 = CYLINDRICAL_SURFACE('',#5982,1.);
#5982 = AXIS2_PLACEMENT_3D('',#5983,#5984,#5985);
#5983 = CARTESIAN_POINT('',(3.5,-3.9E-16,6.95));
#5984 = DIRECTION('',(-1.7E-16,0.,-1.));
#5985 = DIRECTION('',(-1.,-1.7E-16,1.7E-16));
#5986 = ADVANCED_FACE('',(#5987),#6006,.F.);
#5987 = FACE_BOUND('',#5988,.F.);
#5988 = EDGE_LOOP('',(#5989,#5997,#6004,#6005));
#5989 = ORIENTED_EDGE('',*,*,#5990,.F.);
#5990 = EDGE_CURVE('',#5991,#5756,#5993,.T.);
#5991 = VERTEX_POINT('',#5992);
#5992 = CARTESIAN_POINT('',(-1.,1.E-15,6.95));
#5993 = LINE('',#5994,#5995);
#5994 = CARTESIAN_POINT('',(-1.,6.6E-16,6.95));
#5995 = VECTOR('',#5996,1.);
#5996 = DIRECTION('',(-1.1E-16,-1.1E-16,-1.));
#5997 = ORIENTED_EDGE('',*,*,#5998,.T.);
#5998 = EDGE_CURVE('',#5991,#5991,#5999,.T.);
#5999 = CIRCLE('',#6000,1.);
#6000 = AXIS2_PLACEMENT_3D('',#6001,#6002,#6003);
#6001 = CARTESIAN_POINT('',(7.7E-16,-3.9E-16,6.95));
#6002 = DIRECTION('',(1.1E-16,2.8E-16,-1.));
#6003 = DIRECTION('',(-1.,-1.1E-16,-1.1E-16));
#6004 = ORIENTED_EDGE('',*,*,#5990,.T.);
#6005 = ORIENTED_EDGE('',*,*,#5755,.F.);
#6006 = CYLINDRICAL_SURFACE('',#6007,1.);
#6007 = AXIS2_PLACEMENT_3D('',#6008,#6009,#6010);
#6008 = CARTESIAN_POINT('',(7.7E-16,-3.9E-16,6.95));
#6009 = DIRECTION('',(-1.1E-16,6.E-17,-1.));
#6010 = DIRECTION('',(-1.,-1.1E-16,1.1E-16));
#6011 = ADVANCED_FACE('',(#6012,#6015),#6018,.T.);
#6012 = FACE_BOUND('',#6013,.F.);
#6013 = EDGE_LOOP('',(#6014));
#6014 = ORIENTED_EDGE('',*,*,#5807,.T.);
#6015 = FACE_BOUND('',#6016,.F.);
#6016 = EDGE_LOOP('',(#6017));
#6017 = ORIENTED_EDGE('',*,*,#5998,.F.);
#6018 = PLANE('',#6019);
#6019 = AXIS2_PLACEMENT_3D('',#6020,#6021,#6022);
#6020 = CARTESIAN_POINT('',(7.7E-16,-3.9E-16,6.95));
#6021 = DIRECTION('',(1.1E-16,-6.E-17,1.));
#6022 = DIRECTION('',(1.,1.1E-16,-1.1E-16));
#6023 = ADVANCED_FACE('',(#6024,#6027),#6030,.T.);
#6024 = FACE_BOUND('',#6025,.F.);
#6025 = EDGE_LOOP('',(#6026));
#6026 = ORIENTED_EDGE('',*,*,#5832,.T.);
#6027 = FACE_BOUND('',#6028,.F.);
#6028 = EDGE_LOOP('',(#6029));
#6029 = ORIENTED_EDGE('',*,*,#5923,.F.);
#6030 = PLANE('',#6031);
#6031 = AXIS2_PLACEMENT_3D('',#6032,#6033,#6034);
#6032 = CARTESIAN_POINT('',(10.5,-1.7E-16,6.95));
#6033 = DIRECTION('',(1.7E-16,0.,1.));
#6034 = DIRECTION('',(1.,1.7E-16,-1.7E-16));
#6035 = ADVANCED_FACE('',(#6036,#6039),#6042,.T.);
#6036 = FACE_BOUND('',#6037,.F.);
#6037 = EDGE_LOOP('',(#6038));
#6038 = ORIENTED_EDGE('',*,*,#5857,.T.);
#6039 = FACE_BOUND('',#6040,.F.);
#6040 = EDGE_LOOP('',(#6041));
#6041 = ORIENTED_EDGE('',*,*,#5973,.F.);
#6042 = PLANE('',#6043);
#6043 = AXIS2_PLACEMENT_3D('',#6044,#6045,#6046);
#6044 = CARTESIAN_POINT('',(3.5,-3.9E-16,6.95));
#6045 = DIRECTION('',(1.7E-16,0.,1.));
#6046 = DIRECTION('',(1.,1.7E-16,-1.7E-16));
#6047 = ADVANCED_FACE('',(#6048,#6051),#6054,.T.);
#6048 = FACE_BOUND('',#6049,.F.);
#6049 = EDGE_LOOP('',(#6050));
#6050 = ORIENTED_EDGE('',*,*,#5882,.T.);
#6051 = FACE_BOUND('',#6052,.F.);
#6052 = EDGE_LOOP('',(#6053));
#6053 = ORIENTED_EDGE('',*,*,#5948,.F.);
#6054 = PLANE('',#6055);
#6055 = AXIS2_PLACEMENT_3D('',#6056,#6057,#6058);
#6056 = CARTESIAN_POINT('',(7.,-7.8E-16,6.95));
#6057 = DIRECTION('',(1.7E-16,0.,1.));
#6058 = DIRECTION('',(1.,1.7E-16,-1.7E-16));
#6059 = ADVANCED_FACE('',(#6060,#6074,#6092,#6110,#6128,#6146),#6164,.T.
  );
#6060 = FACE_BOUND('',#6061,.T.);
#6061 = EDGE_LOOP('',(#6062,#6063,#6064,#6065,#6066,#6067,#6068,#6069,
    #6070,#6071,#6072,#6073));
#6062 = ORIENTED_EDGE('',*,*,#517,.F.);
#6063 = ORIENTED_EDGE('',*,*,#879,.T.);
#6064 = ORIENTED_EDGE('',*,*,#325,.T.);
#6065 = ORIENTED_EDGE('',*,*,#910,.F.);
#6066 = ORIENTED_EDGE('',*,*,#2148,.F.);
#6067 = ORIENTED_EDGE('',*,*,#958,.F.);
#6068 = ORIENTED_EDGE('',*,*,#293,.T.);
#6069 = ORIENTED_EDGE('',*,*,#972,.F.);
#6070 = ORIENTED_EDGE('',*,*,#485,.F.);
#6071 = ORIENTED_EDGE('',*,*,#1565,.T.);
#6072 = ORIENTED_EDGE('',*,*,#5379,.T.);
#6073 = ORIENTED_EDGE('',*,*,#1517,.T.);
#6074 = FACE_BOUND('',#6075,.T.);
#6075 = EDGE_LOOP('',(#6076,#6077,#6078,#6079,#6080,#6081,#6082,#6083,
    #6084,#6085,#6086,#6087,#6088,#6089,#6090,#6091));
#6076 = ORIENTED_EDGE('',*,*,#2218,.F.);
#6077 = ORIENTED_EDGE('',*,*,#2307,.F.);
#6078 = ORIENTED_EDGE('',*,*,#2377,.F.);
#6079 = ORIENTED_EDGE('',*,*,#2495,.F.);
#6080 = ORIENTED_EDGE('',*,*,#2548,.F.);
#6081 = ORIENTED_EDGE('',*,*,#2604,.F.);
#6082 = ORIENTED_EDGE('',*,*,#2352,.F.);
#6083 = ORIENTED_EDGE('',*,*,#2648,.F.);
#6084 = ORIENTED_EDGE('',*,*,#2252,.F.);
#6085 = ORIENTED_EDGE('',*,*,#2670,.F.);
#6086 = ORIENTED_EDGE('',*,*,#2415,.F.);
#6087 = ORIENTED_EDGE('',*,*,#2626,.F.);
#6088 = ORIENTED_EDGE('',*,*,#2162,.F.);
#6089 = ORIENTED_EDGE('',*,*,#2517,.F.);
#6090 = ORIENTED_EDGE('',*,*,#2449,.F.);
#6091 = ORIENTED_EDGE('',*,*,#2338,.F.);
#6092 = FACE_BOUND('',#6093,.T.);
#6093 = EDGE_LOOP('',(#6094,#6095,#6096,#6097,#6098,#6099,#6100,#6101,
    #6102,#6103,#6104,#6105,#6106,#6107,#6108,#6109));
#6094 = ORIENTED_EDGE('',*,*,#2747,.F.);
#6095 = ORIENTED_EDGE('',*,*,#2836,.F.);
#6096 = ORIENTED_EDGE('',*,*,#2906,.F.);
#6097 = ORIENTED_EDGE('',*,*,#3024,.F.);
#6098 = ORIENTED_EDGE('',*,*,#3077,.F.);
#6099 = ORIENTED_EDGE('',*,*,#3133,.F.);
#6100 = ORIENTED_EDGE('',*,*,#2881,.F.);
#6101 = ORIENTED_EDGE('',*,*,#3177,.F.);
#6102 = ORIENTED_EDGE('',*,*,#2781,.F.);
#6103 = ORIENTED_EDGE('',*,*,#3199,.F.);
#6104 = ORIENTED_EDGE('',*,*,#2944,.F.);
#6105 = ORIENTED_EDGE('',*,*,#3155,.F.);
#6106 = ORIENTED_EDGE('',*,*,#2684,.F.);
#6107 = ORIENTED_EDGE('',*,*,#3046,.F.);
#6108 = ORIENTED_EDGE('',*,*,#2978,.F.);
#6109 = ORIENTED_EDGE('',*,*,#2867,.F.);
#6110 = FACE_BOUND('',#6111,.T.);
#6111 = EDGE_LOOP('',(#6112,#6113,#6114,#6115,#6116,#6117,#6118,#6119,
    #6120,#6121,#6122,#6123,#6124,#6125,#6126,#6127));
#6112 = ORIENTED_EDGE('',*,*,#3276,.F.);
#6113 = ORIENTED_EDGE('',*,*,#3365,.F.);
#6114 = ORIENTED_EDGE('',*,*,#3435,.F.);
#6115 = ORIENTED_EDGE('',*,*,#3553,.F.);
#6116 = ORIENTED_EDGE('',*,*,#3606,.F.);
#6117 = ORIENTED_EDGE('',*,*,#3662,.F.);
#6118 = ORIENTED_EDGE('',*,*,#3410,.F.);
#6119 = ORIENTED_EDGE('',*,*,#3706,.F.);
#6120 = ORIENTED_EDGE('',*,*,#3310,.F.);
#6121 = ORIENTED_EDGE('',*,*,#3728,.F.);
#6122 = ORIENTED_EDGE('',*,*,#3473,.F.);
#6123 = ORIENTED_EDGE('',*,*,#3684,.F.);
#6124 = ORIENTED_EDGE('',*,*,#3213,.F.);
#6125 = ORIENTED_EDGE('',*,*,#3575,.F.);
#6126 = ORIENTED_EDGE('',*,*,#3507,.F.);
#6127 = ORIENTED_EDGE('',*,*,#3396,.F.);
#6128 = FACE_BOUND('',#6129,.T.);
#6129 = EDGE_LOOP('',(#6130,#6131,#6132,#6133,#6134,#6135,#6136,#6137,
    #6138,#6139,#6140,#6141,#6142,#6143,#6144,#6145));
#6130 = ORIENTED_EDGE('',*,*,#3805,.F.);
#6131 = ORIENTED_EDGE('',*,*,#3894,.F.);
#6132 = ORIENTED_EDGE('',*,*,#3964,.F.);
#6133 = ORIENTED_EDGE('',*,*,#4082,.F.);
#6134 = ORIENTED_EDGE('',*,*,#4135,.F.);
#6135 = ORIENTED_EDGE('',*,*,#4191,.F.);
#6136 = ORIENTED_EDGE('',*,*,#3939,.F.);
#6137 = ORIENTED_EDGE('',*,*,#4235,.F.);
#6138 = ORIENTED_EDGE('',*,*,#3839,.F.);
#6139 = ORIENTED_EDGE('',*,*,#4257,.F.);
#6140 = ORIENTED_EDGE('',*,*,#4002,.F.);
#6141 = ORIENTED_EDGE('',*,*,#4213,.F.);
#6142 = ORIENTED_EDGE('',*,*,#3742,.F.);
#6143 = ORIENTED_EDGE('',*,*,#4104,.F.);
#6144 = ORIENTED_EDGE('',*,*,#4036,.F.);
#6145 = ORIENTED_EDGE('',*,*,#3925,.F.);
#6146 = FACE_BOUND('',#6147,.T.);
#6147 = EDGE_LOOP('',(#6148,#6149,#6150,#6151,#6152,#6153,#6154,#6155,
    #6156,#6157,#6158,#6159,#6160,#6161,#6162,#6163));
#6148 = ORIENTED_EDGE('',*,*,#4334,.F.);
#6149 = ORIENTED_EDGE('',*,*,#4423,.F.);
#6150 = ORIENTED_EDGE('',*,*,#4493,.F.);
#6151 = ORIENTED_EDGE('',*,*,#4611,.F.);
#6152 = ORIENTED_EDGE('',*,*,#4664,.F.);
#6153 = ORIENTED_EDGE('',*,*,#4720,.F.);
#6154 = ORIENTED_EDGE('',*,*,#4468,.F.);
#6155 = ORIENTED_EDGE('',*,*,#4764,.F.);
#6156 = ORIENTED_EDGE('',*,*,#4368,.F.);
#6157 = ORIENTED_EDGE('',*,*,#4786,.F.);
#6158 = ORIENTED_EDGE('',*,*,#4531,.F.);
#6159 = ORIENTED_EDGE('',*,*,#4742,.F.);
#6160 = ORIENTED_EDGE('',*,*,#4271,.F.);
#6161 = ORIENTED_EDGE('',*,*,#4633,.F.);
#6162 = ORIENTED_EDGE('',*,*,#4565,.F.);
#6163 = ORIENTED_EDGE('',*,*,#4454,.F.);
#6164 = PLANE('',#6165);
#6165 = AXIS2_PLACEMENT_3D('',#6166,#6167,#6168);
#6166 = CARTESIAN_POINT('',(6.980335779767,0.321576028474,1.4E-16));
#6167 = DIRECTION('',(3.2E-16,-2.9E-16,-1.));
#6168 = DIRECTION('',(-1.,0.,-3.2E-16));
#6169 = ( GEOMETRIC_REPRESENTATION_CONTEXT(3) 
GLOBAL_UNCERTAINTY_ASSIGNED_CONTEXT((#6173)) 
GLOBAL_UNIT_ASSIGNED_CONTEXT((#6170,#6171,#6172)) REPRESENTATION_CONTEXT
('Context #1','3D Context with UNIT and UNCERTAINTY') );
#6170 = ( LENGTH_UNIT() NAMED_UNIT(*) SI_UNIT(.MILLI.,.METRE.) );
#6171 = ( NAMED_UNIT(*) PLANE_ANGLE_UNIT() SI_UNIT($,.RADIAN.) );
#6172 = ( NAMED_UNIT(*) SI_UNIT($,.STERADIAN.) SOLID_ANGLE_UNIT() );
#6173 = UNCERTAINTY_MEASURE_WITH_UNIT(LENGTH_MEASURE(1.E-07),#6170,
  'distance_accuracy_value','confusion accuracy');
#6174 = CONTEXT_DEPENDENT_SHAPE_REPRESENTATION(#6175,#6177);
#6175 = ( REPRESENTATION_RELATIONSHIP('','',#92,#10) 
REPRESENTATION_RELATIONSHIP_WITH_TRANSFORMATION(#6176) 
SHAPE_REPRESENTATION_RELATIONSHIP() );
#6176 = ITEM_DEFINED_TRANSFORMATION('','',#11,#15);
#6177 = PRODUCT_DEFINITION_SHAPE('Placement','Placement of an item',
  #6178);
#6178 = NEXT_ASSEMBLY_USAGE_OCCURRENCE('481','Plastic Housing004','',#5,
  #87,$);
#6179 = PRODUCT_RELATED_PRODUCT_CATEGORY('part',$,(#89));
#6180 = SHAPE_DEFINITION_REPRESENTATION(#6181,#6187);
#6181 = PRODUCT_DEFINITION_SHAPE('','',#6182);
#6182 = PRODUCT_DEFINITION('design','',#6183,#6186);
#6183 = PRODUCT_DEFINITION_FORMATION('','',#6184);
#6184 = PRODUCT('Pin 005','Pin 005','',(#6185));
#6185 = PRODUCT_CONTEXT('',#2,'mechanical');
#6186 = PRODUCT_DEFINITION_CONTEXT('part definition',#2,'design');
#6187 = ADVANCED_BREP_SHAPE_REPRESENTATION('',(#11,#6188),#8102);
#6188 = MANIFOLD_SOLID_BREP('',#6189);
#6189 = CLOSED_SHELL('',(#6190,#6399,#6446,#6470,#6495,#6526,#6664,#6688
    ,#6712,#6736,#6858,#6882,#6906,#6930,#6954,#6978,#7002,#7026,#7050,
    #7074,#7098,#7122,#7146,#7170,#7194,#7218,#7235,#7259,#7302,#7319,
    #7331,#7348,#7365,#7407,#7432,#7449,#7488,#7505,#7517,#7550,#7590,
    #7607,#7640,#7675,#7692,#7741,#7758,#7807,#7824,#7841,#7858,#7877,
    #7889,#7931,#7956,#7990,#8023,#8056,#8073,#8090));
#6190 = ADVANCED_FACE('',(#6191),#6394,.T.);
#6191 = FACE_BOUND('',#6192,.T.);
#6192 = EDGE_LOOP('',(#6193,#6203,#6212,#6220,#6228,#6236,#6244,#6252,
    #6260,#6268,#6276,#6284,#6292,#6300,#6308,#6316,#6324,#6332,#6340,
    #6348,#6356,#6364,#6372,#6380,#6388));
#6193 = ORIENTED_EDGE('',*,*,#6194,.F.);
#6194 = EDGE_CURVE('',#6195,#6197,#6199,.T.);
#6195 = VERTEX_POINT('',#6196);
#6196 = CARTESIAN_POINT('',(-0.9,2.600000000001,3.6));
#6197 = VERTEX_POINT('',#6198);
#6198 = CARTESIAN_POINT('',(-0.9,-2.3,3.6));
#6199 = LINE('',#6200,#6201);
#6200 = CARTESIAN_POINT('',(-0.9,-2.75,3.6));
#6201 = VECTOR('',#6202,1.);
#6202 = DIRECTION('',(1.33E-15,-1.,1.67E-15));
#6203 = ORIENTED_EDGE('',*,*,#6204,.T.);
#6204 = EDGE_CURVE('',#6195,#6205,#6207,.T.);
#6205 = VERTEX_POINT('',#6206);
#6206 = CARTESIAN_POINT('',(-0.9,3.100000000001,3.1));
#6207 = CIRCLE('',#6208,0.5);
#6208 = AXIS2_PLACEMENT_3D('',#6209,#6210,#6211);
#6209 = CARTESIAN_POINT('',(-0.9,2.600000000001,3.1));
#6210 = DIRECTION('',(-1.,-6.7E-16,-2.11E-15));
#6211 = DIRECTION('',(-6.7E-16,1.,-2.11E-15));
#6212 = ORIENTED_EDGE('',*,*,#6213,.F.);
#6213 = EDGE_CURVE('',#6214,#6205,#6216,.T.);
#6214 = VERTEX_POINT('',#6215);
#6215 = CARTESIAN_POINT('',(-0.9,3.100000000001,2.8));
#6216 = LINE('',#6217,#6218);
#6217 = CARTESIAN_POINT('',(-0.9,3.100000000001,3.7));
#6218 = VECTOR('',#6219,1.);
#6219 = DIRECTION('',(-1.67E-15,1.1E-16,1.));
#6220 = ORIENTED_EDGE('',*,*,#6221,.F.);
#6221 = EDGE_CURVE('',#6222,#6214,#6224,.T.);
#6222 = VERTEX_POINT('',#6223);
#6223 = CARTESIAN_POINT('',(-0.9,2.5,2.8));
#6224 = LINE('',#6225,#6226);
#6225 = CARTESIAN_POINT('',(-0.9,-3.,2.8));
#6226 = VECTOR('',#6227,1.);
#6227 = DIRECTION('',(-1.33E-15,1.,-1.E-15));
#6228 = ORIENTED_EDGE('',*,*,#6229,.F.);
#6229 = EDGE_CURVE('',#6230,#6222,#6232,.T.);
#6230 = VERTEX_POINT('',#6231);
#6231 = CARTESIAN_POINT('',(-0.9,2.5,2.999999999998));
#6232 = LINE('',#6233,#6234);
#6233 = CARTESIAN_POINT('',(-0.9,2.5,2.45));
#6234 = VECTOR('',#6235,1.);
#6235 = DIRECTION('',(1.67E-15,-1.1E-16,-1.));
#6236 = ORIENTED_EDGE('',*,*,#6237,.F.);
#6237 = EDGE_CURVE('',#6238,#6230,#6240,.T.);
#6238 = VERTEX_POINT('',#6239);
#6239 = CARTESIAN_POINT('',(-0.9,1.65,2.999999999999));
#6240 = LINE('',#6241,#6242);
#6241 = CARTESIAN_POINT('',(-0.9,-0.25,2.999999999998));
#6242 = VECTOR('',#6243,1.);
#6243 = DIRECTION('',(-1.33E-15,1.,-1.67E-15));
#6244 = ORIENTED_EDGE('',*,*,#6245,.T.);
#6245 = EDGE_CURVE('',#6238,#6246,#6248,.T.);
#6246 = VERTEX_POINT('',#6247);
#6247 = CARTESIAN_POINT('',(-0.9,1.505662432703,3.25));
#6248 = LINE('',#6249,#6250);
#6249 = CARTESIAN_POINT('',(-0.9,0.715122960121,4.619254531899));
#6250 = VECTOR('',#6251,1.);
#6251 = DIRECTION('',(-8.6E-16,-0.5,0.866025403784));
#6252 = ORIENTED_EDGE('',*,*,#6253,.T.);
#6253 = EDGE_CURVE('',#6246,#6254,#6256,.T.);
#6254 = VERTEX_POINT('',#6255);
#6255 = CARTESIAN_POINT('',(-0.9,1.361324865405,2.999999999999));
#6256 = LINE('',#6257,#6258);
#6257 = CARTESIAN_POINT('',(-0.9,1.097617513459,2.543245468101));
#6258 = VECTOR('',#6259,1.);
#6259 = DIRECTION('',(1.64E-15,-0.5,-0.866025403784));
#6260 = ORIENTED_EDGE('',*,*,#6261,.F.);
#6261 = EDGE_CURVE('',#6262,#6254,#6264,.T.);
#6262 = VERTEX_POINT('',#6263);
#6263 = CARTESIAN_POINT('',(-0.9,1.157735026919,2.999999999999));
#6264 = LINE('',#6265,#6266);
#6265 = CARTESIAN_POINT('',(-0.9,-0.25,2.999999999998));
#6266 = VECTOR('',#6267,1.);
#6267 = DIRECTION('',(-1.33E-15,1.,-1.67E-15));
#6268 = ORIENTED_EDGE('',*,*,#6269,.T.);
#6269 = EDGE_CURVE('',#6262,#6270,#6272,.T.);
#6270 = VERTEX_POINT('',#6271);
#6271 = CARTESIAN_POINT('',(-0.9,1.013397459622,3.25));
#6272 = LINE('',#6273,#6274);
#6273 = CARTESIAN_POINT('',(-0.9,0.284391108675,4.512676038879));
#6274 = VECTOR('',#6275,1.);
#6275 = DIRECTION('',(-8.6E-16,-0.5,0.866025403784));
#6276 = ORIENTED_EDGE('',*,*,#6277,.T.);
#6277 = EDGE_CURVE('',#6270,#6278,#6280,.T.);
#6278 = VERTEX_POINT('',#6279);
#6279 = CARTESIAN_POINT('',(-0.9,0.869059892324,2.999999999999));
#6280 = LINE('',#6281,#6282);
#6281 = CARTESIAN_POINT('',(-0.9,0.666885662014,2.649823961121));
#6282 = VECTOR('',#6283,1.);
#6283 = DIRECTION('',(1.64E-15,-0.5,-0.866025403784));
#6284 = ORIENTED_EDGE('',*,*,#6285,.F.);
#6285 = EDGE_CURVE('',#6286,#6278,#6288,.T.);
#6286 = VERTEX_POINT('',#6287);
#6287 = CARTESIAN_POINT('',(-0.9,0.665470053838,2.999999999999));
#6288 = LINE('',#6289,#6290);
#6289 = CARTESIAN_POINT('',(-0.9,-0.25,2.999999999998));
#6290 = VECTOR('',#6291,1.);
#6291 = DIRECTION('',(-1.33E-15,1.,-1.67E-15));
#6292 = ORIENTED_EDGE('',*,*,#6293,.T.);
#6293 = EDGE_CURVE('',#6286,#6294,#6296,.T.);
#6294 = VERTEX_POINT('',#6295);
#6295 = CARTESIAN_POINT('',(-0.9,0.521132486541,3.25));
#6296 = LINE('',#6297,#6298);
#6297 = CARTESIAN_POINT('',(-0.9,-0.14634074277,4.406097545859));
#6298 = VECTOR('',#6299,1.);
#6299 = DIRECTION('',(-8.6E-16,-0.5,0.866025403784));
#6300 = ORIENTED_EDGE('',*,*,#6301,.T.);
#6301 = EDGE_CURVE('',#6294,#6302,#6304,.T.);
#6302 = VERTEX_POINT('',#6303);
#6303 = CARTESIAN_POINT('',(-0.9,0.376794919243,2.999999999999));
#6304 = LINE('',#6305,#6306);
#6305 = CARTESIAN_POINT('',(-0.9,0.236153810568,2.756402454141));
#6306 = VECTOR('',#6307,1.);
#6307 = DIRECTION('',(1.64E-15,-0.5,-0.866025403784));
#6308 = ORIENTED_EDGE('',*,*,#6309,.F.);
#6309 = EDGE_CURVE('',#6310,#6302,#6312,.T.);
#6310 = VERTEX_POINT('',#6311);
#6311 = CARTESIAN_POINT('',(-0.9,0.173205080757,2.999999999999));
#6312 = LINE('',#6313,#6314);
#6313 = CARTESIAN_POINT('',(-0.9,-0.25,2.999999999998));
#6314 = VECTOR('',#6315,1.);
#6315 = DIRECTION('',(-1.33E-15,1.,-1.67E-15));
#6316 = ORIENTED_EDGE('',*,*,#6317,.T.);
#6317 = EDGE_CURVE('',#6310,#6318,#6320,.T.);
#6318 = VERTEX_POINT('',#6319);
#6319 = CARTESIAN_POINT('',(-0.9,2.886751345948E-02,3.25));
#6320 = LINE('',#6321,#6322);
#6321 = CARTESIAN_POINT('',(-0.9,-0.577072594216,4.299519052838));
#6322 = VECTOR('',#6323,1.);
#6323 = DIRECTION('',(-8.6E-16,-0.5,0.866025403784));
#6324 = ORIENTED_EDGE('',*,*,#6325,.T.);
#6325 = EDGE_CURVE('',#6318,#6326,#6328,.T.);
#6326 = VERTEX_POINT('',#6327);
#6327 = CARTESIAN_POINT('',(-0.9,-0.115470053838,2.999999999999));
#6328 = LINE('',#6329,#6330);
#6329 = CARTESIAN_POINT('',(-0.9,-0.194578040878,2.862980947162));
#6330 = VECTOR('',#6331,1.);
#6331 = DIRECTION('',(1.64E-15,-0.5,-0.866025403784));
#6332 = ORIENTED_EDGE('',*,*,#6333,.F.);
#6333 = EDGE_CURVE('',#6334,#6326,#6336,.T.);
#6334 = VERTEX_POINT('',#6335);
#6335 = CARTESIAN_POINT('',(-0.9,-0.319059892324,2.999999999999));
#6336 = LINE('',#6337,#6338);
#6337 = CARTESIAN_POINT('',(-0.9,-0.25,2.999999999998));
#6338 = VECTOR('',#6339,1.);
#6339 = DIRECTION('',(-1.33E-15,1.,-1.67E-15));
#6340 = ORIENTED_EDGE('',*,*,#6341,.T.);
#6341 = EDGE_CURVE('',#6334,#6342,#6344,.T.);
#6342 = VERTEX_POINT('',#6343);
#6343 = CARTESIAN_POINT('',(-0.9,-0.463397459622,3.25));
#6344 = LINE('',#6345,#6346);
#6345 = CARTESIAN_POINT('',(-0.9,-1.007804445662,4.192940559818));
#6346 = VECTOR('',#6347,1.);
#6347 = DIRECTION('',(-8.6E-16,-0.5,0.866025403784));
#6348 = ORIENTED_EDGE('',*,*,#6349,.T.);
#6349 = EDGE_CURVE('',#6342,#6350,#6352,.T.);
#6350 = VERTEX_POINT('',#6351);
#6351 = CARTESIAN_POINT('',(-0.9,-0.607735026919,2.999999999999));
#6352 = LINE('',#6353,#6354);
#6353 = CARTESIAN_POINT('',(-0.9,-0.625309892324,2.969559440182));
#6354 = VECTOR('',#6355,1.);
#6355 = DIRECTION('',(1.64E-15,-0.5,-0.866025403784));
#6356 = ORIENTED_EDGE('',*,*,#6357,.F.);
#6357 = EDGE_CURVE('',#6358,#6350,#6360,.T.);
#6358 = VERTEX_POINT('',#6359);
#6359 = CARTESIAN_POINT('',(-0.9,-0.811324865405,2.999999999999));
#6360 = LINE('',#6361,#6362);
#6361 = CARTESIAN_POINT('',(-0.9,-0.25,2.999999999998));
#6362 = VECTOR('',#6363,1.);
#6363 = DIRECTION('',(-1.33E-15,1.,-1.67E-15));
#6364 = ORIENTED_EDGE('',*,*,#6365,.T.);
#6365 = EDGE_CURVE('',#6358,#6366,#6368,.T.);
#6366 = VERTEX_POINT('',#6367);
#6367 = CARTESIAN_POINT('',(-0.9,-0.955662432703,3.25));
#6368 = LINE('',#6369,#6370);
#6369 = CARTESIAN_POINT('',(-0.9,-1.438536297108,4.086362066798));
#6370 = VECTOR('',#6371,1.);
#6371 = DIRECTION('',(-8.6E-16,-0.5,0.866025403784));
#6372 = ORIENTED_EDGE('',*,*,#6373,.T.);
#6373 = EDGE_CURVE('',#6366,#6374,#6376,.T.);
#6374 = VERTEX_POINT('',#6375);
#6375 = CARTESIAN_POINT('',(-0.9,-1.1,2.999999999999));
#6376 = LINE('',#6377,#6378);
#6377 = CARTESIAN_POINT('',(-0.9,-1.05604174377,3.076137933202));
#6378 = VECTOR('',#6379,1.);
#6379 = DIRECTION('',(1.64E-15,-0.5,-0.866025403784));
#6380 = ORIENTED_EDGE('',*,*,#6381,.F.);
#6381 = EDGE_CURVE('',#6382,#6374,#6384,.T.);
#6382 = VERTEX_POINT('',#6383);
#6383 = CARTESIAN_POINT('',(-0.9,-2.3,2.999999999998));
#6384 = LINE('',#6385,#6386);
#6385 = CARTESIAN_POINT('',(-0.9,-0.25,2.999999999998));
#6386 = VECTOR('',#6387,1.);
#6387 = DIRECTION('',(-1.33E-15,1.,-1.67E-15));
#6388 = ORIENTED_EDGE('',*,*,#6389,.F.);
#6389 = EDGE_CURVE('',#6197,#6382,#6390,.T.);
#6390 = LINE('',#6391,#6392);
#6391 = CARTESIAN_POINT('',(-0.9,-2.3,3.6));
#6392 = VECTOR('',#6393,1.);
#6393 = DIRECTION('',(1.67E-15,-1.44E-15,-1.));
#6394 = PLANE('',#6395);
#6395 = AXIS2_PLACEMENT_3D('',#6396,#6397,#6398);
#6396 = CARTESIAN_POINT('',(-0.9,-3.,4.3));
#6397 = DIRECTION('',(-1.,4.4E-16,1.1E-16));
#6398 = DIRECTION('',(-1.1E-16,1.E-15,-1.));
#6399 = ADVANCED_FACE('',(#6400),#6441,.T.);
#6400 = FACE_BOUND('',#6401,.T.);
#6401 = EDGE_LOOP('',(#6402,#6403,#6411,#6419,#6427,#6435));
#6402 = ORIENTED_EDGE('',*,*,#6194,.T.);
#6403 = ORIENTED_EDGE('',*,*,#6404,.T.);
#6404 = EDGE_CURVE('',#6197,#6405,#6407,.T.);
#6405 = VERTEX_POINT('',#6406);
#6406 = CARTESIAN_POINT('',(-0.7,-2.5,3.6));
#6407 = LINE('',#6408,#6409);
#6408 = CARTESIAN_POINT('',(-0.875,-2.325,3.6));
#6409 = VECTOR('',#6410,1.);
#6410 = DIRECTION('',(0.707106781187,-0.707106781187,2.55E-15));
#6411 = ORIENTED_EDGE('',*,*,#6412,.T.);
#6412 = EDGE_CURVE('',#6405,#6413,#6415,.T.);
#6413 = VERTEX_POINT('',#6414);
#6414 = CARTESIAN_POINT('',(0.7,-2.5,3.6));
#6415 = LINE('',#6416,#6417);
#6416 = CARTESIAN_POINT('',(-1.2,-2.5,3.6));
#6417 = VECTOR('',#6418,1.);
#6418 = DIRECTION('',(1.,-1.11E-15,-2.8E-16));
#6419 = ORIENTED_EDGE('',*,*,#6420,.F.);
#6420 = EDGE_CURVE('',#6421,#6413,#6423,.T.);
#6421 = VERTEX_POINT('',#6422);
#6422 = CARTESIAN_POINT('',(0.9,-2.3,3.6));
#6423 = LINE('',#6424,#6425);
#6424 = CARTESIAN_POINT('',(0.275,-2.925,3.6));
#6425 = VECTOR('',#6426,1.);
#6426 = DIRECTION('',(-0.707106781187,-0.707106781187,-8.2E-16));
#6427 = ORIENTED_EDGE('',*,*,#6428,.T.);
#6428 = EDGE_CURVE('',#6421,#6429,#6431,.T.);
#6429 = VERTEX_POINT('',#6430);
#6430 = CARTESIAN_POINT('',(0.9,2.600000000001,3.6));
#6431 = LINE('',#6432,#6433);
#6432 = CARTESIAN_POINT('',(0.9,-2.75,3.6));
#6433 = VECTOR('',#6434,1.);
#6434 = DIRECTION('',(-1.33E-15,1.,-1.67E-15));
#6435 = ORIENTED_EDGE('',*,*,#6436,.F.);
#6436 = EDGE_CURVE('',#6195,#6429,#6437,.T.);
#6437 = LINE('',#6438,#6439);
#6438 = CARTESIAN_POINT('',(-1.2,2.600000000001,3.6));
#6439 = VECTOR('',#6440,1.);
#6440 = DIRECTION('',(1.,-1.11E-15,-2.8E-16));
#6441 = PLANE('',#6442);
#6442 = AXIS2_PLACEMENT_3D('',#6443,#6444,#6445);
#6443 = CARTESIAN_POINT('',(-1.2,-2.5,3.6));
#6444 = DIRECTION('',(-2.39E-15,-7.8E-16,1.));
#6445 = DIRECTION('',(-1.78E-15,1.,7.8E-16));
#6446 = ADVANCED_FACE('',(#6447),#6465,.T.);
#6447 = FACE_BOUND('',#6448,.T.);
#6448 = EDGE_LOOP('',(#6449,#6450,#6451,#6459));
#6449 = ORIENTED_EDGE('',*,*,#6404,.F.);
#6450 = ORIENTED_EDGE('',*,*,#6389,.T.);
#6451 = ORIENTED_EDGE('',*,*,#6452,.T.);
#6452 = EDGE_CURVE('',#6382,#6453,#6455,.T.);
#6453 = VERTEX_POINT('',#6454);
#6454 = CARTESIAN_POINT('',(-0.7,-2.5,3.199999999998));
#6455 = LINE('',#6456,#6457);
#6456 = CARTESIAN_POINT('',(-0.733333333333,-2.466666666667,
    3.166666666665));
#6457 = VECTOR('',#6458,1.);
#6458 = DIRECTION('',(0.57735026919,-0.57735026919,0.57735026919));
#6459 = ORIENTED_EDGE('',*,*,#6460,.F.);
#6460 = EDGE_CURVE('',#6405,#6453,#6461,.T.);
#6461 = LINE('',#6462,#6463);
#6462 = CARTESIAN_POINT('',(-0.7,-2.5,3.6));
#6463 = VECTOR('',#6464,1.);
#6464 = DIRECTION('',(1.67E-15,-1.44E-15,-1.));
#6465 = PLANE('',#6466);
#6466 = AXIS2_PLACEMENT_3D('',#6467,#6468,#6469);
#6467 = CARTESIAN_POINT('',(-0.8,-2.4,3.6));
#6468 = DIRECTION('',(-0.707106781187,-0.707106781187,1.1E-15));
#6469 = DIRECTION('',(7.771825406948E-16,-2.332817459305E-15,-1.));
#6470 = ADVANCED_FACE('',(#6471),#6490,.T.);
#6471 = FACE_BOUND('',#6472,.F.);
#6472 = EDGE_LOOP('',(#6473,#6474,#6482,#6489));
#6473 = ORIENTED_EDGE('',*,*,#6204,.T.);
#6474 = ORIENTED_EDGE('',*,*,#6475,.T.);
#6475 = EDGE_CURVE('',#6205,#6476,#6478,.T.);
#6476 = VERTEX_POINT('',#6477);
#6477 = CARTESIAN_POINT('',(0.9,3.100000000001,3.1));
#6478 = LINE('',#6479,#6480);
#6479 = CARTESIAN_POINT('',(-1.2,3.100000000001,3.1));
#6480 = VECTOR('',#6481,1.);
#6481 = DIRECTION('',(1.,-1.11E-15,-2.8E-16));
#6482 = ORIENTED_EDGE('',*,*,#6483,.F.);
#6483 = EDGE_CURVE('',#6429,#6476,#6484,.T.);
#6484 = CIRCLE('',#6485,0.5);
#6485 = AXIS2_PLACEMENT_3D('',#6486,#6487,#6488);
#6486 = CARTESIAN_POINT('',(0.9,2.600000000001,3.1));
#6487 = DIRECTION('',(-1.,-6.7E-16,-2.11E-15));
#6488 = DIRECTION('',(-6.7E-16,1.,-2.11E-15));
#6489 = ORIENTED_EDGE('',*,*,#6436,.F.);
#6490 = CYLINDRICAL_SURFACE('',#6491,0.5);
#6491 = AXIS2_PLACEMENT_3D('',#6492,#6493,#6494);
#6492 = CARTESIAN_POINT('',(-1.2,2.600000000001,3.1));
#6493 = DIRECTION('',(-1.,8.9E-16,1.1E-16));
#6494 = DIRECTION('',(8.9E-16,1.,-1.89E-15));
#6495 = ADVANCED_FACE('',(#6496),#6521,.T.);
#6496 = FACE_BOUND('',#6497,.T.);
#6497 = EDGE_LOOP('',(#6498,#6508,#6514,#6515));
#6498 = ORIENTED_EDGE('',*,*,#6499,.T.);
#6499 = EDGE_CURVE('',#6500,#6502,#6504,.T.);
#6500 = VERTEX_POINT('',#6501);
#6501 = CARTESIAN_POINT('',(0.9,-1.1,2.999999999999));
#6502 = VERTEX_POINT('',#6503);
#6503 = CARTESIAN_POINT('',(0.9,-2.3,2.999999999998));
#6504 = LINE('',#6505,#6506);
#6505 = CARTESIAN_POINT('',(0.9,-0.25,2.999999999998));
#6506 = VECTOR('',#6507,1.);
#6507 = DIRECTION('',(1.33E-15,-1.,1.67E-15));
#6508 = ORIENTED_EDGE('',*,*,#6509,.F.);
#6509 = EDGE_CURVE('',#6382,#6502,#6510,.T.);
#6510 = LINE('',#6511,#6512);
#6511 = CARTESIAN_POINT('',(-0.9,-2.3,2.999999999998));
#6512 = VECTOR('',#6513,1.);
#6513 = DIRECTION('',(1.,-1.78E-15,1.05E-15));
#6514 = ORIENTED_EDGE('',*,*,#6381,.T.);
#6515 = ORIENTED_EDGE('',*,*,#6516,.F.);
#6516 = EDGE_CURVE('',#6500,#6374,#6517,.T.);
#6517 = LINE('',#6518,#6519);
#6518 = CARTESIAN_POINT('',(9.526179507022,-1.1,3.));
#6519 = VECTOR('',#6520,1.);
#6520 = DIRECTION('',(-1.,7.8E-16,-6.E-17));
#6521 = PLANE('',#6522);
#6522 = AXIS2_PLACEMENT_3D('',#6523,#6524,#6525);
#6523 = CARTESIAN_POINT('',(-1.2,2.5,2.999999999998));
#6524 = DIRECTION('',(2.39E-15,7.8E-16,-1.));
#6525 = DIRECTION('',(1.78E-15,-1.,-7.8E-16));
#6526 = ADVANCED_FACE('',(#6527,#6609),#6659,.T.);
#6527 = FACE_BOUND('',#6528,.T.);
#6528 = EDGE_LOOP('',(#6529,#6537,#6538,#6539,#6547,#6555,#6563,#6571,
    #6579,#6587,#6595,#6603));
#6529 = ORIENTED_EDGE('',*,*,#6530,.T.);
#6530 = EDGE_CURVE('',#6531,#6214,#6533,.T.);
#6531 = VERTEX_POINT('',#6532);
#6532 = CARTESIAN_POINT('',(-1.2,3.100000000001,2.8));
#6533 = LINE('',#6534,#6535);
#6534 = CARTESIAN_POINT('',(-1.05,3.100000000001,2.8));
#6535 = VECTOR('',#6536,1.);
#6536 = DIRECTION('',(1.,-8.9E-16,-3.3E-16));
#6537 = ORIENTED_EDGE('',*,*,#6213,.T.);
#6538 = ORIENTED_EDGE('',*,*,#6475,.T.);
#6539 = ORIENTED_EDGE('',*,*,#6540,.T.);
#6540 = EDGE_CURVE('',#6476,#6541,#6543,.T.);
#6541 = VERTEX_POINT('',#6542);
#6542 = CARTESIAN_POINT('',(0.9,3.100000000001,2.8));
#6543 = LINE('',#6544,#6545);
#6544 = CARTESIAN_POINT('',(0.9,3.100000000001,2.95));
#6545 = VECTOR('',#6546,1.);
#6546 = DIRECTION('',(1.67E-15,-1.1E-16,-1.));
#6547 = ORIENTED_EDGE('',*,*,#6548,.T.);
#6548 = EDGE_CURVE('',#6541,#6549,#6551,.T.);
#6549 = VERTEX_POINT('',#6550);
#6550 = CARTESIAN_POINT('',(1.2,3.100000000001,2.8));
#6551 = LINE('',#6552,#6553);
#6552 = CARTESIAN_POINT('',(0.6,3.100000000001,2.8));
#6553 = VECTOR('',#6554,1.);
#6554 = DIRECTION('',(1.,-8.9E-16,-3.3E-16));
#6555 = ORIENTED_EDGE('',*,*,#6556,.T.);
#6556 = EDGE_CURVE('',#6549,#6557,#6559,.T.);
#6557 = VERTEX_POINT('',#6558);
#6558 = CARTESIAN_POINT('',(1.2,3.1,0.75));
#6559 = LINE('',#6560,#6561);
#6560 = CARTESIAN_POINT('',(1.2,3.100000000001,3.1));
#6561 = VECTOR('',#6562,1.);
#6562 = DIRECTION('',(2.33E-15,1.44E-15,-1.));
#6563 = ORIENTED_EDGE('',*,*,#6564,.T.);
#6564 = EDGE_CURVE('',#6557,#6565,#6567,.T.);
#6565 = VERTEX_POINT('',#6566);
#6566 = CARTESIAN_POINT('',(0.8,3.1,0.75));
#6567 = LINE('',#6568,#6569);
#6568 = CARTESIAN_POINT('',(1.8,3.1,0.75));
#6569 = VECTOR('',#6570,1.);
#6570 = DIRECTION('',(-1.,4.4E-16,3.3E-16));
#6571 = ORIENTED_EDGE('',*,*,#6572,.F.);
#6572 = EDGE_CURVE('',#6573,#6565,#6575,.T.);
#6573 = VERTEX_POINT('',#6574);
#6574 = CARTESIAN_POINT('',(0.8,3.1,0.5));
#6575 = LINE('',#6576,#6577);
#6576 = CARTESIAN_POINT('',(0.8,3.1,-2.5E-15));
#6577 = VECTOR('',#6578,1.);
#6578 = DIRECTION('',(-1.E-15,-3.3E-16,1.));
#6579 = ORIENTED_EDGE('',*,*,#6580,.F.);
#6580 = EDGE_CURVE('',#6581,#6573,#6583,.T.);
#6581 = VERTEX_POINT('',#6582);
#6582 = CARTESIAN_POINT('',(-0.8,3.1,0.5));
#6583 = LINE('',#6584,#6585);
#6584 = CARTESIAN_POINT('',(-1.2,3.100000000001,0.5));
#6585 = VECTOR('',#6586,1.);
#6586 = DIRECTION('',(1.,-1.11E-15,-2.8E-16));
#6587 = ORIENTED_EDGE('',*,*,#6588,.T.);
#6588 = EDGE_CURVE('',#6581,#6589,#6591,.T.);
#6589 = VERTEX_POINT('',#6590);
#6590 = CARTESIAN_POINT('',(-0.8,3.1,0.75));
#6591 = LINE('',#6592,#6593);
#6592 = CARTESIAN_POINT('',(-0.8,3.1,-2.32E-15));
#6593 = VECTOR('',#6594,1.);
#6594 = DIRECTION('',(-1.E-15,-3.3E-16,1.));
#6595 = ORIENTED_EDGE('',*,*,#6596,.F.);
#6596 = EDGE_CURVE('',#6597,#6589,#6599,.T.);
#6597 = VERTEX_POINT('',#6598);
#6598 = CARTESIAN_POINT('',(-1.2,3.1,0.75));
#6599 = LINE('',#6600,#6601);
#6600 = CARTESIAN_POINT('',(-1.8,3.1,0.75));
#6601 = VECTOR('',#6602,1.);
#6602 = DIRECTION('',(1.,-4.4E-16,-3.3E-16));
#6603 = ORIENTED_EDGE('',*,*,#6604,.F.);
#6604 = EDGE_CURVE('',#6531,#6597,#6605,.T.);
#6605 = LINE('',#6606,#6607);
#6606 = CARTESIAN_POINT('',(-1.2,3.100000000001,3.1));
#6607 = VECTOR('',#6608,1.);
#6608 = DIRECTION('',(2.33E-15,1.44E-15,-1.));
#6609 = FACE_BOUND('',#6610,.T.);
#6610 = EDGE_LOOP('',(#6611,#6621,#6629,#6637,#6645,#6653));
#6611 = ORIENTED_EDGE('',*,*,#6612,.F.);
#6612 = EDGE_CURVE('',#6613,#6615,#6617,.T.);
#6613 = VERTEX_POINT('',#6614);
#6614 = CARTESIAN_POINT('',(0.6,3.1,2.5));
#6615 = VERTEX_POINT('',#6616);
#6616 = CARTESIAN_POINT('',(0.6,3.1,1.209917094366));
#6617 = LINE('',#6618,#6619);
#6618 = CARTESIAN_POINT('',(0.6,3.1,2.5));
#6619 = VECTOR('',#6620,1.);
#6620 = DIRECTION('',(6.7E-16,3.3E-16,-1.));
#6621 = ORIENTED_EDGE('',*,*,#6622,.T.);
#6622 = EDGE_CURVE('',#6613,#6623,#6625,.T.);
#6623 = VERTEX_POINT('',#6624);
#6624 = CARTESIAN_POINT('',(-0.6,3.1,2.5));
#6625 = LINE('',#6626,#6627);
#6626 = CARTESIAN_POINT('',(0.6,3.1,2.5));
#6627 = VECTOR('',#6628,1.);
#6628 = DIRECTION('',(-1.,5.6E-16,-2.8E-16));
#6629 = ORIENTED_EDGE('',*,*,#6630,.T.);
#6630 = EDGE_CURVE('',#6623,#6631,#6633,.T.);
#6631 = VERTEX_POINT('',#6632);
#6632 = CARTESIAN_POINT('',(-0.6,3.1,1.209917094366));
#6633 = LINE('',#6634,#6635);
#6634 = CARTESIAN_POINT('',(-0.6,3.1,2.5));
#6635 = VECTOR('',#6636,1.);
#6636 = DIRECTION('',(6.7E-16,3.3E-16,-1.));
#6637 = ORIENTED_EDGE('',*,*,#6638,.T.);
#6638 = EDGE_CURVE('',#6631,#6639,#6641,.T.);
#6639 = VERTEX_POINT('',#6640);
#6640 = CARTESIAN_POINT('',(-0.6,3.1,1.));
#6641 = LINE('',#6642,#6643);
#6642 = CARTESIAN_POINT('',(-0.6,3.1,2.5));
#6643 = VECTOR('',#6644,1.);
#6644 = DIRECTION('',(6.7E-16,3.3E-16,-1.));
#6645 = ORIENTED_EDGE('',*,*,#6646,.F.);
#6646 = EDGE_CURVE('',#6647,#6639,#6649,.T.);
#6647 = VERTEX_POINT('',#6648);
#6648 = CARTESIAN_POINT('',(0.6,3.1,1.));
#6649 = LINE('',#6650,#6651);
#6650 = CARTESIAN_POINT('',(0.6,3.1,1.));
#6651 = VECTOR('',#6652,1.);
#6652 = DIRECTION('',(-1.,5.6E-16,-2.8E-16));
#6653 = ORIENTED_EDGE('',*,*,#6654,.F.);
#6654 = EDGE_CURVE('',#6615,#6647,#6655,.T.);
#6655 = LINE('',#6656,#6657);
#6656 = CARTESIAN_POINT('',(0.6,3.1,2.5));
#6657 = VECTOR('',#6658,1.);
#6658 = DIRECTION('',(6.7E-16,3.3E-16,-1.));
#6659 = PLANE('',#6660);
#6660 = AXIS2_PLACEMENT_3D('',#6661,#6662,#6663);
#6661 = CARTESIAN_POINT('',(-1.2,3.100000000001,3.1));
#6662 = DIRECTION('',(-1.55E-15,1.,-1.67E-15));
#6663 = DIRECTION('',(2.55E-15,-1.67E-15,-1.));
#6664 = ADVANCED_FACE('',(#6665),#6683,.T.);
#6665 = FACE_BOUND('',#6666,.T.);
#6666 = EDGE_LOOP('',(#6667,#6675,#6676,#6677));
#6667 = ORIENTED_EDGE('',*,*,#6668,.F.);
#6668 = EDGE_CURVE('',#6500,#6669,#6671,.T.);
#6669 = VERTEX_POINT('',#6670);
#6670 = CARTESIAN_POINT('',(0.9,-0.955662432703,3.25));
#6671 = LINE('',#6672,#6673);
#6672 = CARTESIAN_POINT('',(0.9,-1.380801270189,2.513637933202));
#6673 = VECTOR('',#6674,1.);
#6674 = DIRECTION('',(-1.64E-15,0.5,0.866025403784));
#6675 = ORIENTED_EDGE('',*,*,#6516,.T.);
#6676 = ORIENTED_EDGE('',*,*,#6373,.F.);
#6677 = ORIENTED_EDGE('',*,*,#6678,.F.);
#6678 = EDGE_CURVE('',#6669,#6366,#6679,.T.);
#6679 = LINE('',#6680,#6681);
#6680 = CARTESIAN_POINT('',(9.526179507022,-0.955662432703,3.25));
#6681 = VECTOR('',#6682,1.);
#6682 = DIRECTION('',(-1.,7.8E-16,-6.E-17));
#6683 = PLANE('',#6684);
#6684 = AXIS2_PLACEMENT_3D('',#6685,#6686,#6687);
#6685 = CARTESIAN_POINT('',(9.526179507022,-1.1,3.));
#6686 = DIRECTION('',(2.1E-16,0.866025403784,-0.5));
#6687 = DIRECTION('',(-1.73E-15,0.5,0.866025403784));
#6688 = ADVANCED_FACE('',(#6689),#6707,.T.);
#6689 = FACE_BOUND('',#6690,.T.);
#6690 = EDGE_LOOP('',(#6691,#6699,#6700,#6701));
#6691 = ORIENTED_EDGE('',*,*,#6692,.F.);
#6692 = EDGE_CURVE('',#6222,#6693,#6695,.T.);
#6693 = VERTEX_POINT('',#6694);
#6694 = CARTESIAN_POINT('',(-1.2,2.5,2.8));
#6695 = LINE('',#6696,#6697);
#6696 = CARTESIAN_POINT('',(-1.05,2.5,2.8));
#6697 = VECTOR('',#6698,1.);
#6698 = DIRECTION('',(-1.,8.9E-16,3.3E-16));
#6699 = ORIENTED_EDGE('',*,*,#6221,.T.);
#6700 = ORIENTED_EDGE('',*,*,#6530,.F.);
#6701 = ORIENTED_EDGE('',*,*,#6702,.T.);
#6702 = EDGE_CURVE('',#6531,#6693,#6703,.T.);
#6703 = LINE('',#6704,#6705);
#6704 = CARTESIAN_POINT('',(-1.2,-1.112514950396,2.8));
#6705 = VECTOR('',#6706,1.);
#6706 = DIRECTION('',(4.4E-16,-1.,1.E-15));
#6707 = PLANE('',#6708);
#6708 = AXIS2_PLACEMENT_3D('',#6709,#6710,#6711);
#6709 = CARTESIAN_POINT('',(-0.9,-3.,2.8));
#6710 = DIRECTION('',(-1.44E-15,-7.8E-16,1.));
#6711 = DIRECTION('',(-1.,6.7E-16,-1.44E-15));
#6712 = ADVANCED_FACE('',(#6713),#6731,.T.);
#6713 = FACE_BOUND('',#6714,.T.);
#6714 = EDGE_LOOP('',(#6715,#6723,#6724,#6725));
#6715 = ORIENTED_EDGE('',*,*,#6716,.F.);
#6716 = EDGE_CURVE('',#6669,#6717,#6719,.T.);
#6717 = VERTEX_POINT('',#6718);
#6718 = CARTESIAN_POINT('',(0.9,-0.811324865405,2.999999999999));
#6719 = LINE('',#6720,#6721);
#6720 = CARTESIAN_POINT('',(0.9,-1.113776770689,3.523862066798));
#6721 = VECTOR('',#6722,1.);
#6722 = DIRECTION('',(8.6E-16,0.5,-0.866025403784));
#6723 = ORIENTED_EDGE('',*,*,#6678,.T.);
#6724 = ORIENTED_EDGE('',*,*,#6365,.F.);
#6725 = ORIENTED_EDGE('',*,*,#6726,.F.);
#6726 = EDGE_CURVE('',#6717,#6358,#6727,.T.);
#6727 = LINE('',#6728,#6729);
#6728 = CARTESIAN_POINT('',(9.526179507022,-0.811324865405,3.));
#6729 = VECTOR('',#6730,1.);
#6730 = DIRECTION('',(-1.,7.8E-16,-6.E-17));
#6731 = PLANE('',#6732);
#6732 = AXIS2_PLACEMENT_3D('',#6733,#6734,#6735);
#6733 = CARTESIAN_POINT('',(9.526179507022,-0.955662432703,3.25));
#6734 = DIRECTION('',(1.17E-15,-0.866025403784,-0.5));
#6735 = DIRECTION('',(9.6E-16,0.5,-0.866025403784));
#6736 = ADVANCED_FACE('',(#6737,#6819),#6853,.T.);
#6737 = FACE_BOUND('',#6738,.T.);
#6738 = EDGE_LOOP('',(#6739,#6747,#6755,#6763,#6771,#6779,#6787,#6795,
    #6803,#6811,#6817,#6818));
#6739 = ORIENTED_EDGE('',*,*,#6740,.F.);
#6740 = EDGE_CURVE('',#6741,#6693,#6743,.T.);
#6741 = VERTEX_POINT('',#6742);
#6742 = CARTESIAN_POINT('',(-1.2,2.5,0.75));
#6743 = LINE('',#6744,#6745);
#6744 = CARTESIAN_POINT('',(-1.2,2.5,0.6));
#6745 = VECTOR('',#6746,1.);
#6746 = DIRECTION('',(-2.33E-15,-1.44E-15,1.));
#6747 = ORIENTED_EDGE('',*,*,#6748,.F.);
#6748 = EDGE_CURVE('',#6749,#6741,#6751,.T.);
#6749 = VERTEX_POINT('',#6750);
#6750 = CARTESIAN_POINT('',(-0.8,2.5,0.75));
#6751 = LINE('',#6752,#6753);
#6752 = CARTESIAN_POINT('',(-0.6,2.5,0.75));
#6753 = VECTOR('',#6754,1.);
#6754 = DIRECTION('',(-1.,6.7E-16,-1.1E-16));
#6755 = ORIENTED_EDGE('',*,*,#6756,.F.);
#6756 = EDGE_CURVE('',#6757,#6749,#6759,.T.);
#6757 = VERTEX_POINT('',#6758);
#6758 = CARTESIAN_POINT('',(-0.8,2.5,0.6));
#6759 = LINE('',#6760,#6761);
#6760 = CARTESIAN_POINT('',(-0.8,2.5,0.3));
#6761 = VECTOR('',#6762,1.);
#6762 = DIRECTION('',(-1.E-15,1.22E-15,1.));
#6763 = ORIENTED_EDGE('',*,*,#6764,.T.);
#6764 = EDGE_CURVE('',#6757,#6765,#6767,.T.);
#6765 = VERTEX_POINT('',#6766);
#6766 = CARTESIAN_POINT('',(0.8,2.5,0.6));
#6767 = LINE('',#6768,#6769);
#6768 = CARTESIAN_POINT('',(-1.2,2.5,0.6));
#6769 = VECTOR('',#6770,1.);
#6770 = DIRECTION('',(1.,-1.11E-15,-2.8E-16));
#6771 = ORIENTED_EDGE('',*,*,#6772,.T.);
#6772 = EDGE_CURVE('',#6765,#6773,#6775,.T.);
#6773 = VERTEX_POINT('',#6774);
#6774 = CARTESIAN_POINT('',(0.8,2.5,0.75));
#6775 = LINE('',#6776,#6777);
#6776 = CARTESIAN_POINT('',(0.8,2.5,0.3));
#6777 = VECTOR('',#6778,1.);
#6778 = DIRECTION('',(-1.E-15,1.22E-15,1.));
#6779 = ORIENTED_EDGE('',*,*,#6780,.F.);
#6780 = EDGE_CURVE('',#6781,#6773,#6783,.T.);
#6781 = VERTEX_POINT('',#6782);
#6782 = CARTESIAN_POINT('',(1.2,2.5,0.75));
#6783 = LINE('',#6784,#6785);
#6784 = CARTESIAN_POINT('',(-0.6,2.5,0.75));
#6785 = VECTOR('',#6786,1.);
#6786 = DIRECTION('',(-1.,6.7E-16,-1.1E-16));
#6787 = ORIENTED_EDGE('',*,*,#6788,.T.);
#6788 = EDGE_CURVE('',#6781,#6789,#6791,.T.);
#6789 = VERTEX_POINT('',#6790);
#6790 = CARTESIAN_POINT('',(1.2,2.5,2.8));
#6791 = LINE('',#6792,#6793);
#6792 = CARTESIAN_POINT('',(1.2,2.5,0.6));
#6793 = VECTOR('',#6794,1.);
#6794 = DIRECTION('',(-2.33E-15,-1.44E-15,1.));
#6795 = ORIENTED_EDGE('',*,*,#6796,.T.);
#6796 = EDGE_CURVE('',#6789,#6797,#6799,.T.);
#6797 = VERTEX_POINT('',#6798);
#6798 = CARTESIAN_POINT('',(0.9,2.5,2.8));
#6799 = LINE('',#6800,#6801);
#6800 = CARTESIAN_POINT('',(0.6,2.5,2.8));
#6801 = VECTOR('',#6802,1.);
#6802 = DIRECTION('',(-1.,8.9E-16,3.3E-16));
#6803 = ORIENTED_EDGE('',*,*,#6804,.T.);
#6804 = EDGE_CURVE('',#6797,#6805,#6807,.T.);
#6805 = VERTEX_POINT('',#6806);
#6806 = CARTESIAN_POINT('',(0.9,2.5,2.999999999998));
#6807 = LINE('',#6808,#6809);
#6808 = CARTESIAN_POINT('',(0.9,2.5,1.7));
#6809 = VECTOR('',#6810,1.);
#6810 = DIRECTION('',(-1.67E-15,1.1E-16,1.));
#6811 = ORIENTED_EDGE('',*,*,#6812,.F.);
#6812 = EDGE_CURVE('',#6230,#6805,#6813,.T.);
#6813 = LINE('',#6814,#6815);
#6814 = CARTESIAN_POINT('',(-1.2,2.5,2.999999999998));
#6815 = VECTOR('',#6816,1.);
#6816 = DIRECTION('',(1.,-1.11E-15,-2.8E-16));
#6817 = ORIENTED_EDGE('',*,*,#6229,.T.);
#6818 = ORIENTED_EDGE('',*,*,#6692,.T.);
#6819 = FACE_BOUND('',#6820,.T.);
#6820 = EDGE_LOOP('',(#6821,#6831,#6839,#6847));
#6821 = ORIENTED_EDGE('',*,*,#6822,.F.);
#6822 = EDGE_CURVE('',#6823,#6825,#6827,.T.);
#6823 = VERTEX_POINT('',#6824);
#6824 = CARTESIAN_POINT('',(0.6,2.5,2.5));
#6825 = VERTEX_POINT('',#6826);
#6826 = CARTESIAN_POINT('',(-0.6,2.5,2.5));
#6827 = LINE('',#6828,#6829);
#6828 = CARTESIAN_POINT('',(0.6,2.5,2.5));
#6829 = VECTOR('',#6830,1.);
#6830 = DIRECTION('',(-1.,5.6E-16,-2.8E-16));
#6831 = ORIENTED_EDGE('',*,*,#6832,.F.);
#6832 = EDGE_CURVE('',#6833,#6823,#6835,.T.);
#6833 = VERTEX_POINT('',#6834);
#6834 = CARTESIAN_POINT('',(0.6,2.5,1.));
#6835 = LINE('',#6836,#6837);
#6836 = CARTESIAN_POINT('',(0.6,2.5,1.));
#6837 = VECTOR('',#6838,1.);
#6838 = DIRECTION('',(-6.7E-16,-3.3E-16,1.));
#6839 = ORIENTED_EDGE('',*,*,#6840,.T.);
#6840 = EDGE_CURVE('',#6833,#6841,#6843,.T.);
#6841 = VERTEX_POINT('',#6842);
#6842 = CARTESIAN_POINT('',(-0.6,2.5,1.));
#6843 = LINE('',#6844,#6845);
#6844 = CARTESIAN_POINT('',(0.6,2.5,1.));
#6845 = VECTOR('',#6846,1.);
#6846 = DIRECTION('',(-1.,5.6E-16,-2.8E-16));
#6847 = ORIENTED_EDGE('',*,*,#6848,.T.);
#6848 = EDGE_CURVE('',#6841,#6825,#6849,.T.);
#6849 = LINE('',#6850,#6851);
#6850 = CARTESIAN_POINT('',(-0.6,2.5,1.));
#6851 = VECTOR('',#6852,1.);
#6852 = DIRECTION('',(-6.7E-16,-3.3E-16,1.));
#6853 = PLANE('',#6854);
#6854 = AXIS2_PLACEMENT_3D('',#6855,#6856,#6857);
#6855 = CARTESIAN_POINT('',(-1.2,2.5,0.6));
#6856 = DIRECTION('',(1.55E-15,-1.,1.67E-15));
#6857 = DIRECTION('',(-2.55E-15,1.67E-15,1.));
#6858 = ADVANCED_FACE('',(#6859),#6877,.T.);
#6859 = FACE_BOUND('',#6860,.T.);
#6860 = EDGE_LOOP('',(#6861,#6862,#6863,#6871));
#6861 = ORIENTED_EDGE('',*,*,#6726,.T.);
#6862 = ORIENTED_EDGE('',*,*,#6357,.T.);
#6863 = ORIENTED_EDGE('',*,*,#6864,.F.);
#6864 = EDGE_CURVE('',#6865,#6350,#6867,.T.);
#6865 = VERTEX_POINT('',#6866);
#6866 = CARTESIAN_POINT('',(0.9,-0.607735026919,2.999999999999));
#6867 = LINE('',#6868,#6869);
#6868 = CARTESIAN_POINT('',(9.526179507022,-0.607735026919,3.));
#6869 = VECTOR('',#6870,1.);
#6870 = DIRECTION('',(-1.,7.8E-16,-6.E-17));
#6871 = ORIENTED_EDGE('',*,*,#6872,.T.);
#6872 = EDGE_CURVE('',#6865,#6717,#6873,.T.);
#6873 = LINE('',#6874,#6875);
#6874 = CARTESIAN_POINT('',(0.9,-0.25,2.999999999998));
#6875 = VECTOR('',#6876,1.);
#6876 = DIRECTION('',(1.33E-15,-1.,1.67E-15));
#6877 = PLANE('',#6878);
#6878 = AXIS2_PLACEMENT_3D('',#6879,#6880,#6881);
#6879 = CARTESIAN_POINT('',(-1.2,2.5,2.999999999998));
#6880 = DIRECTION('',(2.39E-15,7.8E-16,-1.));
#6881 = DIRECTION('',(1.78E-15,-1.,-7.8E-16));
#6882 = ADVANCED_FACE('',(#6883),#6901,.T.);
#6883 = FACE_BOUND('',#6884,.T.);
#6884 = EDGE_LOOP('',(#6885,#6893,#6894,#6895));
#6885 = ORIENTED_EDGE('',*,*,#6886,.T.);
#6886 = EDGE_CURVE('',#6887,#6238,#6889,.T.);
#6887 = VERTEX_POINT('',#6888);
#6888 = CARTESIAN_POINT('',(0.9,1.65,2.999999999999));
#6889 = LINE('',#6890,#6891);
#6890 = CARTESIAN_POINT('',(9.526179507022,1.65,3.));
#6891 = VECTOR('',#6892,1.);
#6892 = DIRECTION('',(-1.,7.8E-16,-6.E-17));
#6893 = ORIENTED_EDGE('',*,*,#6237,.T.);
#6894 = ORIENTED_EDGE('',*,*,#6812,.T.);
#6895 = ORIENTED_EDGE('',*,*,#6896,.T.);
#6896 = EDGE_CURVE('',#6805,#6887,#6897,.T.);
#6897 = LINE('',#6898,#6899);
#6898 = CARTESIAN_POINT('',(0.9,-0.25,2.999999999998));
#6899 = VECTOR('',#6900,1.);
#6900 = DIRECTION('',(1.33E-15,-1.,1.67E-15));
#6901 = PLANE('',#6902);
#6902 = AXIS2_PLACEMENT_3D('',#6903,#6904,#6905);
#6903 = CARTESIAN_POINT('',(-1.2,2.5,2.999999999998));
#6904 = DIRECTION('',(2.39E-15,7.8E-16,-1.));
#6905 = DIRECTION('',(1.78E-15,-1.,-7.8E-16));
#6906 = ADVANCED_FACE('',(#6907),#6925,.T.);
#6907 = FACE_BOUND('',#6908,.T.);
#6908 = EDGE_LOOP('',(#6909,#6917,#6918,#6919));
#6909 = ORIENTED_EDGE('',*,*,#6910,.F.);
#6910 = EDGE_CURVE('',#6865,#6911,#6913,.T.);
#6911 = VERTEX_POINT('',#6912);
#6912 = CARTESIAN_POINT('',(0.9,-0.463397459622,3.25));
#6913 = LINE('',#6914,#6915);
#6914 = CARTESIAN_POINT('',(0.9,-0.950069418743,2.407059440182));
#6915 = VECTOR('',#6916,1.);
#6916 = DIRECTION('',(-1.64E-15,0.5,0.866025403784));
#6917 = ORIENTED_EDGE('',*,*,#6864,.T.);
#6918 = ORIENTED_EDGE('',*,*,#6349,.F.);
#6919 = ORIENTED_EDGE('',*,*,#6920,.F.);
#6920 = EDGE_CURVE('',#6911,#6342,#6921,.T.);
#6921 = LINE('',#6922,#6923);
#6922 = CARTESIAN_POINT('',(9.526179507022,-0.463397459622,3.25));
#6923 = VECTOR('',#6924,1.);
#6924 = DIRECTION('',(-1.,7.8E-16,-6.E-17));
#6925 = PLANE('',#6926);
#6926 = AXIS2_PLACEMENT_3D('',#6927,#6928,#6929);
#6927 = CARTESIAN_POINT('',(9.526179507022,-0.607735026919,3.));
#6928 = DIRECTION('',(2.1E-16,0.866025403784,-0.5));
#6929 = DIRECTION('',(-1.73E-15,0.5,0.866025403784));
#6930 = ADVANCED_FACE('',(#6931),#6949,.T.);
#6931 = FACE_BOUND('',#6932,.T.);
#6932 = EDGE_LOOP('',(#6933,#6941,#6947,#6948));
#6933 = ORIENTED_EDGE('',*,*,#6934,.F.);
#6934 = EDGE_CURVE('',#6935,#6887,#6937,.T.);
#6935 = VERTEX_POINT('',#6936);
#6936 = CARTESIAN_POINT('',(0.9,1.505662432703,3.25));
#6937 = LINE('',#6938,#6939);
#6938 = CARTESIAN_POINT('',(0.9,1.039882486541,4.056754531899));
#6939 = VECTOR('',#6940,1.);
#6940 = DIRECTION('',(8.6E-16,0.5,-0.866025403784));
#6941 = ORIENTED_EDGE('',*,*,#6942,.T.);
#6942 = EDGE_CURVE('',#6935,#6246,#6943,.T.);
#6943 = LINE('',#6944,#6945);
#6944 = CARTESIAN_POINT('',(9.526179507022,1.505662432703,3.25));
#6945 = VECTOR('',#6946,1.);
#6946 = DIRECTION('',(-1.,7.8E-16,-6.E-17));
#6947 = ORIENTED_EDGE('',*,*,#6245,.F.);
#6948 = ORIENTED_EDGE('',*,*,#6886,.F.);
#6949 = PLANE('',#6950);
#6950 = AXIS2_PLACEMENT_3D('',#6951,#6952,#6953);
#6951 = CARTESIAN_POINT('',(9.526179507022,1.505662432703,3.25));
#6952 = DIRECTION('',(1.17E-15,-0.866025403784,-0.5));
#6953 = DIRECTION('',(9.6E-16,0.5,-0.866025403784));
#6954 = ADVANCED_FACE('',(#6955),#6973,.T.);
#6955 = FACE_BOUND('',#6956,.T.);
#6956 = EDGE_LOOP('',(#6957,#6965,#6966,#6967));
#6957 = ORIENTED_EDGE('',*,*,#6958,.F.);
#6958 = EDGE_CURVE('',#6911,#6959,#6961,.T.);
#6959 = VERTEX_POINT('',#6960);
#6960 = CARTESIAN_POINT('',(0.9,-0.319059892324,2.999999999999));
#6961 = LINE('',#6962,#6963);
#6962 = CARTESIAN_POINT('',(0.9,-0.683044919243,3.630440559818));
#6963 = VECTOR('',#6964,1.);
#6964 = DIRECTION('',(8.6E-16,0.5,-0.866025403784));
#6965 = ORIENTED_EDGE('',*,*,#6920,.T.);
#6966 = ORIENTED_EDGE('',*,*,#6341,.F.);
#6967 = ORIENTED_EDGE('',*,*,#6968,.F.);
#6968 = EDGE_CURVE('',#6959,#6334,#6969,.T.);
#6969 = LINE('',#6970,#6971);
#6970 = CARTESIAN_POINT('',(9.526179507022,-0.319059892324,3.));
#6971 = VECTOR('',#6972,1.);
#6972 = DIRECTION('',(-1.,7.8E-16,-6.E-17));
#6973 = PLANE('',#6974);
#6974 = AXIS2_PLACEMENT_3D('',#6975,#6976,#6977);
#6975 = CARTESIAN_POINT('',(9.526179507022,-0.463397459622,3.25));
#6976 = DIRECTION('',(1.17E-15,-0.866025403784,-0.5));
#6977 = DIRECTION('',(9.6E-16,0.5,-0.866025403784));
#6978 = ADVANCED_FACE('',(#6979),#6997,.T.);
#6979 = FACE_BOUND('',#6980,.T.);
#6980 = EDGE_LOOP('',(#6981,#6989,#6995,#6996));
#6981 = ORIENTED_EDGE('',*,*,#6982,.F.);
#6982 = EDGE_CURVE('',#6983,#6935,#6985,.T.);
#6983 = VERTEX_POINT('',#6984);
#6984 = CARTESIAN_POINT('',(0.9,1.361324865405,2.999999999999));
#6985 = LINE('',#6986,#6987);
#6986 = CARTESIAN_POINT('',(0.9,0.77285798704,1.980745468101));
#6987 = VECTOR('',#6988,1.);
#6988 = DIRECTION('',(-1.64E-15,0.5,0.866025403784));
#6989 = ORIENTED_EDGE('',*,*,#6990,.T.);
#6990 = EDGE_CURVE('',#6983,#6254,#6991,.T.);
#6991 = LINE('',#6992,#6993);
#6992 = CARTESIAN_POINT('',(9.526179507022,1.361324865405,3.));
#6993 = VECTOR('',#6994,1.);
#6994 = DIRECTION('',(-1.,7.8E-16,-6.E-17));
#6995 = ORIENTED_EDGE('',*,*,#6253,.F.);
#6996 = ORIENTED_EDGE('',*,*,#6942,.F.);
#6997 = PLANE('',#6998);
#6998 = AXIS2_PLACEMENT_3D('',#6999,#7000,#7001);
#6999 = CARTESIAN_POINT('',(9.526179507022,1.361324865405,3.));
#7000 = DIRECTION('',(2.1E-16,0.866025403784,-0.5));
#7001 = DIRECTION('',(-1.73E-15,0.5,0.866025403784));
#7002 = ADVANCED_FACE('',(#7003),#7021,.T.);
#7003 = FACE_BOUND('',#7004,.T.);
#7004 = EDGE_LOOP('',(#7005,#7006,#7007,#7015));
#7005 = ORIENTED_EDGE('',*,*,#6968,.T.);
#7006 = ORIENTED_EDGE('',*,*,#6333,.T.);
#7007 = ORIENTED_EDGE('',*,*,#7008,.F.);
#7008 = EDGE_CURVE('',#7009,#6326,#7011,.T.);
#7009 = VERTEX_POINT('',#7010);
#7010 = CARTESIAN_POINT('',(0.9,-0.115470053838,2.999999999999));
#7011 = LINE('',#7012,#7013);
#7012 = CARTESIAN_POINT('',(9.526179507022,-0.115470053838,3.));
#7013 = VECTOR('',#7014,1.);
#7014 = DIRECTION('',(-1.,7.8E-16,-6.E-17));
#7015 = ORIENTED_EDGE('',*,*,#7016,.T.);
#7016 = EDGE_CURVE('',#7009,#6959,#7017,.T.);
#7017 = LINE('',#7018,#7019);
#7018 = CARTESIAN_POINT('',(0.9,-0.25,2.999999999998));
#7019 = VECTOR('',#7020,1.);
#7020 = DIRECTION('',(1.33E-15,-1.,1.67E-15));
#7021 = PLANE('',#7022);
#7022 = AXIS2_PLACEMENT_3D('',#7023,#7024,#7025);
#7023 = CARTESIAN_POINT('',(-1.2,2.5,2.999999999998));
#7024 = DIRECTION('',(2.39E-15,7.8E-16,-1.));
#7025 = DIRECTION('',(1.78E-15,-1.,-7.8E-16));
#7026 = ADVANCED_FACE('',(#7027),#7045,.T.);
#7027 = FACE_BOUND('',#7028,.T.);
#7028 = EDGE_LOOP('',(#7029,#7037,#7038,#7039));
#7029 = ORIENTED_EDGE('',*,*,#7030,.T.);
#7030 = EDGE_CURVE('',#7031,#6262,#7033,.T.);
#7031 = VERTEX_POINT('',#7032);
#7032 = CARTESIAN_POINT('',(0.9,1.157735026919,2.999999999999));
#7033 = LINE('',#7034,#7035);
#7034 = CARTESIAN_POINT('',(9.526179507022,1.157735026919,3.));
#7035 = VECTOR('',#7036,1.);
#7036 = DIRECTION('',(-1.,7.8E-16,-6.E-17));
#7037 = ORIENTED_EDGE('',*,*,#6261,.T.);
#7038 = ORIENTED_EDGE('',*,*,#6990,.F.);
#7039 = ORIENTED_EDGE('',*,*,#7040,.T.);
#7040 = EDGE_CURVE('',#6983,#7031,#7041,.T.);
#7041 = LINE('',#7042,#7043);
#7042 = CARTESIAN_POINT('',(0.9,-0.25,2.999999999998));
#7043 = VECTOR('',#7044,1.);
#7044 = DIRECTION('',(1.33E-15,-1.,1.67E-15));
#7045 = PLANE('',#7046);
#7046 = AXIS2_PLACEMENT_3D('',#7047,#7048,#7049);
#7047 = CARTESIAN_POINT('',(-1.2,2.5,2.999999999998));
#7048 = DIRECTION('',(2.39E-15,7.8E-16,-1.));
#7049 = DIRECTION('',(1.78E-15,-1.,-7.8E-16));
#7050 = ADVANCED_FACE('',(#7051),#7069,.T.);
#7051 = FACE_BOUND('',#7052,.T.);
#7052 = EDGE_LOOP('',(#7053,#7061,#7062,#7063));
#7053 = ORIENTED_EDGE('',*,*,#7054,.F.);
#7054 = EDGE_CURVE('',#7009,#7055,#7057,.T.);
#7055 = VERTEX_POINT('',#7056);
#7056 = CARTESIAN_POINT('',(0.9,2.886751345948E-02,3.25));
#7057 = LINE('',#7058,#7059);
#7058 = CARTESIAN_POINT('',(0.9,-0.519337567297,2.300480947162));
#7059 = VECTOR('',#7060,1.);
#7060 = DIRECTION('',(-1.64E-15,0.5,0.866025403784));
#7061 = ORIENTED_EDGE('',*,*,#7008,.T.);
#7062 = ORIENTED_EDGE('',*,*,#6325,.F.);
#7063 = ORIENTED_EDGE('',*,*,#7064,.F.);
#7064 = EDGE_CURVE('',#7055,#6318,#7065,.T.);
#7065 = LINE('',#7066,#7067);
#7066 = CARTESIAN_POINT('',(9.526179507022,2.886751345947E-02,3.25));
#7067 = VECTOR('',#7068,1.);
#7068 = DIRECTION('',(-1.,7.8E-16,-6.E-17));
#7069 = PLANE('',#7070);
#7070 = AXIS2_PLACEMENT_3D('',#7071,#7072,#7073);
#7071 = CARTESIAN_POINT('',(9.526179507022,-0.115470053838,3.));
#7072 = DIRECTION('',(2.1E-16,0.866025403784,-0.5));
#7073 = DIRECTION('',(-1.73E-15,0.5,0.866025403784));
#7074 = ADVANCED_FACE('',(#7075),#7093,.T.);
#7075 = FACE_BOUND('',#7076,.T.);
#7076 = EDGE_LOOP('',(#7077,#7085,#7091,#7092));
#7077 = ORIENTED_EDGE('',*,*,#7078,.F.);
#7078 = EDGE_CURVE('',#7079,#7031,#7081,.T.);
#7079 = VERTEX_POINT('',#7080);
#7080 = CARTESIAN_POINT('',(0.9,1.013397459622,3.25));
#7081 = LINE('',#7082,#7083);
#7082 = CARTESIAN_POINT('',(0.9,0.609150635095,3.950176038879));
#7083 = VECTOR('',#7084,1.);
#7084 = DIRECTION('',(8.6E-16,0.5,-0.866025403784));
#7085 = ORIENTED_EDGE('',*,*,#7086,.T.);
#7086 = EDGE_CURVE('',#7079,#6270,#7087,.T.);
#7087 = LINE('',#7088,#7089);
#7088 = CARTESIAN_POINT('',(9.526179507022,1.013397459622,3.25));
#7089 = VECTOR('',#7090,1.);
#7090 = DIRECTION('',(-1.,7.8E-16,-6.E-17));
#7091 = ORIENTED_EDGE('',*,*,#6269,.F.);
#7092 = ORIENTED_EDGE('',*,*,#7030,.F.);
#7093 = PLANE('',#7094);
#7094 = AXIS2_PLACEMENT_3D('',#7095,#7096,#7097);
#7095 = CARTESIAN_POINT('',(9.526179507022,1.013397459622,3.25));
#7096 = DIRECTION('',(1.17E-15,-0.866025403784,-0.5));
#7097 = DIRECTION('',(9.6E-16,0.5,-0.866025403784));
#7098 = ADVANCED_FACE('',(#7099),#7117,.T.);
#7099 = FACE_BOUND('',#7100,.T.);
#7100 = EDGE_LOOP('',(#7101,#7109,#7110,#7111));
#7101 = ORIENTED_EDGE('',*,*,#7102,.F.);
#7102 = EDGE_CURVE('',#7055,#7103,#7105,.T.);
#7103 = VERTEX_POINT('',#7104);
#7104 = CARTESIAN_POINT('',(0.9,0.173205080757,2.999999999999));
#7105 = LINE('',#7106,#7107);
#7106 = CARTESIAN_POINT('',(0.9,-0.252313067797,3.737019052838));
#7107 = VECTOR('',#7108,1.);
#7108 = DIRECTION('',(8.6E-16,0.5,-0.866025403784));
#7109 = ORIENTED_EDGE('',*,*,#7064,.T.);
#7110 = ORIENTED_EDGE('',*,*,#6317,.F.);
#7111 = ORIENTED_EDGE('',*,*,#7112,.F.);
#7112 = EDGE_CURVE('',#7103,#6310,#7113,.T.);
#7113 = LINE('',#7114,#7115);
#7114 = CARTESIAN_POINT('',(9.526179507022,0.173205080757,3.));
#7115 = VECTOR('',#7116,1.);
#7116 = DIRECTION('',(-1.,7.8E-16,-6.E-17));
#7117 = PLANE('',#7118);
#7118 = AXIS2_PLACEMENT_3D('',#7119,#7120,#7121);
#7119 = CARTESIAN_POINT('',(9.526179507022,2.886751345947E-02,3.25));
#7120 = DIRECTION('',(1.17E-15,-0.866025403784,-0.5));
#7121 = DIRECTION('',(9.6E-16,0.5,-0.866025403784));
#7122 = ADVANCED_FACE('',(#7123),#7141,.T.);
#7123 = FACE_BOUND('',#7124,.T.);
#7124 = EDGE_LOOP('',(#7125,#7133,#7139,#7140));
#7125 = ORIENTED_EDGE('',*,*,#7126,.F.);
#7126 = EDGE_CURVE('',#7127,#7079,#7129,.T.);
#7127 = VERTEX_POINT('',#7128);
#7128 = CARTESIAN_POINT('',(0.9,0.869059892324,2.999999999999));
#7129 = LINE('',#7130,#7131);
#7130 = CARTESIAN_POINT('',(0.9,0.342126135594,2.087323961121));
#7131 = VECTOR('',#7132,1.);
#7132 = DIRECTION('',(-1.64E-15,0.5,0.866025403784));
#7133 = ORIENTED_EDGE('',*,*,#7134,.T.);
#7134 = EDGE_CURVE('',#7127,#6278,#7135,.T.);
#7135 = LINE('',#7136,#7137);
#7136 = CARTESIAN_POINT('',(9.526179507022,0.869059892324,3.));
#7137 = VECTOR('',#7138,1.);
#7138 = DIRECTION('',(-1.,7.8E-16,-6.E-17));
#7139 = ORIENTED_EDGE('',*,*,#6277,.F.);
#7140 = ORIENTED_EDGE('',*,*,#7086,.F.);
#7141 = PLANE('',#7142);
#7142 = AXIS2_PLACEMENT_3D('',#7143,#7144,#7145);
#7143 = CARTESIAN_POINT('',(9.526179507022,0.869059892324,3.));
#7144 = DIRECTION('',(2.1E-16,0.866025403784,-0.5));
#7145 = DIRECTION('',(-1.73E-15,0.5,0.866025403784));
#7146 = ADVANCED_FACE('',(#7147),#7165,.T.);
#7147 = FACE_BOUND('',#7148,.T.);
#7148 = EDGE_LOOP('',(#7149,#7150,#7151,#7159));
#7149 = ORIENTED_EDGE('',*,*,#7112,.T.);
#7150 = ORIENTED_EDGE('',*,*,#6309,.T.);
#7151 = ORIENTED_EDGE('',*,*,#7152,.F.);
#7152 = EDGE_CURVE('',#7153,#6302,#7155,.T.);
#7153 = VERTEX_POINT('',#7154);
#7154 = CARTESIAN_POINT('',(0.9,0.376794919243,2.999999999999));
#7155 = LINE('',#7156,#7157);
#7156 = CARTESIAN_POINT('',(9.526179507022,0.376794919243,3.));
#7157 = VECTOR('',#7158,1.);
#7158 = DIRECTION('',(-1.,7.8E-16,-6.E-17));
#7159 = ORIENTED_EDGE('',*,*,#7160,.T.);
#7160 = EDGE_CURVE('',#7153,#7103,#7161,.T.);
#7161 = LINE('',#7162,#7163);
#7162 = CARTESIAN_POINT('',(0.9,-0.25,2.999999999998));
#7163 = VECTOR('',#7164,1.);
#7164 = DIRECTION('',(1.33E-15,-1.,1.67E-15));
#7165 = PLANE('',#7166);
#7166 = AXIS2_PLACEMENT_3D('',#7167,#7168,#7169);
#7167 = CARTESIAN_POINT('',(-1.2,2.5,2.999999999998));
#7168 = DIRECTION('',(2.39E-15,7.8E-16,-1.));
#7169 = DIRECTION('',(1.78E-15,-1.,-7.8E-16));
#7170 = ADVANCED_FACE('',(#7171),#7189,.T.);
#7171 = FACE_BOUND('',#7172,.T.);
#7172 = EDGE_LOOP('',(#7173,#7181,#7182,#7183));
#7173 = ORIENTED_EDGE('',*,*,#7174,.T.);
#7174 = EDGE_CURVE('',#7175,#6286,#7177,.T.);
#7175 = VERTEX_POINT('',#7176);
#7176 = CARTESIAN_POINT('',(0.9,0.665470053838,2.999999999999));
#7177 = LINE('',#7178,#7179);
#7178 = CARTESIAN_POINT('',(9.526179507022,0.665470053838,3.));
#7179 = VECTOR('',#7180,1.);
#7180 = DIRECTION('',(-1.,7.8E-16,-6.E-17));
#7181 = ORIENTED_EDGE('',*,*,#6285,.T.);
#7182 = ORIENTED_EDGE('',*,*,#7134,.F.);
#7183 = ORIENTED_EDGE('',*,*,#7184,.T.);
#7184 = EDGE_CURVE('',#7127,#7175,#7185,.T.);
#7185 = LINE('',#7186,#7187);
#7186 = CARTESIAN_POINT('',(0.9,-0.25,2.999999999998));
#7187 = VECTOR('',#7188,1.);
#7188 = DIRECTION('',(1.33E-15,-1.,1.67E-15));
#7189 = PLANE('',#7190);
#7190 = AXIS2_PLACEMENT_3D('',#7191,#7192,#7193);
#7191 = CARTESIAN_POINT('',(-1.2,2.5,2.999999999998));
#7192 = DIRECTION('',(2.39E-15,7.8E-16,-1.));
#7193 = DIRECTION('',(1.78E-15,-1.,-7.8E-16));
#7194 = ADVANCED_FACE('',(#7195),#7213,.T.);
#7195 = FACE_BOUND('',#7196,.T.);
#7196 = EDGE_LOOP('',(#7197,#7205,#7206,#7207));
#7197 = ORIENTED_EDGE('',*,*,#7198,.F.);
#7198 = EDGE_CURVE('',#7153,#7199,#7201,.T.);
#7199 = VERTEX_POINT('',#7200);
#7200 = CARTESIAN_POINT('',(0.9,0.521132486541,3.25));
#7201 = LINE('',#7202,#7203);
#7202 = CARTESIAN_POINT('',(0.9,-8.86057158515E-02,2.193902454141));
#7203 = VECTOR('',#7204,1.);
#7204 = DIRECTION('',(-1.64E-15,0.5,0.866025403784));
#7205 = ORIENTED_EDGE('',*,*,#7152,.T.);
#7206 = ORIENTED_EDGE('',*,*,#6301,.F.);
#7207 = ORIENTED_EDGE('',*,*,#7208,.F.);
#7208 = EDGE_CURVE('',#7199,#6294,#7209,.T.);
#7209 = LINE('',#7210,#7211);
#7210 = CARTESIAN_POINT('',(9.526179507022,0.521132486541,3.25));
#7211 = VECTOR('',#7212,1.);
#7212 = DIRECTION('',(-1.,7.8E-16,-6.E-17));
#7213 = PLANE('',#7214);
#7214 = AXIS2_PLACEMENT_3D('',#7215,#7216,#7217);
#7215 = CARTESIAN_POINT('',(9.526179507022,0.376794919243,3.));
#7216 = DIRECTION('',(2.1E-16,0.866025403784,-0.5));
#7217 = DIRECTION('',(-1.73E-15,0.5,0.866025403784));
#7218 = ADVANCED_FACE('',(#7219),#7230,.T.);
#7219 = FACE_BOUND('',#7220,.T.);
#7220 = EDGE_LOOP('',(#7221,#7227,#7228,#7229));
#7221 = ORIENTED_EDGE('',*,*,#7222,.F.);
#7222 = EDGE_CURVE('',#7199,#7175,#7223,.T.);
#7223 = LINE('',#7224,#7225);
#7224 = CARTESIAN_POINT('',(0.9,0.178418783649,3.843597545859));
#7225 = VECTOR('',#7226,1.);
#7226 = DIRECTION('',(8.6E-16,0.5,-0.866025403784));
#7227 = ORIENTED_EDGE('',*,*,#7208,.T.);
#7228 = ORIENTED_EDGE('',*,*,#6293,.F.);
#7229 = ORIENTED_EDGE('',*,*,#7174,.F.);
#7230 = PLANE('',#7231);
#7231 = AXIS2_PLACEMENT_3D('',#7232,#7233,#7234);
#7232 = CARTESIAN_POINT('',(9.526179507022,0.521132486541,3.25));
#7233 = DIRECTION('',(1.17E-15,-0.866025403784,-0.5));
#7234 = DIRECTION('',(9.6E-16,0.5,-0.866025403784));
#7235 = ADVANCED_FACE('',(#7236),#7254,.T.);
#7236 = FACE_BOUND('',#7237,.T.);
#7237 = EDGE_LOOP('',(#7238,#7239,#7240,#7248));
#7238 = ORIENTED_EDGE('',*,*,#6412,.F.);
#7239 = ORIENTED_EDGE('',*,*,#6460,.T.);
#7240 = ORIENTED_EDGE('',*,*,#7241,.T.);
#7241 = EDGE_CURVE('',#6453,#7242,#7244,.T.);
#7242 = VERTEX_POINT('',#7243);
#7243 = CARTESIAN_POINT('',(0.7,-2.5,3.199999999998));
#7244 = LINE('',#7245,#7246);
#7245 = CARTESIAN_POINT('',(-0.9,-2.5,3.199999999998));
#7246 = VECTOR('',#7247,1.);
#7247 = DIRECTION('',(1.,-1.78E-15,1.05E-15));
#7248 = ORIENTED_EDGE('',*,*,#7249,.T.);
#7249 = EDGE_CURVE('',#7242,#6413,#7250,.T.);
#7250 = LINE('',#7251,#7252);
#7251 = CARTESIAN_POINT('',(0.7,-2.5,2.999999999998));
#7252 = VECTOR('',#7253,1.);
#7253 = DIRECTION('',(-1.67E-15,1.44E-15,1.));
#7254 = PLANE('',#7255);
#7255 = AXIS2_PLACEMENT_3D('',#7256,#7257,#7258);
#7256 = CARTESIAN_POINT('',(-1.2,-2.5,2.999999999998));
#7257 = DIRECTION('',(1.55E-15,-1.,1.67E-15));
#7258 = DIRECTION('',(-2.55E-15,1.67E-15,1.));
#7259 = ADVANCED_FACE('',(#7260),#7297,.T.);
#7260 = FACE_BOUND('',#7261,.T.);
#7261 = EDGE_LOOP('',(#7262,#7263,#7264,#7265,#7266,#7267,#7268,#7269,
    #7270,#7271,#7272,#7273,#7274,#7275,#7276,#7277,#7278,#7279,#7280,
    #7281,#7282,#7288,#7289,#7290,#7291));
#7262 = ORIENTED_EDGE('',*,*,#6499,.F.);
#7263 = ORIENTED_EDGE('',*,*,#6668,.T.);
#7264 = ORIENTED_EDGE('',*,*,#6716,.T.);
#7265 = ORIENTED_EDGE('',*,*,#6872,.F.);
#7266 = ORIENTED_EDGE('',*,*,#6910,.T.);
#7267 = ORIENTED_EDGE('',*,*,#6958,.T.);
#7268 = ORIENTED_EDGE('',*,*,#7016,.F.);
#7269 = ORIENTED_EDGE('',*,*,#7054,.T.);
#7270 = ORIENTED_EDGE('',*,*,#7102,.T.);
#7271 = ORIENTED_EDGE('',*,*,#7160,.F.);
#7272 = ORIENTED_EDGE('',*,*,#7198,.T.);
#7273 = ORIENTED_EDGE('',*,*,#7222,.T.);
#7274 = ORIENTED_EDGE('',*,*,#7184,.F.);
#7275 = ORIENTED_EDGE('',*,*,#7126,.T.);
#7276 = ORIENTED_EDGE('',*,*,#7078,.T.);
#7277 = ORIENTED_EDGE('',*,*,#7040,.F.);
#7278 = ORIENTED_EDGE('',*,*,#6982,.T.);
#7279 = ORIENTED_EDGE('',*,*,#6934,.T.);
#7280 = ORIENTED_EDGE('',*,*,#6896,.F.);
#7281 = ORIENTED_EDGE('',*,*,#6804,.F.);
#7282 = ORIENTED_EDGE('',*,*,#7283,.T.);
#7283 = EDGE_CURVE('',#6797,#6541,#7284,.T.);
#7284 = LINE('',#7285,#7286);
#7285 = CARTESIAN_POINT('',(0.9,-3.,2.8));
#7286 = VECTOR('',#7287,1.);
#7287 = DIRECTION('',(-1.33E-15,1.,-1.E-15));
#7288 = ORIENTED_EDGE('',*,*,#6540,.F.);
#7289 = ORIENTED_EDGE('',*,*,#6483,.F.);
#7290 = ORIENTED_EDGE('',*,*,#6428,.F.);
#7291 = ORIENTED_EDGE('',*,*,#7292,.F.);
#7292 = EDGE_CURVE('',#6502,#6421,#7293,.T.);
#7293 = LINE('',#7294,#7295);
#7294 = CARTESIAN_POINT('',(0.9,-2.3,2.999999999998));
#7295 = VECTOR('',#7296,1.);
#7296 = DIRECTION('',(-1.67E-15,1.44E-15,1.));
#7297 = PLANE('',#7298);
#7298 = AXIS2_PLACEMENT_3D('',#7299,#7300,#7301);
#7299 = CARTESIAN_POINT('',(0.9,-3.,2.8));
#7300 = DIRECTION('',(1.,-4.4E-16,-1.1E-16));
#7301 = DIRECTION('',(1.1E-16,-1.E-15,1.));
#7302 = ADVANCED_FACE('',(#7303),#7314,.T.);
#7303 = FACE_BOUND('',#7304,.T.);
#7304 = EDGE_LOOP('',(#7305,#7311,#7312,#7313));
#7305 = ORIENTED_EDGE('',*,*,#7306,.T.);
#7306 = EDGE_CURVE('',#7242,#6502,#7307,.T.);
#7307 = LINE('',#7308,#7309);
#7308 = CARTESIAN_POINT('',(0.533333333333,-2.666666666667,
    3.366666666665));
#7309 = VECTOR('',#7310,1.);
#7310 = DIRECTION('',(0.57735026919,0.57735026919,-0.57735026919));
#7311 = ORIENTED_EDGE('',*,*,#7292,.T.);
#7312 = ORIENTED_EDGE('',*,*,#6420,.T.);
#7313 = ORIENTED_EDGE('',*,*,#7249,.F.);
#7314 = PLANE('',#7315);
#7315 = AXIS2_PLACEMENT_3D('',#7316,#7317,#7318);
#7316 = CARTESIAN_POINT('',(0.8,-2.4,2.999999999998));
#7317 = DIRECTION('',(0.707106781187,-0.707106781187,2.2E-15));
#7318 = DIRECTION('',(-1.66563491861E-15,1.44563491861E-15,1.));
#7319 = ADVANCED_FACE('',(#7320),#7326,.T.);
#7320 = FACE_BOUND('',#7321,.F.);
#7321 = EDGE_LOOP('',(#7322,#7323,#7324,#7325));
#7322 = ORIENTED_EDGE('',*,*,#6452,.T.);
#7323 = ORIENTED_EDGE('',*,*,#7241,.T.);
#7324 = ORIENTED_EDGE('',*,*,#7306,.T.);
#7325 = ORIENTED_EDGE('',*,*,#6509,.F.);
#7326 = PLANE('',#7327);
#7327 = AXIS2_PLACEMENT_3D('',#7328,#7329,#7330);
#7328 = CARTESIAN_POINT('',(-0.9,-2.4,3.099999999998));
#7329 = DIRECTION('',(1.36E-15,-0.707106781187,-0.707106781187));
#7330 = DIRECTION('',(-1.,4.533347775863E-16,-2.376665222414E-15));
#7331 = ADVANCED_FACE('',(#7332),#7343,.F.);
#7332 = FACE_BOUND('',#7333,.F.);
#7333 = EDGE_LOOP('',(#7334,#7335,#7341,#7342));
#7334 = ORIENTED_EDGE('',*,*,#6740,.F.);
#7335 = ORIENTED_EDGE('',*,*,#7336,.F.);
#7336 = EDGE_CURVE('',#6597,#6741,#7337,.T.);
#7337 = LINE('',#7338,#7339);
#7338 = CARTESIAN_POINT('',(-1.2,1.247322696217,0.75));
#7339 = VECTOR('',#7340,1.);
#7340 = DIRECTION('',(-6.7E-16,-1.,5.6E-16));
#7341 = ORIENTED_EDGE('',*,*,#6604,.F.);
#7342 = ORIENTED_EDGE('',*,*,#6702,.T.);
#7343 = PLANE('',#7344);
#7344 = AXIS2_PLACEMENT_3D('',#7345,#7346,#7347);
#7345 = CARTESIAN_POINT('',(-1.2,0.774970099209,1.104489588366));
#7346 = DIRECTION('',(1.,-1.11E-15,-5.6E-16));
#7347 = DIRECTION('',(5.6E-16,-1.44E-15,1.));
#7348 = ADVANCED_FACE('',(#7349),#7360,.F.);
#7349 = FACE_BOUND('',#7350,.F.);
#7350 = EDGE_LOOP('',(#7351,#7352,#7353,#7354));
#7351 = ORIENTED_EDGE('',*,*,#6596,.F.);
#7352 = ORIENTED_EDGE('',*,*,#7336,.T.);
#7353 = ORIENTED_EDGE('',*,*,#6748,.F.);
#7354 = ORIENTED_EDGE('',*,*,#7355,.F.);
#7355 = EDGE_CURVE('',#6589,#6749,#7356,.T.);
#7356 = LINE('',#7357,#7358);
#7357 = CARTESIAN_POINT('',(-0.8,3.1,0.75));
#7358 = VECTOR('',#7359,1.);
#7359 = DIRECTION('',(8.9E-16,-1.,7.8E-16));
#7360 = PLANE('',#7361);
#7361 = AXIS2_PLACEMENT_3D('',#7362,#7363,#7364);
#7362 = CARTESIAN_POINT('',(-1.78E-15,1.719675293224,0.75));
#7363 = DIRECTION('',(-1.E-15,-5.6E-16,1.));
#7364 = DIRECTION('',(1.,-4.4E-16,1.E-15));
#7365 = ADVANCED_FACE('',(#7366),#7402,.F.);
#7366 = FACE_BOUND('',#7367,.F.);
#7367 = EDGE_LOOP('',(#7368,#7377,#7378,#7379,#7380,#7388,#7396));
#7368 = ORIENTED_EDGE('',*,*,#7369,.F.);
#7369 = EDGE_CURVE('',#6581,#7370,#7372,.T.);
#7370 = VERTEX_POINT('',#7371);
#7371 = CARTESIAN_POINT('',(-0.8,2.600000000001,-5.E-15));
#7372 = CIRCLE('',#7373,0.5);
#7373 = AXIS2_PLACEMENT_3D('',#7374,#7375,#7376);
#7374 = CARTESIAN_POINT('',(-0.8,2.600000000001,0.5));
#7375 = DIRECTION('',(-1.,4.4E-16,-1.67E-15));
#7376 = DIRECTION('',(4.4E-16,1.,-2.33E-15));
#7377 = ORIENTED_EDGE('',*,*,#6588,.T.);
#7378 = ORIENTED_EDGE('',*,*,#7355,.T.);
#7379 = ORIENTED_EDGE('',*,*,#6756,.F.);
#7380 = ORIENTED_EDGE('',*,*,#7381,.F.);
#7381 = EDGE_CURVE('',#7382,#6757,#7384,.T.);
#7382 = VERTEX_POINT('',#7383);
#7383 = CARTESIAN_POINT('',(-0.8,0.85,0.6));
#7384 = LINE('',#7385,#7386);
#7385 = CARTESIAN_POINT('',(-0.8,1.65,0.6));
#7386 = VECTOR('',#7387,1.);
#7387 = DIRECTION('',(-6.7E-16,1.,-1.44E-15));
#7388 = ORIENTED_EDGE('',*,*,#7389,.F.);
#7389 = EDGE_CURVE('',#7390,#7382,#7392,.T.);
#7390 = VERTEX_POINT('',#7391);
#7391 = CARTESIAN_POINT('',(-0.8,0.85,-1.E-15));
#7392 = LINE('',#7393,#7394);
#7393 = CARTESIAN_POINT('',(-0.8,0.85,-5.7E-16));
#7394 = VECTOR('',#7395,1.);
#7395 = DIRECTION('',(-1.E-15,-3.3E-16,1.));
#7396 = ORIENTED_EDGE('',*,*,#7397,.F.);
#7397 = EDGE_CURVE('',#7370,#7390,#7398,.T.);
#7398 = LINE('',#7399,#7400);
#7399 = CARTESIAN_POINT('',(-0.8,3.1,-2.14E-15));
#7400 = VECTOR('',#7401,1.);
#7401 = DIRECTION('',(8.9E-16,-1.,7.8E-16));
#7402 = PLANE('',#7403);
#7403 = AXIS2_PLACEMENT_3D('',#7404,#7405,#7406);
#7404 = CARTESIAN_POINT('',(-0.8,3.1,-2.32E-15));
#7405 = DIRECTION('',(1.,-2.2E-16,1.1E-16));
#7406 = DIRECTION('',(-2.2E-16,-1.,7.8E-16));
#7407 = ADVANCED_FACE('',(#7408),#7427,.T.);
#7408 = FACE_BOUND('',#7409,.F.);
#7409 = EDGE_LOOP('',(#7410,#7411,#7419,#7426));
#7410 = ORIENTED_EDGE('',*,*,#7369,.T.);
#7411 = ORIENTED_EDGE('',*,*,#7412,.T.);
#7412 = EDGE_CURVE('',#7370,#7413,#7415,.T.);
#7413 = VERTEX_POINT('',#7414);
#7414 = CARTESIAN_POINT('',(0.8,2.600000000001,-4.E-15));
#7415 = LINE('',#7416,#7417);
#7416 = CARTESIAN_POINT('',(-1.2,2.600000000001,-4.57E-15));
#7417 = VECTOR('',#7418,1.);
#7418 = DIRECTION('',(1.,-1.11E-15,-2.8E-16));
#7419 = ORIENTED_EDGE('',*,*,#7420,.F.);
#7420 = EDGE_CURVE('',#6573,#7413,#7421,.T.);
#7421 = CIRCLE('',#7422,0.5);
#7422 = AXIS2_PLACEMENT_3D('',#7423,#7424,#7425);
#7423 = CARTESIAN_POINT('',(0.8,2.600000000001,0.5));
#7424 = DIRECTION('',(-1.,4.4E-16,-1.67E-15));
#7425 = DIRECTION('',(4.4E-16,1.,-2.33E-15));
#7426 = ORIENTED_EDGE('',*,*,#6580,.F.);
#7427 = CYLINDRICAL_SURFACE('',#7428,0.5);
#7428 = AXIS2_PLACEMENT_3D('',#7429,#7430,#7431);
#7429 = CARTESIAN_POINT('',(-1.2,2.600000000001,0.5));
#7430 = DIRECTION('',(-1.,8.9E-16,1.1E-16));
#7431 = DIRECTION('',(8.9E-16,1.,-1.89E-15));
#7432 = ADVANCED_FACE('',(#7433),#7444,.T.);
#7433 = FACE_BOUND('',#7434,.T.);
#7434 = EDGE_LOOP('',(#7435,#7436,#7437,#7443));
#7435 = ORIENTED_EDGE('',*,*,#7283,.F.);
#7436 = ORIENTED_EDGE('',*,*,#6796,.F.);
#7437 = ORIENTED_EDGE('',*,*,#7438,.F.);
#7438 = EDGE_CURVE('',#6549,#6789,#7439,.T.);
#7439 = LINE('',#7440,#7441);
#7440 = CARTESIAN_POINT('',(1.2,-1.112514950396,2.8));
#7441 = VECTOR('',#7442,1.);
#7442 = DIRECTION('',(4.4E-16,-1.,1.E-15));
#7443 = ORIENTED_EDGE('',*,*,#6548,.F.);
#7444 = PLANE('',#7445);
#7445 = AXIS2_PLACEMENT_3D('',#7446,#7447,#7448);
#7446 = CARTESIAN_POINT('',(2.4,-3.,2.8));
#7447 = DIRECTION('',(-1.44E-15,-7.8E-16,1.));
#7448 = DIRECTION('',(-1.,6.7E-16,-1.44E-15));
#7449 = ADVANCED_FACE('',(#7450),#7483,.T.);
#7450 = FACE_BOUND('',#7451,.T.);
#7451 = EDGE_LOOP('',(#7452,#7453,#7454,#7460,#7461,#7469,#7477));
#7452 = ORIENTED_EDGE('',*,*,#7420,.F.);
#7453 = ORIENTED_EDGE('',*,*,#6572,.T.);
#7454 = ORIENTED_EDGE('',*,*,#7455,.T.);
#7455 = EDGE_CURVE('',#6565,#6773,#7456,.T.);
#7456 = LINE('',#7457,#7458);
#7457 = CARTESIAN_POINT('',(0.8,3.1,0.75));
#7458 = VECTOR('',#7459,1.);
#7459 = DIRECTION('',(8.9E-16,-1.,7.8E-16));
#7460 = ORIENTED_EDGE('',*,*,#6772,.F.);
#7461 = ORIENTED_EDGE('',*,*,#7462,.F.);
#7462 = EDGE_CURVE('',#7463,#6765,#7465,.T.);
#7463 = VERTEX_POINT('',#7464);
#7464 = CARTESIAN_POINT('',(0.8,0.85,0.6));
#7465 = LINE('',#7466,#7467);
#7466 = CARTESIAN_POINT('',(0.8,1.65,0.6));
#7467 = VECTOR('',#7468,1.);
#7468 = DIRECTION('',(-6.7E-16,1.,-1.44E-15));
#7469 = ORIENTED_EDGE('',*,*,#7470,.F.);
#7470 = EDGE_CURVE('',#7471,#7463,#7473,.T.);
#7471 = VERTEX_POINT('',#7472);
#7472 = CARTESIAN_POINT('',(0.8,0.85,-1.E-15));
#7473 = LINE('',#7474,#7475);
#7474 = CARTESIAN_POINT('',(0.8,0.85,-7.5E-16));
#7475 = VECTOR('',#7476,1.);
#7476 = DIRECTION('',(-1.E-15,-3.3E-16,1.));
#7477 = ORIENTED_EDGE('',*,*,#7478,.F.);
#7478 = EDGE_CURVE('',#7413,#7471,#7479,.T.);
#7479 = LINE('',#7480,#7481);
#7480 = CARTESIAN_POINT('',(0.8,3.1,-2.68E-15));
#7481 = VECTOR('',#7482,1.);
#7482 = DIRECTION('',(8.9E-16,-1.,7.8E-16));
#7483 = PLANE('',#7484);
#7484 = AXIS2_PLACEMENT_3D('',#7485,#7486,#7487);
#7485 = CARTESIAN_POINT('',(0.8,3.1,-2.5E-15));
#7486 = DIRECTION('',(1.,-2.2E-16,1.1E-16));
#7487 = DIRECTION('',(-2.2E-16,-1.,7.8E-16));
#7488 = ADVANCED_FACE('',(#7489),#7500,.T.);
#7489 = FACE_BOUND('',#7490,.T.);
#7490 = EDGE_LOOP('',(#7491,#7492,#7498,#7499));
#7491 = ORIENTED_EDGE('',*,*,#6788,.F.);
#7492 = ORIENTED_EDGE('',*,*,#7493,.F.);
#7493 = EDGE_CURVE('',#6557,#6781,#7494,.T.);
#7494 = LINE('',#7495,#7496);
#7495 = CARTESIAN_POINT('',(1.2,1.247322696217,0.75));
#7496 = VECTOR('',#7497,1.);
#7497 = DIRECTION('',(-6.7E-16,-1.,5.6E-16));
#7498 = ORIENTED_EDGE('',*,*,#6556,.F.);
#7499 = ORIENTED_EDGE('',*,*,#7438,.T.);
#7500 = PLANE('',#7501);
#7501 = AXIS2_PLACEMENT_3D('',#7502,#7503,#7504);
#7502 = CARTESIAN_POINT('',(1.2,0.774970099209,1.104489588366));
#7503 = DIRECTION('',(1.,-1.11E-15,-5.6E-16));
#7504 = DIRECTION('',(5.6E-16,-1.44E-15,1.));
#7505 = ADVANCED_FACE('',(#7506),#7512,.F.);
#7506 = FACE_BOUND('',#7507,.F.);
#7507 = EDGE_LOOP('',(#7508,#7509,#7510,#7511));
#7508 = ORIENTED_EDGE('',*,*,#7455,.T.);
#7509 = ORIENTED_EDGE('',*,*,#6780,.F.);
#7510 = ORIENTED_EDGE('',*,*,#7493,.F.);
#7511 = ORIENTED_EDGE('',*,*,#6564,.T.);
#7512 = PLANE('',#7513);
#7513 = AXIS2_PLACEMENT_3D('',#7514,#7515,#7516);
#7514 = CARTESIAN_POINT('',(-1.78E-15,1.719675293224,0.75));
#7515 = DIRECTION('',(-1.E-15,-5.6E-16,1.));
#7516 = DIRECTION('',(1.,-4.4E-16,1.E-15));
#7517 = ADVANCED_FACE('',(#7518),#7545,.T.);
#7518 = FACE_BOUND('',#7519,.T.);
#7519 = EDGE_LOOP('',(#7520,#7521,#7529,#7538));
#7520 = ORIENTED_EDGE('',*,*,#6612,.T.);
#7521 = ORIENTED_EDGE('',*,*,#7522,.T.);
#7522 = EDGE_CURVE('',#6615,#7523,#7525,.T.);
#7523 = VERTEX_POINT('',#7524);
#7524 = CARTESIAN_POINT('',(0.6,3.588840966857,1.254525522281));
#7525 = LINE('',#7526,#7527);
#7526 = CARTESIAN_POINT('',(0.6,2.991323630351,1.199999999993));
#7527 = VECTOR('',#7528,1.);
#7528 = DIRECTION('',(-2.5E-16,0.995862227502,9.087587047949E-02));
#7529 = ORIENTED_EDGE('',*,*,#7530,.T.);
#7530 = EDGE_CURVE('',#7523,#7531,#7533,.T.);
#7531 = VERTEX_POINT('',#7532);
#7532 = CARTESIAN_POINT('',(0.6,3.235125962887,2.120668839071));
#7533 = CIRCLE('',#7534,1.6);
#7534 = AXIS2_PLACEMENT_3D('',#7535,#7536,#7537);
#7535 = CARTESIAN_POINT('',(0.6,1.995461863956,1.109119076621));
#7536 = DIRECTION('',(1.,2.2E-16,3.3E-16));
#7537 = DIRECTION('',(-2.2E-16,1.,-3.3E-16));
#7538 = ORIENTED_EDGE('',*,*,#7539,.F.);
#7539 = EDGE_CURVE('',#6613,#7531,#7540,.T.);
#7540 = CIRCLE('',#7541,0.6);
#7541 = AXIS2_PLACEMENT_3D('',#7542,#7543,#7544);
#7542 = CARTESIAN_POINT('',(0.6,3.7,2.5));
#7543 = DIRECTION('',(1.,2.2E-16,3.3E-16));
#7544 = DIRECTION('',(-2.2E-16,1.,-3.3E-16));
#7545 = PLANE('',#7546);
#7546 = AXIS2_PLACEMENT_3D('',#7547,#7548,#7549);
#7547 = CARTESIAN_POINT('',(0.6,3.038884217096,1.863754103903));
#7548 = DIRECTION('',(1.,-4.4E-16,1.1E-16));
#7549 = DIRECTION('',(-1.1E-16,-1.1E-16,1.));
#7550 = ADVANCED_FACE('',(#7551),#7585,.F.);
#7551 = FACE_BOUND('',#7552,.F.);
#7552 = EDGE_LOOP('',(#7553,#7562,#7563,#7569,#7570,#7578));
#7553 = ORIENTED_EDGE('',*,*,#7554,.F.);
#7554 = EDGE_CURVE('',#6823,#7555,#7557,.T.);
#7555 = VERTEX_POINT('',#7556);
#7556 = CARTESIAN_POINT('',(0.6,2.770251925796,1.741337678159));
#7557 = CIRCLE('',#7558,1.2);
#7558 = AXIS2_PLACEMENT_3D('',#7559,#7560,#7561);
#7559 = CARTESIAN_POINT('',(0.6,3.7,2.5));
#7560 = DIRECTION('',(1.,2.2E-16,3.3E-16));
#7561 = DIRECTION('',(-2.2E-16,1.,-3.3E-16));
#7562 = ORIENTED_EDGE('',*,*,#6832,.F.);
#7563 = ORIENTED_EDGE('',*,*,#7564,.F.);
#7564 = EDGE_CURVE('',#6647,#6833,#7565,.T.);
#7565 = LINE('',#7566,#7567);
#7566 = CARTESIAN_POINT('',(0.6,3.1,1.));
#7567 = VECTOR('',#7568,1.);
#7568 = DIRECTION('',(5.6E-16,-1.,5.6E-16));
#7569 = ORIENTED_EDGE('',*,*,#6654,.F.);
#7570 = ORIENTED_EDGE('',*,*,#7571,.F.);
#7571 = EDGE_CURVE('',#7572,#6615,#7574,.T.);
#7572 = VERTEX_POINT('',#7573);
#7573 = CARTESIAN_POINT('',(0.6,2.991323630351,1.199999999993));
#7574 = LINE('',#7575,#7576);
#7575 = CARTESIAN_POINT('',(0.6,2.991323630351,1.199999999993));
#7576 = VECTOR('',#7577,1.);
#7577 = DIRECTION('',(-2.5E-16,0.995862227502,9.087587047949E-02));
#7578 = ORIENTED_EDGE('',*,*,#7579,.T.);
#7579 = EDGE_CURVE('',#7572,#7555,#7580,.T.);
#7580 = CIRCLE('',#7581,1.);
#7581 = AXIS2_PLACEMENT_3D('',#7582,#7583,#7584);
#7582 = CARTESIAN_POINT('',(0.6,1.995461863956,1.109119076621));
#7583 = DIRECTION('',(1.,2.2E-16,3.3E-16));
#7584 = DIRECTION('',(-2.2E-16,1.,-3.3E-16));
#7585 = PLANE('',#7586);
#7586 = AXIS2_PLACEMENT_3D('',#7587,#7588,#7589);
#7587 = CARTESIAN_POINT('',(0.6,2.8,1.75));
#7588 = DIRECTION('',(1.,-5.6E-16,0.));
#7589 = DIRECTION('',(-1.848E-31,-3.3E-16,1.));
#7590 = ADVANCED_FACE('',(#7591),#7602,.T.);
#7591 = FACE_BOUND('',#7592,.T.);
#7592 = EDGE_LOOP('',(#7593,#7594,#7600,#7601));
#7593 = ORIENTED_EDGE('',*,*,#6646,.T.);
#7594 = ORIENTED_EDGE('',*,*,#7595,.T.);
#7595 = EDGE_CURVE('',#6639,#6841,#7596,.T.);
#7596 = LINE('',#7597,#7598);
#7597 = CARTESIAN_POINT('',(-0.6,3.1,1.));
#7598 = VECTOR('',#7599,1.);
#7599 = DIRECTION('',(5.6E-16,-1.,5.6E-16));
#7600 = ORIENTED_EDGE('',*,*,#6840,.F.);
#7601 = ORIENTED_EDGE('',*,*,#7564,.F.);
#7602 = PLANE('',#7603);
#7603 = AXIS2_PLACEMENT_3D('',#7604,#7605,#7606);
#7604 = CARTESIAN_POINT('',(0.6,3.1,1.));
#7605 = DIRECTION('',(-7.2E-16,3.3E-16,1.));
#7606 = DIRECTION('',(1.1E-16,-1.,3.3E-16));
#7607 = ADVANCED_FACE('',(#7608),#7635,.F.);
#7608 = FACE_BOUND('',#7609,.F.);
#7609 = EDGE_LOOP('',(#7610,#7611,#7619,#7628));
#7610 = ORIENTED_EDGE('',*,*,#6630,.T.);
#7611 = ORIENTED_EDGE('',*,*,#7612,.T.);
#7612 = EDGE_CURVE('',#6631,#7613,#7615,.T.);
#7613 = VERTEX_POINT('',#7614);
#7614 = CARTESIAN_POINT('',(-0.6,3.588840966857,1.254525522281));
#7615 = LINE('',#7616,#7617);
#7616 = CARTESIAN_POINT('',(-0.6,2.991323630351,1.199999999993));
#7617 = VECTOR('',#7618,1.);
#7618 = DIRECTION('',(-2.5E-16,0.995862227502,9.087587047949E-02));
#7619 = ORIENTED_EDGE('',*,*,#7620,.T.);
#7620 = EDGE_CURVE('',#7613,#7621,#7623,.T.);
#7621 = VERTEX_POINT('',#7622);
#7622 = CARTESIAN_POINT('',(-0.6,3.235125962887,2.120668839071));
#7623 = CIRCLE('',#7624,1.6);
#7624 = AXIS2_PLACEMENT_3D('',#7625,#7626,#7627);
#7625 = CARTESIAN_POINT('',(-0.6,1.995461863956,1.109119076621));
#7626 = DIRECTION('',(1.,2.2E-16,3.3E-16));
#7627 = DIRECTION('',(-2.2E-16,1.,-3.3E-16));
#7628 = ORIENTED_EDGE('',*,*,#7629,.F.);
#7629 = EDGE_CURVE('',#6623,#7621,#7630,.T.);
#7630 = CIRCLE('',#7631,0.6);
#7631 = AXIS2_PLACEMENT_3D('',#7632,#7633,#7634);
#7632 = CARTESIAN_POINT('',(-0.6,3.7,2.5));
#7633 = DIRECTION('',(1.,2.2E-16,3.3E-16));
#7634 = DIRECTION('',(-2.2E-16,1.,-3.3E-16));
#7635 = PLANE('',#7636);
#7636 = AXIS2_PLACEMENT_3D('',#7637,#7638,#7639);
#7637 = CARTESIAN_POINT('',(-0.6,3.038884217096,1.863754103903));
#7638 = DIRECTION('',(1.,-4.4E-16,1.1E-16));
#7639 = DIRECTION('',(-1.1E-16,-1.1E-16,1.));
#7640 = ADVANCED_FACE('',(#7641),#7670,.T.);
#7641 = FACE_BOUND('',#7642,.T.);
#7642 = EDGE_LOOP('',(#7643,#7652,#7653,#7654,#7655,#7663));
#7643 = ORIENTED_EDGE('',*,*,#7644,.F.);
#7644 = EDGE_CURVE('',#6825,#7645,#7647,.T.);
#7645 = VERTEX_POINT('',#7646);
#7646 = CARTESIAN_POINT('',(-0.6,2.770251925796,1.741337678159));
#7647 = CIRCLE('',#7648,1.2);
#7648 = AXIS2_PLACEMENT_3D('',#7649,#7650,#7651);
#7649 = CARTESIAN_POINT('',(-0.6,3.7,2.5));
#7650 = DIRECTION('',(1.,2.2E-16,3.3E-16));
#7651 = DIRECTION('',(-2.2E-16,1.,-3.3E-16));
#7652 = ORIENTED_EDGE('',*,*,#6848,.F.);
#7653 = ORIENTED_EDGE('',*,*,#7595,.F.);
#7654 = ORIENTED_EDGE('',*,*,#6638,.F.);
#7655 = ORIENTED_EDGE('',*,*,#7656,.F.);
#7656 = EDGE_CURVE('',#7657,#6631,#7659,.T.);
#7657 = VERTEX_POINT('',#7658);
#7658 = CARTESIAN_POINT('',(-0.6,2.991323630351,1.199999999993));
#7659 = LINE('',#7660,#7661);
#7660 = CARTESIAN_POINT('',(-0.6,2.991323630351,1.199999999993));
#7661 = VECTOR('',#7662,1.);
#7662 = DIRECTION('',(-2.5E-16,0.995862227502,9.087587047949E-02));
#7663 = ORIENTED_EDGE('',*,*,#7664,.T.);
#7664 = EDGE_CURVE('',#7657,#7645,#7665,.T.);
#7665 = CIRCLE('',#7666,1.);
#7666 = AXIS2_PLACEMENT_3D('',#7667,#7668,#7669);
#7667 = CARTESIAN_POINT('',(-0.6,1.995461863956,1.109119076621));
#7668 = DIRECTION('',(1.,2.2E-16,3.3E-16));
#7669 = DIRECTION('',(-2.2E-16,1.,-3.3E-16));
#7670 = PLANE('',#7671);
#7671 = AXIS2_PLACEMENT_3D('',#7672,#7673,#7674);
#7672 = CARTESIAN_POINT('',(-0.6,2.8,1.75));
#7673 = DIRECTION('',(1.,-5.6E-16,0.));
#7674 = DIRECTION('',(-1.848E-31,-3.3E-16,1.));
#7675 = ADVANCED_FACE('',(#7676),#7687,.F.);
#7676 = FACE_BOUND('',#7677,.T.);
#7677 = EDGE_LOOP('',(#7678,#7679,#7680,#7686));
#7678 = ORIENTED_EDGE('',*,*,#6622,.F.);
#7679 = ORIENTED_EDGE('',*,*,#7539,.T.);
#7680 = ORIENTED_EDGE('',*,*,#7681,.F.);
#7681 = EDGE_CURVE('',#7621,#7531,#7682,.T.);
#7682 = LINE('',#7683,#7684);
#7683 = CARTESIAN_POINT('',(-0.6,3.235125962887,2.120668839071));
#7684 = VECTOR('',#7685,1.);
#7685 = DIRECTION('',(1.,-4.4E-16,3.9E-16));
#7686 = ORIENTED_EDGE('',*,*,#7629,.F.);
#7687 = CYLINDRICAL_SURFACE('',#7688,0.6);
#7688 = AXIS2_PLACEMENT_3D('',#7689,#7690,#7691);
#7689 = CARTESIAN_POINT('',(-0.6,3.7,2.5));
#7690 = DIRECTION('',(-1.,2.2E-16,-5.6E-16));
#7691 = DIRECTION('',(2.2E-16,1.,-5.6E-16));
#7692 = ADVANCED_FACE('',(#7693),#7736,.T.);
#7693 = FACE_BOUND('',#7694,.T.);
#7694 = EDGE_LOOP('',(#7695,#7703,#7711,#7719,#7727,#7733,#7734,#7735));
#7695 = ORIENTED_EDGE('',*,*,#7696,.F.);
#7696 = EDGE_CURVE('',#7697,#7382,#7699,.T.);
#7697 = VERTEX_POINT('',#7698);
#7698 = CARTESIAN_POINT('',(-0.45,0.5,0.6));
#7699 = LINE('',#7700,#7701);
#7700 = CARTESIAN_POINT('',(-0.7375,0.7875,0.6));
#7701 = VECTOR('',#7702,1.);
#7702 = DIRECTION('',(-0.707106781187,0.707106781187,-2.08E-15));
#7703 = ORIENTED_EDGE('',*,*,#7704,.T.);
#7704 = EDGE_CURVE('',#7697,#7705,#7707,.T.);
#7705 = VERTEX_POINT('',#7706);
#7706 = CARTESIAN_POINT('',(-0.45,0.2,0.6));
#7707 = LINE('',#7708,#7709);
#7708 = CARTESIAN_POINT('',(-0.45,-0.4,0.6));
#7709 = VECTOR('',#7710,1.);
#7710 = DIRECTION('',(1.67E-15,-1.,1.78E-15));
#7711 = ORIENTED_EDGE('',*,*,#7712,.T.);
#7712 = EDGE_CURVE('',#7705,#7713,#7715,.T.);
#7713 = VERTEX_POINT('',#7714);
#7714 = CARTESIAN_POINT('',(0.45,0.2,0.6));
#7715 = LINE('',#7716,#7717);
#7716 = CARTESIAN_POINT('',(-1.2,0.2,0.6));
#7717 = VECTOR('',#7718,1.);
#7718 = DIRECTION('',(1.,-1.11E-15,-2.8E-16));
#7719 = ORIENTED_EDGE('',*,*,#7720,.F.);
#7720 = EDGE_CURVE('',#7721,#7713,#7723,.T.);
#7721 = VERTEX_POINT('',#7722);
#7722 = CARTESIAN_POINT('',(0.45,0.5,0.6));
#7723 = LINE('',#7724,#7725);
#7724 = CARTESIAN_POINT('',(0.45,-0.4,0.6));
#7725 = VECTOR('',#7726,1.);
#7726 = DIRECTION('',(1.67E-15,-1.,1.78E-15));
#7727 = ORIENTED_EDGE('',*,*,#7728,.T.);
#7728 = EDGE_CURVE('',#7721,#7463,#7729,.T.);
#7729 = LINE('',#7730,#7731);
#7730 = CARTESIAN_POINT('',(0.1375,0.1875,0.6));
#7731 = VECTOR('',#7732,1.);
#7732 = DIRECTION('',(0.707106781187,0.707106781187,4.E-17));
#7733 = ORIENTED_EDGE('',*,*,#7462,.T.);
#7734 = ORIENTED_EDGE('',*,*,#6764,.F.);
#7735 = ORIENTED_EDGE('',*,*,#7381,.F.);
#7736 = PLANE('',#7737);
#7737 = AXIS2_PLACEMENT_3D('',#7738,#7739,#7740);
#7738 = CARTESIAN_POINT('',(-1.2,0.2,0.6));
#7739 = DIRECTION('',(-2.39E-15,-7.8E-16,1.));
#7740 = DIRECTION('',(-1.78E-15,1.,7.8E-16));
#7741 = ADVANCED_FACE('',(#7742),#7753,.T.);
#7742 = FACE_BOUND('',#7743,.F.);
#7743 = EDGE_LOOP('',(#7744,#7745,#7746,#7752));
#7744 = ORIENTED_EDGE('',*,*,#6822,.F.);
#7745 = ORIENTED_EDGE('',*,*,#7554,.T.);
#7746 = ORIENTED_EDGE('',*,*,#7747,.F.);
#7747 = EDGE_CURVE('',#7645,#7555,#7748,.T.);
#7748 = LINE('',#7749,#7750);
#7749 = CARTESIAN_POINT('',(-0.6,2.770251925796,1.741337678159));
#7750 = VECTOR('',#7751,1.);
#7751 = DIRECTION('',(1.,-4.4E-16,3.9E-16));
#7752 = ORIENTED_EDGE('',*,*,#7644,.F.);
#7753 = CYLINDRICAL_SURFACE('',#7754,1.2);
#7754 = AXIS2_PLACEMENT_3D('',#7755,#7756,#7757);
#7755 = CARTESIAN_POINT('',(-0.6,3.7,2.5));
#7756 = DIRECTION('',(-1.,2.2E-16,-5.6E-16));
#7757 = DIRECTION('',(2.2E-16,1.,-5.6E-16));
#7758 = ADVANCED_FACE('',(#7759),#7802,.F.);
#7759 = FACE_BOUND('',#7760,.F.);
#7760 = EDGE_LOOP('',(#7761,#7769,#7777,#7785,#7793,#7799,#7800,#7801));
#7761 = ORIENTED_EDGE('',*,*,#7762,.T.);
#7762 = EDGE_CURVE('',#7390,#7763,#7765,.T.);
#7763 = VERTEX_POINT('',#7764);
#7764 = CARTESIAN_POINT('',(-0.45,0.5,-2.E-15));
#7765 = LINE('',#7766,#7767);
#7766 = CARTESIAN_POINT('',(-0.8,0.85,-3.9E-16));
#7767 = VECTOR('',#7768,1.);
#7768 = DIRECTION('',(0.707106781187,-0.707106781187,3.1E-16));
#7769 = ORIENTED_EDGE('',*,*,#7770,.T.);
#7770 = EDGE_CURVE('',#7763,#7771,#7773,.T.);
#7771 = VERTEX_POINT('',#7772);
#7772 = CARTESIAN_POINT('',(-0.45,0.3,-1.E-15));
#7773 = LINE('',#7774,#7775);
#7774 = CARTESIAN_POINT('',(-0.45,-0.35,7.8E-16));
#7775 = VECTOR('',#7776,1.);
#7776 = DIRECTION('',(1.67E-15,-1.,1.78E-15));
#7777 = ORIENTED_EDGE('',*,*,#7778,.T.);
#7778 = EDGE_CURVE('',#7771,#7779,#7781,.T.);
#7779 = VERTEX_POINT('',#7780);
#7780 = CARTESIAN_POINT('',(0.45,0.3,0.));
#7781 = LINE('',#7782,#7783);
#7782 = CARTESIAN_POINT('',(-1.2,0.3,-2.3E-16));
#7783 = VECTOR('',#7784,1.);
#7784 = DIRECTION('',(1.,-1.11E-15,-2.8E-16));
#7785 = ORIENTED_EDGE('',*,*,#7786,.F.);
#7786 = EDGE_CURVE('',#7787,#7779,#7789,.T.);
#7787 = VERTEX_POINT('',#7788);
#7788 = CARTESIAN_POINT('',(0.45,0.5,-1.E-15));
#7789 = LINE('',#7790,#7791);
#7790 = CARTESIAN_POINT('',(0.45,-0.35,8.8E-16));
#7791 = VECTOR('',#7792,1.);
#7792 = DIRECTION('',(1.67E-15,-1.,1.78E-15));
#7793 = ORIENTED_EDGE('',*,*,#7794,.F.);
#7794 = EDGE_CURVE('',#7471,#7787,#7795,.T.);
#7795 = LINE('',#7796,#7797);
#7796 = CARTESIAN_POINT('',(0.8,0.85,-9.3E-16));
#7797 = VECTOR('',#7798,1.);
#7798 = DIRECTION('',(-0.707106781187,-0.707106781187,7.9E-16));
#7799 = ORIENTED_EDGE('',*,*,#7478,.F.);
#7800 = ORIENTED_EDGE('',*,*,#7412,.F.);
#7801 = ORIENTED_EDGE('',*,*,#7397,.T.);
#7802 = PLANE('',#7803);
#7803 = AXIS2_PLACEMENT_3D('',#7804,#7805,#7806);
#7804 = CARTESIAN_POINT('',(-1.2,0.3,-2.3E-16));
#7805 = DIRECTION('',(-2.39E-15,-7.8E-16,1.));
#7806 = DIRECTION('',(-1.78E-15,1.,7.8E-16));
#7807 = ADVANCED_FACE('',(#7808),#7819,.F.);
#7808 = FACE_BOUND('',#7809,.F.);
#7809 = EDGE_LOOP('',(#7810,#7811,#7812,#7813));
#7810 = ORIENTED_EDGE('',*,*,#7762,.F.);
#7811 = ORIENTED_EDGE('',*,*,#7389,.T.);
#7812 = ORIENTED_EDGE('',*,*,#7696,.F.);
#7813 = ORIENTED_EDGE('',*,*,#7814,.T.);
#7814 = EDGE_CURVE('',#7697,#7763,#7815,.T.);
#7815 = LINE('',#7816,#7817);
#7816 = CARTESIAN_POINT('',(-0.45,0.5,0.75));
#7817 = VECTOR('',#7818,1.);
#7818 = DIRECTION('',(2.E-15,1.44E-15,-1.));
#7819 = PLANE('',#7820);
#7820 = AXIS2_PLACEMENT_3D('',#7821,#7822,#7823);
#7821 = CARTESIAN_POINT('',(-0.8,0.85,-5.7E-16));
#7822 = DIRECTION('',(0.707106781187,0.707106781187,-3.1E-16));
#7823 = DIRECTION('',(0.707106781187,-0.707106781187,4.7E-16));
#7824 = ADVANCED_FACE('',(#7825),#7836,.T.);
#7825 = FACE_BOUND('',#7826,.T.);
#7826 = EDGE_LOOP('',(#7827,#7828,#7829,#7830));
#7827 = ORIENTED_EDGE('',*,*,#7794,.F.);
#7828 = ORIENTED_EDGE('',*,*,#7470,.T.);
#7829 = ORIENTED_EDGE('',*,*,#7728,.F.);
#7830 = ORIENTED_EDGE('',*,*,#7831,.T.);
#7831 = EDGE_CURVE('',#7721,#7787,#7832,.T.);
#7832 = LINE('',#7833,#7834);
#7833 = CARTESIAN_POINT('',(0.45,0.5,0.75));
#7834 = VECTOR('',#7835,1.);
#7835 = DIRECTION('',(2.E-15,1.44E-15,-1.));
#7836 = PLANE('',#7837);
#7837 = AXIS2_PLACEMENT_3D('',#7838,#7839,#7840);
#7838 = CARTESIAN_POINT('',(0.8,0.85,-7.5E-16));
#7839 = DIRECTION('',(0.707106781187,-0.707106781187,4.7E-16));
#7840 = DIRECTION('',(-0.707106781187,-0.707106781187,6.3E-16));
#7841 = ADVANCED_FACE('',(#7842),#7853,.T.);
#7842 = FACE_BOUND('',#7843,.F.);
#7843 = EDGE_LOOP('',(#7844,#7850,#7851,#7852));
#7844 = ORIENTED_EDGE('',*,*,#7845,.T.);
#7845 = EDGE_CURVE('',#7613,#7523,#7846,.T.);
#7846 = LINE('',#7847,#7848);
#7847 = CARTESIAN_POINT('',(-0.6,3.588840966857,1.254525522281));
#7848 = VECTOR('',#7849,1.);
#7849 = DIRECTION('',(1.,-4.4E-16,3.9E-16));
#7850 = ORIENTED_EDGE('',*,*,#7530,.T.);
#7851 = ORIENTED_EDGE('',*,*,#7681,.F.);
#7852 = ORIENTED_EDGE('',*,*,#7620,.F.);
#7853 = CYLINDRICAL_SURFACE('',#7854,1.6);
#7854 = AXIS2_PLACEMENT_3D('',#7855,#7856,#7857);
#7855 = CARTESIAN_POINT('',(-0.6,1.995461863956,1.109119076621));
#7856 = DIRECTION('',(-1.,2.2E-16,-5.6E-16));
#7857 = DIRECTION('',(2.2E-16,1.,-5.6E-16));
#7858 = ADVANCED_FACE('',(#7859),#7872,.F.);
#7859 = FACE_BOUND('',#7860,.F.);
#7860 = EDGE_LOOP('',(#7861,#7867,#7868,#7869,#7870,#7871));
#7861 = ORIENTED_EDGE('',*,*,#7862,.T.);
#7862 = EDGE_CURVE('',#7657,#7572,#7863,.T.);
#7863 = LINE('',#7864,#7865);
#7864 = CARTESIAN_POINT('',(-0.6,2.991323630351,1.199999999993));
#7865 = VECTOR('',#7866,1.);
#7866 = DIRECTION('',(1.,-4.4E-16,3.9E-16));
#7867 = ORIENTED_EDGE('',*,*,#7571,.T.);
#7868 = ORIENTED_EDGE('',*,*,#7522,.T.);
#7869 = ORIENTED_EDGE('',*,*,#7845,.F.);
#7870 = ORIENTED_EDGE('',*,*,#7612,.F.);
#7871 = ORIENTED_EDGE('',*,*,#7656,.F.);
#7872 = PLANE('',#7873);
#7873 = AXIS2_PLACEMENT_3D('',#7874,#7875,#7876);
#7874 = CARTESIAN_POINT('',(-0.6,2.991323630351,1.199999999993));
#7875 = DIRECTION('',(-4.3E-16,-9.087587047949E-02,0.995862227502));
#7876 = DIRECTION('',(1.7E-16,0.995862227502,9.087587047949E-02));
#7877 = ADVANCED_FACE('',(#7878),#7884,.F.);
#7878 = FACE_BOUND('',#7879,.T.);
#7879 = EDGE_LOOP('',(#7880,#7881,#7882,#7883));
#7880 = ORIENTED_EDGE('',*,*,#7862,.T.);
#7881 = ORIENTED_EDGE('',*,*,#7579,.T.);
#7882 = ORIENTED_EDGE('',*,*,#7747,.F.);
#7883 = ORIENTED_EDGE('',*,*,#7664,.F.);
#7884 = CYLINDRICAL_SURFACE('',#7885,1.);
#7885 = AXIS2_PLACEMENT_3D('',#7886,#7887,#7888);
#7886 = CARTESIAN_POINT('',(-0.6,1.995461863956,1.109119076621));
#7887 = DIRECTION('',(-1.,2.2E-16,-5.6E-16));
#7888 = DIRECTION('',(2.2E-16,1.,-5.6E-16));
#7889 = ADVANCED_FACE('',(#7890),#7926,.F.);
#7890 = FACE_BOUND('',#7891,.F.);
#7891 = EDGE_LOOP('',(#7892,#7893,#7894,#7895,#7903,#7911,#7919));
#7892 = ORIENTED_EDGE('',*,*,#7720,.F.);
#7893 = ORIENTED_EDGE('',*,*,#7831,.T.);
#7894 = ORIENTED_EDGE('',*,*,#7786,.T.);
#7895 = ORIENTED_EDGE('',*,*,#7896,.F.);
#7896 = EDGE_CURVE('',#7897,#7779,#7899,.T.);
#7897 = VERTEX_POINT('',#7898);
#7898 = CARTESIAN_POINT('',(0.45,0.3,-3.));
#7899 = LINE('',#7900,#7901);
#7900 = CARTESIAN_POINT('',(0.45,0.3,0.375));
#7901 = VECTOR('',#7902,1.);
#7902 = DIRECTION('',(-2.E-15,-4.4E-16,1.));
#7903 = ORIENTED_EDGE('',*,*,#7904,.F.);
#7904 = EDGE_CURVE('',#7905,#7897,#7907,.T.);
#7905 = VERTEX_POINT('',#7906);
#7906 = CARTESIAN_POINT('',(0.45,-0.3,-3.));
#7907 = LINE('',#7908,#7909);
#7908 = CARTESIAN_POINT('',(0.45,-1.,-3.));
#7909 = VECTOR('',#7910,1.);
#7910 = DIRECTION('',(-1.67E-15,1.,-1.22E-15));
#7911 = ORIENTED_EDGE('',*,*,#7912,.F.);
#7912 = EDGE_CURVE('',#7913,#7905,#7915,.T.);
#7913 = VERTEX_POINT('',#7914);
#7914 = CARTESIAN_POINT('',(0.45,-0.3,0.1));
#7915 = LINE('',#7916,#7917);
#7916 = CARTESIAN_POINT('',(0.45,-0.3,-1.425));
#7917 = VECTOR('',#7918,1.);
#7918 = DIRECTION('',(2.E-15,4.4E-16,-1.));
#7919 = ORIENTED_EDGE('',*,*,#7920,.T.);
#7920 = EDGE_CURVE('',#7913,#7713,#7921,.T.);
#7921 = CIRCLE('',#7922,0.5);
#7922 = AXIS2_PLACEMENT_3D('',#7923,#7924,#7925);
#7923 = CARTESIAN_POINT('',(0.45,0.2,0.1));
#7924 = DIRECTION('',(-1.,-1.22E-15,-2.33E-15));
#7925 = DIRECTION('',(-1.22E-15,1.,-2.E-15));
#7926 = PLANE('',#7927);
#7927 = AXIS2_PLACEMENT_3D('',#7928,#7929,#7930);
#7928 = CARTESIAN_POINT('',(0.45,-1.,0.75));
#7929 = DIRECTION('',(-1.,5.6E-16,2.2E-16));
#7930 = DIRECTION('',(-2.2E-16,1.22E-15,-1.));
#7931 = ADVANCED_FACE('',(#7932),#7951,.T.);
#7932 = FACE_BOUND('',#7933,.F.);
#7933 = EDGE_LOOP('',(#7934,#7943,#7944,#7945));
#7934 = ORIENTED_EDGE('',*,*,#7935,.T.);
#7935 = EDGE_CURVE('',#7936,#7705,#7938,.T.);
#7936 = VERTEX_POINT('',#7937);
#7937 = CARTESIAN_POINT('',(-0.45,-0.3,0.1));
#7938 = CIRCLE('',#7939,0.5);
#7939 = AXIS2_PLACEMENT_3D('',#7940,#7941,#7942);
#7940 = CARTESIAN_POINT('',(-0.45,0.2,1.E-01));
#7941 = DIRECTION('',(-1.,-1.22E-15,-2.33E-15));
#7942 = DIRECTION('',(-1.22E-15,1.,-2.E-15));
#7943 = ORIENTED_EDGE('',*,*,#7712,.T.);
#7944 = ORIENTED_EDGE('',*,*,#7920,.F.);
#7945 = ORIENTED_EDGE('',*,*,#7946,.F.);
#7946 = EDGE_CURVE('',#7936,#7913,#7947,.T.);
#7947 = LINE('',#7948,#7949);
#7948 = CARTESIAN_POINT('',(-1.2,-0.3,0.1));
#7949 = VECTOR('',#7950,1.);
#7950 = DIRECTION('',(1.,-1.11E-15,-2.8E-16));
#7951 = CYLINDRICAL_SURFACE('',#7952,0.5);
#7952 = AXIS2_PLACEMENT_3D('',#7953,#7954,#7955);
#7953 = CARTESIAN_POINT('',(-1.2,0.2,0.1));
#7954 = DIRECTION('',(-1.,8.9E-16,1.1E-16));
#7955 = DIRECTION('',(8.9E-16,1.,-1.89E-15));
#7956 = ADVANCED_FACE('',(#7957),#7985,.T.);
#7957 = FACE_BOUND('',#7958,.T.);
#7958 = EDGE_LOOP('',(#7959,#7960,#7961,#7962,#7970,#7978,#7984));
#7959 = ORIENTED_EDGE('',*,*,#7704,.F.);
#7960 = ORIENTED_EDGE('',*,*,#7814,.T.);
#7961 = ORIENTED_EDGE('',*,*,#7770,.T.);
#7962 = ORIENTED_EDGE('',*,*,#7963,.F.);
#7963 = EDGE_CURVE('',#7964,#7771,#7966,.T.);
#7964 = VERTEX_POINT('',#7965);
#7965 = CARTESIAN_POINT('',(-0.45,0.3,-3.));
#7966 = LINE('',#7967,#7968);
#7967 = CARTESIAN_POINT('',(-0.45,0.3,0.375));
#7968 = VECTOR('',#7969,1.);
#7969 = DIRECTION('',(-2.E-15,-4.4E-16,1.));
#7970 = ORIENTED_EDGE('',*,*,#7971,.F.);
#7971 = EDGE_CURVE('',#7972,#7964,#7974,.T.);
#7972 = VERTEX_POINT('',#7973);
#7973 = CARTESIAN_POINT('',(-0.45,-0.3,-3.));
#7974 = LINE('',#7975,#7976);
#7975 = CARTESIAN_POINT('',(-0.45,-1.,-3.));
#7976 = VECTOR('',#7977,1.);
#7977 = DIRECTION('',(-1.67E-15,1.,-1.22E-15));
#7978 = ORIENTED_EDGE('',*,*,#7979,.F.);
#7979 = EDGE_CURVE('',#7936,#7972,#7980,.T.);
#7980 = LINE('',#7981,#7982);
#7981 = CARTESIAN_POINT('',(-0.45,-0.3,-1.425));
#7982 = VECTOR('',#7983,1.);
#7983 = DIRECTION('',(2.E-15,4.4E-16,-1.));
#7984 = ORIENTED_EDGE('',*,*,#7935,.T.);
#7985 = PLANE('',#7986);
#7986 = AXIS2_PLACEMENT_3D('',#7987,#7988,#7989);
#7987 = CARTESIAN_POINT('',(-0.45,-1.,0.75));
#7988 = DIRECTION('',(-1.,5.6E-16,2.2E-16));
#7989 = DIRECTION('',(-2.2E-16,1.22E-15,-1.));
#7990 = ADVANCED_FACE('',(#7991),#8018,.T.);
#7991 = FACE_BOUND('',#7992,.T.);
#7992 = EDGE_LOOP('',(#7993,#7994,#7995,#7996,#8004,#8012));
#7993 = ORIENTED_EDGE('',*,*,#7963,.T.);
#7994 = ORIENTED_EDGE('',*,*,#7778,.T.);
#7995 = ORIENTED_EDGE('',*,*,#7896,.F.);
#7996 = ORIENTED_EDGE('',*,*,#7997,.F.);
#7997 = EDGE_CURVE('',#7998,#7897,#8000,.T.);
#7998 = VERTEX_POINT('',#7999);
#7999 = CARTESIAN_POINT('',(0.201471862576,0.3,-3.6));
#8000 = LINE('',#8001,#8002);
#8001 = CARTESIAN_POINT('',(0.859511633129,0.3,-2.01135146135));
#8002 = VECTOR('',#8003,1.);
#8003 = DIRECTION('',(0.382683432365,-7.9E-16,0.923879532511));
#8004 = ORIENTED_EDGE('',*,*,#8005,.F.);
#8005 = EDGE_CURVE('',#8006,#7998,#8008,.T.);
#8006 = VERTEX_POINT('',#8007);
#8007 = CARTESIAN_POINT('',(-0.201471862576,0.3,-3.6));
#8008 = LINE('',#8009,#8010);
#8009 = CARTESIAN_POINT('',(-1.2,0.3,-3.6));
#8010 = VECTOR('',#8011,1.);
#8011 = DIRECTION('',(1.,-1.11E-15,-2.8E-16));
#8012 = ORIENTED_EDGE('',*,*,#8013,.T.);
#8013 = EDGE_CURVE('',#8006,#7964,#8014,.T.);
#8014 = LINE('',#8015,#8016);
#8015 = CARTESIAN_POINT('',(-1.035247564417,0.3,-1.587087392638));
#8016 = VECTOR('',#8017,1.);
#8017 = DIRECTION('',(-0.382683432365,-3.E-17,0.923879532511));
#8018 = PLANE('',#8019);
#8019 = AXIS2_PLACEMENT_3D('',#8020,#8021,#8022);
#8020 = CARTESIAN_POINT('',(-1.2,0.3,-2.3E-16));
#8021 = DIRECTION('',(-1.55E-15,1.,-1.67E-15));
#8022 = DIRECTION('',(2.55E-15,-1.67E-15,-1.));
#8023 = ADVANCED_FACE('',(#8024),#8051,.T.);
#8024 = FACE_BOUND('',#8025,.T.);
#8025 = EDGE_LOOP('',(#8026,#8034,#8042,#8048,#8049,#8050));
#8026 = ORIENTED_EDGE('',*,*,#8027,.T.);
#8027 = EDGE_CURVE('',#7972,#8028,#8030,.T.);
#8028 = VERTEX_POINT('',#8029);
#8029 = CARTESIAN_POINT('',(-0.201471862576,-0.3,-3.6));
#8030 = LINE('',#8031,#8032);
#8031 = CARTESIAN_POINT('',(-0.39885146135,-0.3,-3.123483495706));
#8032 = VECTOR('',#8033,1.);
#8033 = DIRECTION('',(0.382683432365,3.E-17,-0.923879532511));
#8034 = ORIENTED_EDGE('',*,*,#8035,.T.);
#8035 = EDGE_CURVE('',#8028,#8036,#8038,.T.);
#8036 = VERTEX_POINT('',#8037);
#8037 = CARTESIAN_POINT('',(0.201471862576,-0.3,-3.6));
#8038 = LINE('',#8039,#8040);
#8039 = CARTESIAN_POINT('',(-1.2,-0.3,-3.6));
#8040 = VECTOR('',#8041,1.);
#8041 = DIRECTION('',(1.,-1.11E-15,-2.8E-16));
#8042 = ORIENTED_EDGE('',*,*,#8043,.F.);
#8043 = EDGE_CURVE('',#7905,#8036,#8044,.T.);
#8044 = LINE('',#8045,#8046);
#8045 = CARTESIAN_POINT('',(0.223115530061,-0.3,-3.547747564417));
#8046 = VECTOR('',#8047,1.);
#8047 = DIRECTION('',(-0.382683432365,7.9E-16,-0.923879532511));
#8048 = ORIENTED_EDGE('',*,*,#7912,.F.);
#8049 = ORIENTED_EDGE('',*,*,#7946,.F.);
#8050 = ORIENTED_EDGE('',*,*,#7979,.T.);
#8051 = PLANE('',#8052);
#8052 = AXIS2_PLACEMENT_3D('',#8053,#8054,#8055);
#8053 = CARTESIAN_POINT('',(-1.2,-0.3,-3.6));
#8054 = DIRECTION('',(1.55E-15,-1.,1.67E-15));
#8055 = DIRECTION('',(-2.55E-15,1.67E-15,1.));
#8056 = ADVANCED_FACE('',(#8057),#8068,.F.);
#8057 = FACE_BOUND('',#8058,.F.);
#8058 = EDGE_LOOP('',(#8059,#8060,#8061,#8062));
#8059 = ORIENTED_EDGE('',*,*,#8043,.F.);
#8060 = ORIENTED_EDGE('',*,*,#7904,.T.);
#8061 = ORIENTED_EDGE('',*,*,#7997,.F.);
#8062 = ORIENTED_EDGE('',*,*,#8063,.F.);
#8063 = EDGE_CURVE('',#8036,#7998,#8064,.T.);
#8064 = LINE('',#8065,#8066);
#8065 = CARTESIAN_POINT('',(0.201471862576,-1.,-3.6));
#8066 = VECTOR('',#8067,1.);
#8067 = DIRECTION('',(-1.67E-15,1.,-1.22E-15));
#8068 = PLANE('',#8069);
#8069 = AXIS2_PLACEMENT_3D('',#8070,#8071,#8072);
#8070 = CARTESIAN_POINT('',(0.45,-1.,-3.));
#8071 = DIRECTION('',(-0.923879532511,1.3E-16,0.382683432365));
#8072 = DIRECTION('',(-0.382683432365,1.43E-15,-0.923879532511));
#8073 = ADVANCED_FACE('',(#8074),#8085,.T.);
#8074 = FACE_BOUND('',#8075,.T.);
#8075 = EDGE_LOOP('',(#8076,#8077,#8078,#8079));
#8076 = ORIENTED_EDGE('',*,*,#8027,.F.);
#8077 = ORIENTED_EDGE('',*,*,#7971,.T.);
#8078 = ORIENTED_EDGE('',*,*,#8013,.F.);
#8079 = ORIENTED_EDGE('',*,*,#8080,.F.);
#8080 = EDGE_CURVE('',#8028,#8006,#8081,.T.);
#8081 = LINE('',#8082,#8083);
#8082 = CARTESIAN_POINT('',(-0.201471862576,-1.,-3.6));
#8083 = VECTOR('',#8084,1.);
#8084 = DIRECTION('',(-1.67E-15,1.,-1.22E-15));
#8085 = PLANE('',#8086);
#8086 = AXIS2_PLACEMENT_3D('',#8087,#8088,#8089);
#8087 = CARTESIAN_POINT('',(-0.45,-1.,-3.));
#8088 = DIRECTION('',(-0.923879532511,9.E-16,-0.382683432365));
#8089 = DIRECTION('',(0.382683432365,8.3E-16,-0.923879532511));
#8090 = ADVANCED_FACE('',(#8091),#8097,.T.);
#8091 = FACE_BOUND('',#8092,.T.);
#8092 = EDGE_LOOP('',(#8093,#8094,#8095,#8096));
#8093 = ORIENTED_EDGE('',*,*,#8080,.T.);
#8094 = ORIENTED_EDGE('',*,*,#8005,.T.);
#8095 = ORIENTED_EDGE('',*,*,#8063,.F.);
#8096 = ORIENTED_EDGE('',*,*,#8035,.F.);
#8097 = PLANE('',#8098);
#8098 = AXIS2_PLACEMENT_3D('',#8099,#8100,#8101);
#8099 = CARTESIAN_POINT('',(-1.2,0.3,-3.6));
#8100 = DIRECTION('',(2.39E-15,7.8E-16,-1.));
#8101 = DIRECTION('',(1.78E-15,-1.,-7.8E-16));
#8102 = ( GEOMETRIC_REPRESENTATION_CONTEXT(3) 
GLOBAL_UNCERTAINTY_ASSIGNED_CONTEXT((#8106)) 
GLOBAL_UNIT_ASSIGNED_CONTEXT((#8103,#8104,#8105)) REPRESENTATION_CONTEXT
('Context #1','3D Context with UNIT and UNCERTAINTY') );
#8103 = ( LENGTH_UNIT() NAMED_UNIT(*) SI_UNIT(.MILLI.,.METRE.) );
#8104 = ( NAMED_UNIT(*) PLANE_ANGLE_UNIT() SI_UNIT($,.RADIAN.) );
#8105 = ( NAMED_UNIT(*) SI_UNIT($,.STERADIAN.) SOLID_ANGLE_UNIT() );
#8106 = UNCERTAINTY_MEASURE_WITH_UNIT(LENGTH_MEASURE(2.E-07),#8103,
  'distance_accuracy_value','confusion accuracy');
#8107 = CONTEXT_DEPENDENT_SHAPE_REPRESENTATION(#8108,#8110);
#8108 = ( REPRESENTATION_RELATIONSHIP('','',#6187,#10) 
REPRESENTATION_RELATIONSHIP_WITH_TRANSFORMATION(#8109) 
SHAPE_REPRESENTATION_RELATIONSHIP() );
#8109 = ITEM_DEFINED_TRANSFORMATION('','',#11,#19);
#8110 = PRODUCT_DEFINITION_SHAPE('Placement','Placement of an item',
  #8111);
#8111 = NEXT_ASSEMBLY_USAGE_OCCURRENCE('482','Pin 005','',#5,#6182,$);
#8112 = PRODUCT_RELATED_PRODUCT_CATEGORY('part',$,(#6184));
#8113 = SHAPE_DEFINITION_REPRESENTATION(#8114,#8120);
#8114 = PRODUCT_DEFINITION_SHAPE('','',#8115);
#8115 = PRODUCT_DEFINITION('design','',#8116,#8119);
#8116 = PRODUCT_DEFINITION_FORMATION('','',#8117);
#8117 = PRODUCT('Clamp Block004','Clamp Block004','',(#8118));
#8118 = PRODUCT_CONTEXT('',#2,'mechanical');
#8119 = PRODUCT_DEFINITION_CONTEXT('part definition',#2,'design');
#8120 = ADVANCED_BREP_SHAPE_REPRESENTATION('',(#11,#8121),#8446);
#8121 = MANIFOLD_SOLID_BREP('',#8122);
#8122 = CLOSED_SHELL('',(#8123,#8174,#8205,#8263,#8321,#8338,#8363,#8375
    ,#8400,#8417,#8434));
#8123 = ADVANCED_FACE('',(#8124,#8158),#8169,.T.);
#8124 = FACE_BOUND('',#8125,.T.);
#8125 = EDGE_LOOP('',(#8126,#8136,#8144,#8152));
#8126 = ORIENTED_EDGE('',*,*,#8127,.T.);
#8127 = EDGE_CURVE('',#8128,#8130,#8132,.T.);
#8128 = VERTEX_POINT('',#8129);
#8129 = CARTESIAN_POINT('',(-1.5,2.,5.4));
#8130 = VERTEX_POINT('',#8131);
#8131 = CARTESIAN_POINT('',(-1.5,-2.,5.4));
#8132 = LINE('',#8133,#8134);
#8133 = CARTESIAN_POINT('',(-1.5,2.,5.4));
#8134 = VECTOR('',#8135,1.);
#8135 = DIRECTION('',(0.,-1.,7.730669073875E-16));
#8136 = ORIENTED_EDGE('',*,*,#8137,.T.);
#8137 = EDGE_CURVE('',#8130,#8138,#8140,.T.);
#8138 = VERTEX_POINT('',#8139);
#8139 = CARTESIAN_POINT('',(1.5,-2.,5.4));
#8140 = LINE('',#8141,#8142);
#8141 = CARTESIAN_POINT('',(-1.5,-2.,5.4));
#8142 = VECTOR('',#8143,1.);
#8143 = DIRECTION('',(1.,0.,0.));
#8144 = ORIENTED_EDGE('',*,*,#8145,.F.);
#8145 = EDGE_CURVE('',#8146,#8138,#8148,.T.);
#8146 = VERTEX_POINT('',#8147);
#8147 = CARTESIAN_POINT('',(1.5,2.,5.4));
#8148 = LINE('',#8149,#8150);
#8149 = CARTESIAN_POINT('',(1.5,2.,5.4));
#8150 = VECTOR('',#8151,1.);
#8151 = DIRECTION('',(0.,-1.,7.730669073875E-16));
#8152 = ORIENTED_EDGE('',*,*,#8153,.F.);
#8153 = EDGE_CURVE('',#8128,#8146,#8154,.T.);
#8154 = LINE('',#8155,#8156);
#8155 = CARTESIAN_POINT('',(-1.5,2.,5.4));
#8156 = VECTOR('',#8157,1.);
#8157 = DIRECTION('',(1.,0.,0.));
#8158 = FACE_BOUND('',#8159,.T.);
#8159 = EDGE_LOOP('',(#8160));
#8160 = ORIENTED_EDGE('',*,*,#8161,.T.);
#8161 = EDGE_CURVE('',#8162,#8162,#8164,.T.);
#8162 = VERTEX_POINT('',#8163);
#8163 = CARTESIAN_POINT('',(0.625,5.995204332976E-16,5.4));
#8164 = CIRCLE('',#8165,0.625);
#8165 = AXIS2_PLACEMENT_3D('',#8166,#8167,#8168);
#8166 = CARTESIAN_POINT('',(0.,5.995204332976E-16,5.4));
#8167 = DIRECTION('',(0.,-1.110223024625E-16,-1.));
#8168 = DIRECTION('',(1.,0.,0.));
#8169 = PLANE('',#8170);
#8170 = AXIS2_PLACEMENT_3D('',#8171,#8172,#8173);
#8171 = CARTESIAN_POINT('',(-1.5,2.,5.4));
#8172 = DIRECTION('',(0.,7.730669073875E-16,1.));
#8173 = DIRECTION('',(1.,0.,0.));
#8174 = ADVANCED_FACE('',(#8175),#8200,.T.);
#8175 = FACE_BOUND('',#8176,.T.);
#8176 = EDGE_LOOP('',(#8177,#8187,#8193,#8194));
#8177 = ORIENTED_EDGE('',*,*,#8178,.T.);
#8178 = EDGE_CURVE('',#8179,#8181,#8183,.T.);
#8179 = VERTEX_POINT('',#8180);
#8180 = CARTESIAN_POINT('',(-1.5,2.,1.1));
#8181 = VERTEX_POINT('',#8182);
#8182 = CARTESIAN_POINT('',(-1.5,-2.,1.1));
#8183 = LINE('',#8184,#8185);
#8184 = CARTESIAN_POINT('',(-1.5,2.,1.1));
#8185 = VECTOR('',#8186,1.);
#8186 = DIRECTION('',(0.,-1.,7.730669073875E-16));
#8187 = ORIENTED_EDGE('',*,*,#8188,.T.);
#8188 = EDGE_CURVE('',#8181,#8130,#8189,.T.);
#8189 = LINE('',#8190,#8191);
#8190 = CARTESIAN_POINT('',(-1.5,-2.,1.1));
#8191 = VECTOR('',#8192,1.);
#8192 = DIRECTION('',(0.,3.330669073875E-16,1.));
#8193 = ORIENTED_EDGE('',*,*,#8127,.F.);
#8194 = ORIENTED_EDGE('',*,*,#8195,.F.);
#8195 = EDGE_CURVE('',#8179,#8128,#8196,.T.);
#8196 = LINE('',#8197,#8198);
#8197 = CARTESIAN_POINT('',(-1.5,2.,1.1));
#8198 = VECTOR('',#8199,1.);
#8199 = DIRECTION('',(0.,3.330669073875E-16,1.));
#8200 = PLANE('',#8201);
#8201 = AXIS2_PLACEMENT_3D('',#8202,#8203,#8204);
#8202 = CARTESIAN_POINT('',(-1.5,2.,1.1));
#8203 = DIRECTION('',(-1.,0.,0.));
#8204 = DIRECTION('',(0.,7.730669073875E-16,1.));
#8205 = ADVANCED_FACE('',(#8206,#8224),#8258,.T.);
#8206 = FACE_BOUND('',#8207,.T.);
#8207 = EDGE_LOOP('',(#8208,#8209,#8217,#8223));
#8208 = ORIENTED_EDGE('',*,*,#8153,.T.);
#8209 = ORIENTED_EDGE('',*,*,#8210,.T.);
#8210 = EDGE_CURVE('',#8146,#8211,#8213,.T.);
#8211 = VERTEX_POINT('',#8212);
#8212 = CARTESIAN_POINT('',(1.5,2.,1.1));
#8213 = LINE('',#8214,#8215);
#8214 = CARTESIAN_POINT('',(1.5,2.,5.4));
#8215 = VECTOR('',#8216,1.);
#8216 = DIRECTION('',(0.,-3.330669073875E-16,-1.));
#8217 = ORIENTED_EDGE('',*,*,#8218,.T.);
#8218 = EDGE_CURVE('',#8211,#8179,#8219,.T.);
#8219 = LINE('',#8220,#8221);
#8220 = CARTESIAN_POINT('',(1.5,2.,1.1));
#8221 = VECTOR('',#8222,1.);
#8222 = DIRECTION('',(-1.,-4.996003610813E-32,-1.5E-16));
#8223 = ORIENTED_EDGE('',*,*,#8195,.T.);
#8224 = FACE_BOUND('',#8225,.F.);
#8225 = EDGE_LOOP('',(#8226,#8236,#8244,#8252));
#8226 = ORIENTED_EDGE('',*,*,#8227,.T.);
#8227 = EDGE_CURVE('',#8228,#8230,#8232,.T.);
#8228 = VERTEX_POINT('',#8229);
#8229 = CARTESIAN_POINT('',(-1.,2.,3.9));
#8230 = VERTEX_POINT('',#8231);
#8231 = CARTESIAN_POINT('',(1.,2.,3.9));
#8232 = LINE('',#8233,#8234);
#8233 = CARTESIAN_POINT('',(-1.,2.,3.9));
#8234 = VECTOR('',#8235,1.);
#8235 = DIRECTION('',(1.,0.,0.));
#8236 = ORIENTED_EDGE('',*,*,#8237,.T.);
#8237 = EDGE_CURVE('',#8230,#8238,#8240,.T.);
#8238 = VERTEX_POINT('',#8239);
#8239 = CARTESIAN_POINT('',(1.,2.,1.9));
#8240 = LINE('',#8241,#8242);
#8241 = CARTESIAN_POINT('',(1.,2.,3.9));
#8242 = VECTOR('',#8243,1.);
#8243 = DIRECTION('',(0.,-3.330669073875E-16,-1.));
#8244 = ORIENTED_EDGE('',*,*,#8245,.T.);
#8245 = EDGE_CURVE('',#8238,#8246,#8248,.T.);
#8246 = VERTEX_POINT('',#8247);
#8247 = CARTESIAN_POINT('',(-1.,2.,1.9));
#8248 = LINE('',#8249,#8250);
#8249 = CARTESIAN_POINT('',(1.,2.,1.9));
#8250 = VECTOR('',#8251,1.);
#8251 = DIRECTION('',(-1.,0.,0.));
#8252 = ORIENTED_EDGE('',*,*,#8253,.T.);
#8253 = EDGE_CURVE('',#8246,#8228,#8254,.T.);
#8254 = LINE('',#8255,#8256);
#8255 = CARTESIAN_POINT('',(-1.,2.,1.9));
#8256 = VECTOR('',#8257,1.);
#8257 = DIRECTION('',(0.,3.330669073875E-16,1.));
#8258 = PLANE('',#8259);
#8259 = AXIS2_PLACEMENT_3D('',#8260,#8261,#8262);
#8260 = CARTESIAN_POINT('',(-4.E-17,2.,3.12610619469));
#8261 = DIRECTION('',(0.,1.,-5.530669073875E-16));
#8262 = DIRECTION('',(0.,5.530669073875E-16,1.));
#8263 = ADVANCED_FACE('',(#8264,#8282),#8316,.F.);
#8264 = FACE_BOUND('',#8265,.F.);
#8265 = EDGE_LOOP('',(#8266,#8267,#8275,#8281));
#8266 = ORIENTED_EDGE('',*,*,#8137,.T.);
#8267 = ORIENTED_EDGE('',*,*,#8268,.T.);
#8268 = EDGE_CURVE('',#8138,#8269,#8271,.T.);
#8269 = VERTEX_POINT('',#8270);
#8270 = CARTESIAN_POINT('',(1.5,-2.,1.1));
#8271 = LINE('',#8272,#8273);
#8272 = CARTESIAN_POINT('',(1.5,-2.,5.4));
#8273 = VECTOR('',#8274,1.);
#8274 = DIRECTION('',(0.,-3.330669073875E-16,-1.));
#8275 = ORIENTED_EDGE('',*,*,#8276,.T.);
#8276 = EDGE_CURVE('',#8269,#8181,#8277,.T.);
#8277 = LINE('',#8278,#8279);
#8278 = CARTESIAN_POINT('',(1.5,-2.,1.1));
#8279 = VECTOR('',#8280,1.);
#8280 = DIRECTION('',(-1.,-4.996003610813E-32,-1.5E-16));
#8281 = ORIENTED_EDGE('',*,*,#8188,.T.);
#8282 = FACE_BOUND('',#8283,.T.);
#8283 = EDGE_LOOP('',(#8284,#8294,#8302,#8310));
#8284 = ORIENTED_EDGE('',*,*,#8285,.T.);
#8285 = EDGE_CURVE('',#8286,#8288,#8290,.T.);
#8286 = VERTEX_POINT('',#8287);
#8287 = CARTESIAN_POINT('',(-1.,-2.,3.9));
#8288 = VERTEX_POINT('',#8289);
#8289 = CARTESIAN_POINT('',(1.,-2.,3.9));
#8290 = LINE('',#8291,#8292);
#8291 = CARTESIAN_POINT('',(-1.,-2.,3.9));
#8292 = VECTOR('',#8293,1.);
#8293 = DIRECTION('',(1.,0.,0.));
#8294 = ORIENTED_EDGE('',*,*,#8295,.T.);
#8295 = EDGE_CURVE('',#8288,#8296,#8298,.T.);
#8296 = VERTEX_POINT('',#8297);
#8297 = CARTESIAN_POINT('',(1.,-2.,1.9));
#8298 = LINE('',#8299,#8300);
#8299 = CARTESIAN_POINT('',(1.,-2.,3.9));
#8300 = VECTOR('',#8301,1.);
#8301 = DIRECTION('',(0.,-3.330669073875E-16,-1.));
#8302 = ORIENTED_EDGE('',*,*,#8303,.T.);
#8303 = EDGE_CURVE('',#8296,#8304,#8306,.T.);
#8304 = VERTEX_POINT('',#8305);
#8305 = CARTESIAN_POINT('',(-1.,-2.,1.9));
#8306 = LINE('',#8307,#8308);
#8307 = CARTESIAN_POINT('',(1.,-2.,1.9));
#8308 = VECTOR('',#8309,1.);
#8309 = DIRECTION('',(-1.,0.,0.));
#8310 = ORIENTED_EDGE('',*,*,#8311,.T.);
#8311 = EDGE_CURVE('',#8304,#8286,#8312,.T.);
#8312 = LINE('',#8313,#8314);
#8313 = CARTESIAN_POINT('',(-1.,-2.,1.9));
#8314 = VECTOR('',#8315,1.);
#8315 = DIRECTION('',(0.,3.330669073875E-16,1.));
#8316 = PLANE('',#8317);
#8317 = AXIS2_PLACEMENT_3D('',#8318,#8319,#8320);
#8318 = CARTESIAN_POINT('',(-4.E-17,-2.,3.12610619469));
#8319 = DIRECTION('',(0.,1.,-5.530669073875E-16));
#8320 = DIRECTION('',(0.,5.530669073875E-16,1.));
#8321 = ADVANCED_FACE('',(#8322),#8333,.T.);
#8322 = FACE_BOUND('',#8323,.T.);
#8323 = EDGE_LOOP('',(#8324,#8325,#8326,#8332));
#8324 = ORIENTED_EDGE('',*,*,#8145,.T.);
#8325 = ORIENTED_EDGE('',*,*,#8268,.T.);
#8326 = ORIENTED_EDGE('',*,*,#8327,.F.);
#8327 = EDGE_CURVE('',#8211,#8269,#8328,.T.);
#8328 = LINE('',#8329,#8330);
#8329 = CARTESIAN_POINT('',(1.5,2.,1.1));
#8330 = VECTOR('',#8331,1.);
#8331 = DIRECTION('',(0.,-1.,7.730669073875E-16));
#8332 = ORIENTED_EDGE('',*,*,#8210,.F.);
#8333 = PLANE('',#8334);
#8334 = AXIS2_PLACEMENT_3D('',#8335,#8336,#8337);
#8335 = CARTESIAN_POINT('',(1.5,2.,5.4));
#8336 = DIRECTION('',(1.,0.,0.));
#8337 = DIRECTION('',(0.,-7.730669073875E-16,-1.));
#8338 = ADVANCED_FACE('',(#8339),#8358,.F.);
#8339 = FACE_BOUND('',#8340,.T.);
#8340 = EDGE_LOOP('',(#8341,#8342,#8350,#8357));
#8341 = ORIENTED_EDGE('',*,*,#8161,.F.);
#8342 = ORIENTED_EDGE('',*,*,#8343,.T.);
#8343 = EDGE_CURVE('',#8162,#8344,#8346,.T.);
#8344 = VERTEX_POINT('',#8345);
#8345 = CARTESIAN_POINT('',(0.625,4.329869796038E-16,3.9));
#8346 = LINE('',#8347,#8348);
#8347 = CARTESIAN_POINT('',(0.625,8.881784197001E-16,6.));
#8348 = VECTOR('',#8349,1.);
#8349 = DIRECTION('',(-7.401486830834E-17,-1.110223024625E-16,-1.));
#8350 = ORIENTED_EDGE('',*,*,#8351,.T.);
#8351 = EDGE_CURVE('',#8344,#8344,#8352,.T.);
#8352 = CIRCLE('',#8353,0.625);
#8353 = AXIS2_PLACEMENT_3D('',#8354,#8355,#8356);
#8354 = CARTESIAN_POINT('',(0.,4.329869796038E-16,3.9));
#8355 = DIRECTION('',(0.,-1.110223024625E-16,-1.));
#8356 = DIRECTION('',(1.,0.,0.));
#8357 = ORIENTED_EDGE('',*,*,#8343,.F.);
#8358 = CYLINDRICAL_SURFACE('',#8359,0.625);
#8359 = AXIS2_PLACEMENT_3D('',#8360,#8361,#8362);
#8360 = CARTESIAN_POINT('',(0.,8.881784197001E-16,6.));
#8361 = DIRECTION('',(-0.,-1.110223024625E-16,-1.));
#8362 = DIRECTION('',(1.,0.,0.));
#8363 = ADVANCED_FACE('',(#8364),#8370,.T.);
#8364 = FACE_BOUND('',#8365,.T.);
#8365 = EDGE_LOOP('',(#8366,#8367,#8368,#8369));
#8366 = ORIENTED_EDGE('',*,*,#8327,.T.);
#8367 = ORIENTED_EDGE('',*,*,#8276,.T.);
#8368 = ORIENTED_EDGE('',*,*,#8178,.F.);
#8369 = ORIENTED_EDGE('',*,*,#8218,.F.);
#8370 = PLANE('',#8371);
#8371 = AXIS2_PLACEMENT_3D('',#8372,#8373,#8374);
#8372 = CARTESIAN_POINT('',(1.5,2.,1.1));
#8373 = DIRECTION('',(1.5E-16,-7.730669073875E-16,-1.));
#8374 = DIRECTION('',(-1.,-4.996003610813E-32,-1.5E-16));
#8375 = ADVANCED_FACE('',(#8376,#8392),#8395,.F.);
#8376 = FACE_BOUND('',#8377,.F.);
#8377 = EDGE_LOOP('',(#8378,#8384,#8385,#8391));
#8378 = ORIENTED_EDGE('',*,*,#8379,.T.);
#8379 = EDGE_CURVE('',#8228,#8286,#8380,.T.);
#8380 = LINE('',#8381,#8382);
#8381 = CARTESIAN_POINT('',(-1.,2.,3.9));
#8382 = VECTOR('',#8383,1.);
#8383 = DIRECTION('',(0.,-1.,7.730669073875E-16));
#8384 = ORIENTED_EDGE('',*,*,#8285,.T.);
#8385 = ORIENTED_EDGE('',*,*,#8386,.F.);
#8386 = EDGE_CURVE('',#8230,#8288,#8387,.T.);
#8387 = LINE('',#8388,#8389);
#8388 = CARTESIAN_POINT('',(1.,2.,3.9));
#8389 = VECTOR('',#8390,1.);
#8390 = DIRECTION('',(0.,-1.,7.730669073875E-16));
#8391 = ORIENTED_EDGE('',*,*,#8227,.F.);
#8392 = FACE_BOUND('',#8393,.F.);
#8393 = EDGE_LOOP('',(#8394));
#8394 = ORIENTED_EDGE('',*,*,#8351,.T.);
#8395 = PLANE('',#8396);
#8396 = AXIS2_PLACEMENT_3D('',#8397,#8398,#8399);
#8397 = CARTESIAN_POINT('',(-1.,2.,3.9));
#8398 = DIRECTION('',(0.,7.730669073875E-16,1.));
#8399 = DIRECTION('',(1.,0.,0.));
#8400 = ADVANCED_FACE('',(#8401),#8412,.F.);
#8401 = FACE_BOUND('',#8402,.F.);
#8402 = EDGE_LOOP('',(#8403,#8404,#8405,#8411));
#8403 = ORIENTED_EDGE('',*,*,#8386,.T.);
#8404 = ORIENTED_EDGE('',*,*,#8295,.T.);
#8405 = ORIENTED_EDGE('',*,*,#8406,.F.);
#8406 = EDGE_CURVE('',#8238,#8296,#8407,.T.);
#8407 = LINE('',#8408,#8409);
#8408 = CARTESIAN_POINT('',(1.,2.,1.9));
#8409 = VECTOR('',#8410,1.);
#8410 = DIRECTION('',(0.,-1.,7.730669073875E-16));
#8411 = ORIENTED_EDGE('',*,*,#8237,.F.);
#8412 = PLANE('',#8413);
#8413 = AXIS2_PLACEMENT_3D('',#8414,#8415,#8416);
#8414 = CARTESIAN_POINT('',(1.,2.,3.9));
#8415 = DIRECTION('',(1.,0.,0.));
#8416 = DIRECTION('',(0.,-7.730669073875E-16,-1.));
#8417 = ADVANCED_FACE('',(#8418),#8429,.F.);
#8418 = FACE_BOUND('',#8419,.F.);
#8419 = EDGE_LOOP('',(#8420,#8421,#8422,#8428));
#8420 = ORIENTED_EDGE('',*,*,#8406,.T.);
#8421 = ORIENTED_EDGE('',*,*,#8303,.T.);
#8422 = ORIENTED_EDGE('',*,*,#8423,.F.);
#8423 = EDGE_CURVE('',#8246,#8304,#8424,.T.);
#8424 = LINE('',#8425,#8426);
#8425 = CARTESIAN_POINT('',(-1.,2.,1.9));
#8426 = VECTOR('',#8427,1.);
#8427 = DIRECTION('',(0.,-1.,7.730669073875E-16));
#8428 = ORIENTED_EDGE('',*,*,#8245,.F.);
#8429 = PLANE('',#8430);
#8430 = AXIS2_PLACEMENT_3D('',#8431,#8432,#8433);
#8431 = CARTESIAN_POINT('',(1.,2.,1.9));
#8432 = DIRECTION('',(0.,-7.730669073875E-16,-1.));
#8433 = DIRECTION('',(-1.,0.,0.));
#8434 = ADVANCED_FACE('',(#8435),#8441,.F.);
#8435 = FACE_BOUND('',#8436,.F.);
#8436 = EDGE_LOOP('',(#8437,#8438,#8439,#8440));
#8437 = ORIENTED_EDGE('',*,*,#8423,.T.);
#8438 = ORIENTED_EDGE('',*,*,#8311,.T.);
#8439 = ORIENTED_EDGE('',*,*,#8379,.F.);
#8440 = ORIENTED_EDGE('',*,*,#8253,.F.);
#8441 = PLANE('',#8442);
#8442 = AXIS2_PLACEMENT_3D('',#8443,#8444,#8445);
#8443 = CARTESIAN_POINT('',(-1.,2.,1.9));
#8444 = DIRECTION('',(-1.,0.,0.));
#8445 = DIRECTION('',(0.,7.730669073875E-16,1.));
#8446 = ( GEOMETRIC_REPRESENTATION_CONTEXT(3) 
GLOBAL_UNCERTAINTY_ASSIGNED_CONTEXT((#8450)) 
GLOBAL_UNIT_ASSIGNED_CONTEXT((#8447,#8448,#8449)) REPRESENTATION_CONTEXT
('Context #1','3D Context with UNIT and UNCERTAINTY') );
#8447 = ( LENGTH_UNIT() NAMED_UNIT(*) SI_UNIT(.MILLI.,.METRE.) );
#8448 = ( NAMED_UNIT(*) PLANE_ANGLE_UNIT() SI_UNIT($,.RADIAN.) );
#8449 = ( NAMED_UNIT(*) SI_UNIT($,.STERADIAN.) SOLID_ANGLE_UNIT() );
#8450 = UNCERTAINTY_MEASURE_WITH_UNIT(LENGTH_MEASURE(1.E-07),#8447,
  'distance_accuracy_value','confusion accuracy');
#8451 = CONTEXT_DEPENDENT_SHAPE_REPRESENTATION(#8452,#8454);
#8452 = ( REPRESENTATION_RELATIONSHIP('','',#8120,#10) 
REPRESENTATION_RELATIONSHIP_WITH_TRANSFORMATION(#8453) 
SHAPE_REPRESENTATION_RELATIONSHIP() );
#8453 = ITEM_DEFINED_TRANSFORMATION('','',#11,#23);
#8454 = PRODUCT_DEFINITION_SHAPE('Placement','Placement of an item',
  #8455);
#8455 = NEXT_ASSEMBLY_USAGE_OCCURRENCE('483','Clamp Block004','',#5,
  #8115,$);
#8456 = PRODUCT_RELATED_PRODUCT_CATEGORY('part',$,(#8117));
#8457 = SHAPE_DEFINITION_REPRESENTATION(#8458,#8464);
#8458 = PRODUCT_DEFINITION_SHAPE('','',#8459);
#8459 = PRODUCT_DEFINITION('design','',#8460,#8463);
#8460 = PRODUCT_DEFINITION_FORMATION('','',#8461);
#8461 = PRODUCT('M1.6x3-Screw004','M1.6x3-Screw004','',(#8462));
#8462 = PRODUCT_CONTEXT('',#2,'mechanical');
#8463 = PRODUCT_DEFINITION_CONTEXT('part definition',#2,'design');
#8464 = ADVANCED_BREP_SHAPE_REPRESENTATION('',(#11,#8465),#8869);
#8465 = MANIFOLD_SOLID_BREP('',#8466);
#8466 = CLOSED_SHELL('',(#8467,#8492,#8558,#8593,#8672,#8690,#8710,#8773
    ,#8795,#8825,#8835,#8860));
#8467 = ADVANCED_FACE('',(#8468),#8487,.T.);
#8468 = FACE_BOUND('',#8469,.F.);
#8469 = EDGE_LOOP('',(#8470,#8481));
#8470 = ORIENTED_EDGE('',*,*,#8471,.F.);
#8471 = EDGE_CURVE('',#8472,#8474,#8476,.T.);
#8472 = VERTEX_POINT('',#8473);
#8473 = CARTESIAN_POINT('',(1.198628825127,0.23,1.1));
#8474 = VERTEX_POINT('',#8475);
#8475 = CARTESIAN_POINT('',(-1.198628825127,0.23,1.1));
#8476 = CIRCLE('',#8477,1.220496235318);
#8477 = AXIS2_PLACEMENT_3D('',#8478,#8479,#8480);
#8478 = CARTESIAN_POINT('',(0.,0.,1.1));
#8479 = DIRECTION('',(0.,0.,1.));
#8480 = DIRECTION('',(1.,0.,-0.));
#8481 = ORIENTED_EDGE('',*,*,#8482,.F.);
#8482 = EDGE_CURVE('',#8474,#8472,#8483,.T.);
#8483 = LINE('',#8484,#8485);
#8484 = CARTESIAN_POINT('',(-250.,0.23,1.1));
#8485 = VECTOR('',#8486,1.);
#8486 = DIRECTION('',(1.,0.,-0.));
#8487 = PLANE('',#8488);
#8488 = AXIS2_PLACEMENT_3D('',#8489,#8490,#8491);
#8489 = CARTESIAN_POINT('',(0.,0.,1.1));
#8490 = DIRECTION('',(0.,0.,1.));
#8491 = DIRECTION('',(1.,0.,-0.));
#8492 = ADVANCED_FACE('',(#8493),#8549,.F.);
#8493 = FACE_BOUND('',#8494,.F.);
#8494 = EDGE_LOOP('',(#8495,#8518,#8519,#8542));
#8495 = ORIENTED_EDGE('',*,*,#8496,.F.);
#8496 = EDGE_CURVE('',#8472,#8497,#8499,.T.);
#8497 = VERTEX_POINT('',#8498);
#8498 = CARTESIAN_POINT('',(1.400981073017,0.23,0.91743114855));
#8499 = B_SPLINE_CURVE_WITH_KNOTS('',5,(#8500,#8501,#8502,#8503,#8504,
    #8505,#8506,#8507,#8508,#8509,#8510,#8511,#8512,#8513,#8514,#8515,
    #8516,#8517),.UNSPECIFIED.,.F.,.F.,(6,4,4,4,6),(0.,0.250129965149,
    0.500168146575,0.750114408968,1.),.UNSPECIFIED.);
#8500 = CARTESIAN_POINT('',(1.198628825127,0.23,1.1));
#8501 = CARTESIAN_POINT('',(1.213732648356,0.23,1.1));
#8502 = CARTESIAN_POINT('',(1.228828837118,0.23,1.098624861379));
#8503 = CARTESIAN_POINT('',(1.243745075167,0.23,1.095874209795));
#8504 = CARTESIAN_POINT('',(1.258309785272,0.23,1.091779356199));
#8505 = CARTESIAN_POINT('',(1.286410798425,0.23,1.081025748242));
#8506 = CARTESIAN_POINT('',(1.299947546219,0.23,1.07436790921));
#8507 = CARTESIAN_POINT('',(1.312813130622,0.23,1.066489073427));
#8508 = CARTESIAN_POINT('',(1.324859576056,0.23,1.057479985852));
#8509 = CARTESIAN_POINT('',(1.347057121862,0.23,1.037434570241));
#8510 = CARTESIAN_POINT('',(1.35720897585,0.23,1.026398936322));
#8511 = CARTESIAN_POINT('',(1.366289480149,0.23,1.014463052152));
#8512 = CARTESIAN_POINT('',(1.374194078326,0.23,1.001765039258));
#8513 = CARTESIAN_POINT('',(1.387498201014,0.23,0.975153550378));
#8514 = CARTESIAN_POINT('',(1.392898368781,0.23,0.961240299379));
#8515 = CARTESIAN_POINT('',(1.396971518476,0.23,0.946870508491));
#8516 = CARTESIAN_POINT('',(1.399670707261,0.23,0.932210850582));
#8517 = CARTESIAN_POINT('',(1.400981073017,0.23,0.91743114855));
#8518 = ORIENTED_EDGE('',*,*,#8471,.T.);
#8519 = ORIENTED_EDGE('',*,*,#8520,.T.);
#8520 = EDGE_CURVE('',#8474,#8521,#8523,.T.);
#8521 = VERTEX_POINT('',#8522);
#8522 = CARTESIAN_POINT('',(-1.400981073017,0.23,0.91743114855));
#8523 = B_SPLINE_CURVE_WITH_KNOTS('',5,(#8524,#8525,#8526,#8527,#8528,
    #8529,#8530,#8531,#8532,#8533,#8534,#8535,#8536,#8537,#8538,#8539,
    #8540,#8541),.UNSPECIFIED.,.F.,.F.,(6,4,4,4,6),(0.,0.250129965149,
    0.500168146575,0.750114408968,1.),.UNSPECIFIED.);
#8524 = CARTESIAN_POINT('',(-1.198628825127,0.23,1.1));
#8525 = CARTESIAN_POINT('',(-1.213732648356,0.23,1.1));
#8526 = CARTESIAN_POINT('',(-1.228828837118,0.23,1.098624861379));
#8527 = CARTESIAN_POINT('',(-1.243745075167,0.23,1.095874209795));
#8528 = CARTESIAN_POINT('',(-1.258309785272,0.23,1.091779356199));
#8529 = CARTESIAN_POINT('',(-1.286410798425,0.23,1.081025748242));
#8530 = CARTESIAN_POINT('',(-1.299947546219,0.23,1.07436790921));
#8531 = CARTESIAN_POINT('',(-1.312813130622,0.23,1.066489073427));
#8532 = CARTESIAN_POINT('',(-1.324859576056,0.23,1.057479985852));
#8533 = CARTESIAN_POINT('',(-1.347057121862,0.23,1.037434570241));
#8534 = CARTESIAN_POINT('',(-1.35720897585,0.23,1.026398936322));
#8535 = CARTESIAN_POINT('',(-1.366289480149,0.23,1.014463052152));
#8536 = CARTESIAN_POINT('',(-1.374194078326,0.23,1.001765039258));
#8537 = CARTESIAN_POINT('',(-1.387498201014,0.23,0.975153550378));
#8538 = CARTESIAN_POINT('',(-1.392898368781,0.23,0.961240299379));
#8539 = CARTESIAN_POINT('',(-1.396971518476,0.23,0.946870508491));
#8540 = CARTESIAN_POINT('',(-1.399670707261,0.23,0.932210850582));
#8541 = CARTESIAN_POINT('',(-1.400981073017,0.23,0.91743114855));
#8542 = ORIENTED_EDGE('',*,*,#8543,.F.);
#8543 = EDGE_CURVE('',#8497,#8521,#8544,.T.);
#8544 = CIRCLE('',#8545,1.419735174936);
#8545 = AXIS2_PLACEMENT_3D('',#8546,#8547,#8548);
#8546 = CARTESIAN_POINT('',(0.,0.,0.91743114855));
#8547 = DIRECTION('',(0.,0.,1.));
#8548 = DIRECTION('',(1.,0.,-0.));
#8549 = SURFACE_OF_REVOLUTION('',#8550,#8555);
#8550 = CIRCLE('',#8551,0.2);
#8551 = AXIS2_PLACEMENT_3D('',#8552,#8553,#8554);
#8552 = CARTESIAN_POINT('',(1.220496235318,0.,0.9));
#8553 = DIRECTION('',(0.,1.,0.));
#8554 = DIRECTION('',(1.11E-15,-0.,1.));
#8555 = AXIS1_PLACEMENT('',#8556,#8557);
#8556 = CARTESIAN_POINT('',(0.,0.,0.));
#8557 = DIRECTION('',(0.,0.,1.));
#8558 = ADVANCED_FACE('',(#8559),#8588,.F.);
#8559 = FACE_BOUND('',#8560,.F.);
#8560 = EDGE_LOOP('',(#8561,#8571,#8578,#8579,#8580,#8581));
#8561 = ORIENTED_EDGE('',*,*,#8562,.F.);
#8562 = EDGE_CURVE('',#8563,#8565,#8567,.T.);
#8563 = VERTEX_POINT('',#8564);
#8564 = CARTESIAN_POINT('',(-1.424686293053,0.23,0.65));
#8565 = VERTEX_POINT('',#8566);
#8566 = CARTESIAN_POINT('',(1.424686293053,0.23,0.65));
#8567 = LINE('',#8568,#8569);
#8568 = CARTESIAN_POINT('',(-500.,0.23,0.65));
#8569 = VECTOR('',#8570,1.);
#8570 = DIRECTION('',(1.,0.,0.));
#8571 = ORIENTED_EDGE('',*,*,#8572,.F.);
#8572 = EDGE_CURVE('',#8521,#8563,#8573,.T.);
#8573 = HYPERBOLA('',#8574,2.628912029635,0.23);
#8574 = AXIS2_PLACEMENT_3D('',#8575,#8576,#8577);
#8575 = CARTESIAN_POINT('',(0.,0.23,17.145078454142));
#8576 = DIRECTION('',(0.,1.,0.));
#8577 = DIRECTION('',(0.,0.,-1.));
#8578 = ORIENTED_EDGE('',*,*,#8520,.F.);
#8579 = ORIENTED_EDGE('',*,*,#8482,.T.);
#8580 = ORIENTED_EDGE('',*,*,#8496,.T.);
#8581 = ORIENTED_EDGE('',*,*,#8582,.F.);
#8582 = EDGE_CURVE('',#8565,#8497,#8583,.T.);
#8583 = HYPERBOLA('',#8584,2.628912029635,0.23);
#8584 = AXIS2_PLACEMENT_3D('',#8585,#8586,#8587);
#8585 = CARTESIAN_POINT('',(0.,0.23,17.145078454142));
#8586 = DIRECTION('',(0.,1.,0.));
#8587 = DIRECTION('',(0.,0.,-1.));
#8588 = PLANE('',#8589);
#8589 = AXIS2_PLACEMENT_3D('',#8590,#8591,#8592);
#8590 = CARTESIAN_POINT('',(-500.,0.23,0.65));
#8591 = DIRECTION('',(0.,1.,0.));
#8592 = DIRECTION('',(0.,0.,1.));
#8593 = ADVANCED_FACE('',(#8594),#8667,.T.);
#8594 = FACE_BOUND('',#8595,.F.);
#8595 = EDGE_LOOP('',(#8596,#8597,#8598,#8599,#8608,#8617,#8626,#8635,
    #8644,#8652,#8659,#8660));
#8596 = ORIENTED_EDGE('',*,*,#8582,.T.);
#8597 = ORIENTED_EDGE('',*,*,#8543,.T.);
#8598 = ORIENTED_EDGE('',*,*,#8572,.T.);
#8599 = ORIENTED_EDGE('',*,*,#8600,.F.);
#8600 = EDGE_CURVE('',#8601,#8563,#8603,.T.);
#8601 = VERTEX_POINT('',#8602);
#8602 = CARTESIAN_POINT('',(-1.424686293053,-0.23,0.65));
#8603 = CIRCLE('',#8604,1.443132368708);
#8604 = AXIS2_PLACEMENT_3D('',#8605,#8606,#8607);
#8605 = CARTESIAN_POINT('',(0.,0.,0.65));
#8606 = DIRECTION('',(0.,0.,-1.));
#8607 = DIRECTION('',(1.,0.,0.));
#8608 = ORIENTED_EDGE('',*,*,#8609,.F.);
#8609 = EDGE_CURVE('',#8610,#8601,#8612,.T.);
#8610 = VERTEX_POINT('',#8611);
#8611 = CARTESIAN_POINT('',(-1.400981073017,-0.23,0.91743114855));
#8612 = HYPERBOLA('',#8613,2.628912029635,0.23);
#8613 = AXIS2_PLACEMENT_3D('',#8614,#8615,#8616);
#8614 = CARTESIAN_POINT('',(0.,-0.23,17.145078454142));
#8615 = DIRECTION('',(0.,1.,0.));
#8616 = DIRECTION('',(0.,0.,-1.));
#8617 = ORIENTED_EDGE('',*,*,#8618,.T.);
#8618 = EDGE_CURVE('',#8610,#8619,#8621,.T.);
#8619 = VERTEX_POINT('',#8620);
#8620 = CARTESIAN_POINT('',(1.400981073017,-0.23,0.91743114855));
#8621 = CIRCLE('',#8622,1.419735174936);
#8622 = AXIS2_PLACEMENT_3D('',#8623,#8624,#8625);
#8623 = CARTESIAN_POINT('',(0.,0.,0.91743114855));
#8624 = DIRECTION('',(0.,0.,1.));
#8625 = DIRECTION('',(1.,0.,-0.));
#8626 = ORIENTED_EDGE('',*,*,#8627,.F.);
#8627 = EDGE_CURVE('',#8628,#8619,#8630,.T.);
#8628 = VERTEX_POINT('',#8629);
#8629 = CARTESIAN_POINT('',(1.424686293053,-0.23,0.65));
#8630 = HYPERBOLA('',#8631,2.628912029635,0.23);
#8631 = AXIS2_PLACEMENT_3D('',#8632,#8633,#8634);
#8632 = CARTESIAN_POINT('',(0.,-0.23,17.145078454142));
#8633 = DIRECTION('',(0.,1.,0.));
#8634 = DIRECTION('',(0.,0.,-1.));
#8635 = ORIENTED_EDGE('',*,*,#8636,.F.);
#8636 = EDGE_CURVE('',#8637,#8628,#8639,.T.);
#8637 = VERTEX_POINT('',#8638);
#8638 = CARTESIAN_POINT('',(1.443132368708,0.,0.65));
#8639 = CIRCLE('',#8640,1.443132368708);
#8640 = AXIS2_PLACEMENT_3D('',#8641,#8642,#8643);
#8641 = CARTESIAN_POINT('',(0.,0.,0.65));
#8642 = DIRECTION('',(0.,0.,-1.));
#8643 = DIRECTION('',(1.,0.,0.));
#8644 = ORIENTED_EDGE('',*,*,#8645,.T.);
#8645 = EDGE_CURVE('',#8637,#8646,#8648,.T.);
#8646 = VERTEX_POINT('',#8647);
#8647 = CARTESIAN_POINT('',(1.5,0.,0.));
#8648 = LINE('',#8649,#8650);
#8649 = CARTESIAN_POINT('',(1.419735174936,0.,0.91743114855));
#8650 = VECTOR('',#8651,1.);
#8651 = DIRECTION('',(8.715574274766E-02,0.,-0.996194698092));
#8652 = ORIENTED_EDGE('',*,*,#8653,.F.);
#8653 = EDGE_CURVE('',#8646,#8646,#8654,.T.);
#8654 = CIRCLE('',#8655,1.5);
#8655 = AXIS2_PLACEMENT_3D('',#8656,#8657,#8658);
#8656 = CARTESIAN_POINT('',(0.,0.,0.));
#8657 = DIRECTION('',(0.,0.,1.));
#8658 = DIRECTION('',(1.,0.,-0.));
#8659 = ORIENTED_EDGE('',*,*,#8645,.F.);
#8660 = ORIENTED_EDGE('',*,*,#8661,.F.);
#8661 = EDGE_CURVE('',#8565,#8637,#8662,.T.);
#8662 = CIRCLE('',#8663,1.443132368708);
#8663 = AXIS2_PLACEMENT_3D('',#8664,#8665,#8666);
#8664 = CARTESIAN_POINT('',(0.,0.,0.65));
#8665 = DIRECTION('',(0.,0.,-1.));
#8666 = DIRECTION('',(1.,0.,0.));
#8667 = CONICAL_SURFACE('',#8668,1.419735174936,8.726646259972E-02);
#8668 = AXIS2_PLACEMENT_3D('',#8669,#8670,#8671);
#8669 = CARTESIAN_POINT('',(0.,0.,0.91743114855));
#8670 = DIRECTION('',(-0.,-0.,-1.));
#8671 = DIRECTION('',(1.,0.,0.));
#8672 = ADVANCED_FACE('',(#8673),#8685,.T.);
#8673 = FACE_BOUND('',#8674,.T.);
#8674 = EDGE_LOOP('',(#8675,#8676,#8677,#8683,#8684));
#8675 = ORIENTED_EDGE('',*,*,#8562,.F.);
#8676 = ORIENTED_EDGE('',*,*,#8600,.F.);
#8677 = ORIENTED_EDGE('',*,*,#8678,.T.);
#8678 = EDGE_CURVE('',#8601,#8628,#8679,.T.);
#8679 = LINE('',#8680,#8681);
#8680 = CARTESIAN_POINT('',(-500.,-0.23,0.65));
#8681 = VECTOR('',#8682,1.);
#8682 = DIRECTION('',(1.,0.,0.));
#8683 = ORIENTED_EDGE('',*,*,#8636,.F.);
#8684 = ORIENTED_EDGE('',*,*,#8661,.F.);
#8685 = PLANE('',#8686);
#8686 = AXIS2_PLACEMENT_3D('',#8687,#8688,#8689);
#8687 = CARTESIAN_POINT('',(-500.,-0.23,0.65));
#8688 = DIRECTION('',(0.,0.,1.));
#8689 = DIRECTION('',(1.,0.,0.));
#8690 = ADVANCED_FACE('',(#8691,#8694),#8705,.F.);
#8691 = FACE_BOUND('',#8692,.F.);
#8692 = EDGE_LOOP('',(#8693));
#8693 = ORIENTED_EDGE('',*,*,#8653,.T.);
#8694 = FACE_BOUND('',#8695,.F.);
#8695 = EDGE_LOOP('',(#8696));
#8696 = ORIENTED_EDGE('',*,*,#8697,.F.);
#8697 = EDGE_CURVE('',#8698,#8698,#8700,.T.);
#8698 = VERTEX_POINT('',#8699);
#8699 = CARTESIAN_POINT('',(0.9,0.,0.));
#8700 = CIRCLE('',#8701,0.9);
#8701 = AXIS2_PLACEMENT_3D('',#8702,#8703,#8704);
#8702 = CARTESIAN_POINT('',(0.,0.,0.));
#8703 = DIRECTION('',(0.,0.,1.));
#8704 = DIRECTION('',(1.,0.,-0.));
#8705 = PLANE('',#8706);
#8706 = AXIS2_PLACEMENT_3D('',#8707,#8708,#8709);
#8707 = CARTESIAN_POINT('',(0.,0.,0.));
#8708 = DIRECTION('',(0.,0.,1.));
#8709 = DIRECTION('',(1.,0.,-0.));
#8710 = ADVANCED_FACE('',(#8711),#8768,.T.);
#8711 = FACE_BOUND('',#8712,.T.);
#8712 = EDGE_LOOP('',(#8713,#8714,#8715,#8738,#8746,#8767));
#8713 = ORIENTED_EDGE('',*,*,#8678,.F.);
#8714 = ORIENTED_EDGE('',*,*,#8609,.F.);
#8715 = ORIENTED_EDGE('',*,*,#8716,.F.);
#8716 = EDGE_CURVE('',#8717,#8610,#8719,.T.);
#8717 = VERTEX_POINT('',#8718);
#8718 = CARTESIAN_POINT('',(-1.198628825127,-0.23,1.1));
#8719 = B_SPLINE_CURVE_WITH_KNOTS('',5,(#8720,#8721,#8722,#8723,#8724,
    #8725,#8726,#8727,#8728,#8729,#8730,#8731,#8732,#8733,#8734,#8735,
    #8736,#8737),.UNSPECIFIED.,.F.,.F.,(6,4,4,4,6),(0.,0.250129965149,
    0.500168146575,0.750114408968,1.),.UNSPECIFIED.);
#8720 = CARTESIAN_POINT('',(-1.198628825127,-0.23,1.1));
#8721 = CARTESIAN_POINT('',(-1.213732648356,-0.23,1.1));
#8722 = CARTESIAN_POINT('',(-1.228828837118,-0.23,1.098624861379));
#8723 = CARTESIAN_POINT('',(-1.243745075167,-0.23,1.095874209795));
#8724 = CARTESIAN_POINT('',(-1.258309785272,-0.23,1.091779356199));
#8725 = CARTESIAN_POINT('',(-1.286410798425,-0.23,1.081025748242));
#8726 = CARTESIAN_POINT('',(-1.299947546219,-0.23,1.07436790921));
#8727 = CARTESIAN_POINT('',(-1.312813130622,-0.23,1.066489073427));
#8728 = CARTESIAN_POINT('',(-1.324859576056,-0.23,1.057479985852));
#8729 = CARTESIAN_POINT('',(-1.347057121862,-0.23,1.037434570241));
#8730 = CARTESIAN_POINT('',(-1.35720897585,-0.23,1.026398936322));
#8731 = CARTESIAN_POINT('',(-1.366289480149,-0.23,1.014463052152));
#8732 = CARTESIAN_POINT('',(-1.374194078326,-0.23,1.001765039258));
#8733 = CARTESIAN_POINT('',(-1.387498201014,-0.23,0.975153550379));
#8734 = CARTESIAN_POINT('',(-1.392898368781,-0.23,0.961240299379));
#8735 = CARTESIAN_POINT('',(-1.396971518476,-0.23,0.946870508491));
#8736 = CARTESIAN_POINT('',(-1.399670707261,-0.23,0.932210850582));
#8737 = CARTESIAN_POINT('',(-1.400981073017,-0.23,0.91743114855));
#8738 = ORIENTED_EDGE('',*,*,#8739,.T.);
#8739 = EDGE_CURVE('',#8717,#8740,#8742,.T.);
#8740 = VERTEX_POINT('',#8741);
#8741 = CARTESIAN_POINT('',(1.198628825127,-0.23,1.1));
#8742 = LINE('',#8743,#8744);
#8743 = CARTESIAN_POINT('',(-250.,-0.23,1.1));
#8744 = VECTOR('',#8745,1.);
#8745 = DIRECTION('',(1.,0.,-0.));
#8746 = ORIENTED_EDGE('',*,*,#8747,.T.);
#8747 = EDGE_CURVE('',#8740,#8619,#8748,.T.);
#8748 = B_SPLINE_CURVE_WITH_KNOTS('',5,(#8749,#8750,#8751,#8752,#8753,
    #8754,#8755,#8756,#8757,#8758,#8759,#8760,#8761,#8762,#8763,#8764,
    #8765,#8766),.UNSPECIFIED.,.F.,.F.,(6,4,4,4,6),(0.,0.250129965149,
    0.500168146575,0.750114408968,1.),.UNSPECIFIED.);
#8749 = CARTESIAN_POINT('',(1.198628825127,-0.23,1.1));
#8750 = CARTESIAN_POINT('',(1.213732648356,-0.23,1.1));
#8751 = CARTESIAN_POINT('',(1.228828837118,-0.23,1.098624861379));
#8752 = CARTESIAN_POINT('',(1.243745075167,-0.23,1.095874209795));
#8753 = CARTESIAN_POINT('',(1.258309785272,-0.23,1.091779356199));
#8754 = CARTESIAN_POINT('',(1.286410798425,-0.23,1.081025748242));
#8755 = CARTESIAN_POINT('',(1.299947546219,-0.23,1.07436790921));
#8756 = CARTESIAN_POINT('',(1.312813130622,-0.23,1.066489073427));
#8757 = CARTESIAN_POINT('',(1.324859576056,-0.23,1.057479985852));
#8758 = CARTESIAN_POINT('',(1.347057121862,-0.23,1.037434570241));
#8759 = CARTESIAN_POINT('',(1.35720897585,-0.23,1.026398936322));
#8760 = CARTESIAN_POINT('',(1.366289480149,-0.23,1.014463052152));
#8761 = CARTESIAN_POINT('',(1.374194078326,-0.23,1.001765039258));
#8762 = CARTESIAN_POINT('',(1.387498201014,-0.23,0.975153550379));
#8763 = CARTESIAN_POINT('',(1.392898368781,-0.23,0.961240299379));
#8764 = CARTESIAN_POINT('',(1.396971518476,-0.23,0.946870508491));
#8765 = CARTESIAN_POINT('',(1.399670707261,-0.23,0.932210850582));
#8766 = CARTESIAN_POINT('',(1.400981073017,-0.23,0.91743114855));
#8767 = ORIENTED_EDGE('',*,*,#8627,.F.);
#8768 = PLANE('',#8769);
#8769 = AXIS2_PLACEMENT_3D('',#8770,#8771,#8772);
#8770 = CARTESIAN_POINT('',(-500.,-0.23,0.65));
#8771 = DIRECTION('',(0.,1.,0.));
#8772 = DIRECTION('',(0.,0.,1.));
#8773 = ADVANCED_FACE('',(#8774),#8786,.F.);
#8774 = FACE_BOUND('',#8775,.F.);
#8775 = EDGE_LOOP('',(#8776,#8783,#8784,#8785));
#8776 = ORIENTED_EDGE('',*,*,#8777,.T.);
#8777 = EDGE_CURVE('',#8717,#8740,#8778,.T.);
#8778 = CIRCLE('',#8779,1.220496235318);
#8779 = AXIS2_PLACEMENT_3D('',#8780,#8781,#8782);
#8780 = CARTESIAN_POINT('',(0.,0.,1.1));
#8781 = DIRECTION('',(0.,0.,1.));
#8782 = DIRECTION('',(1.,0.,-0.));
#8783 = ORIENTED_EDGE('',*,*,#8747,.T.);
#8784 = ORIENTED_EDGE('',*,*,#8618,.F.);
#8785 = ORIENTED_EDGE('',*,*,#8716,.F.);
#8786 = SURFACE_OF_REVOLUTION('',#8787,#8792);
#8787 = CIRCLE('',#8788,0.2);
#8788 = AXIS2_PLACEMENT_3D('',#8789,#8790,#8791);
#8789 = CARTESIAN_POINT('',(1.220496235318,0.,0.9));
#8790 = DIRECTION('',(0.,1.,0.));
#8791 = DIRECTION('',(1.11E-15,-0.,1.));
#8792 = AXIS1_PLACEMENT('',#8793,#8794);
#8793 = CARTESIAN_POINT('',(0.,0.,0.));
#8794 = DIRECTION('',(0.,0.,1.));
#8795 = ADVANCED_FACE('',(#8796),#8816,.F.);
#8796 = FACE_BOUND('',#8797,.F.);
#8797 = EDGE_LOOP('',(#8798,#8799,#8808,#8815));
#8798 = ORIENTED_EDGE('',*,*,#8697,.T.);
#8799 = ORIENTED_EDGE('',*,*,#8800,.T.);
#8800 = EDGE_CURVE('',#8698,#8801,#8803,.T.);
#8801 = VERTEX_POINT('',#8802);
#8802 = CARTESIAN_POINT('',(0.8,0.,-0.1));
#8803 = CIRCLE('',#8804,1.E-01);
#8804 = AXIS2_PLACEMENT_3D('',#8805,#8806,#8807);
#8805 = CARTESIAN_POINT('',(0.9,0.,-1.E-01));
#8806 = DIRECTION('',(0.,-1.,0.));
#8807 = DIRECTION('',(0.,0.,1.));
#8808 = ORIENTED_EDGE('',*,*,#8809,.F.);
#8809 = EDGE_CURVE('',#8801,#8801,#8810,.T.);
#8810 = CIRCLE('',#8811,0.8);
#8811 = AXIS2_PLACEMENT_3D('',#8812,#8813,#8814);
#8812 = CARTESIAN_POINT('',(0.,0.,-1.E-01));
#8813 = DIRECTION('',(0.,0.,1.));
#8814 = DIRECTION('',(1.,0.,-0.));
#8815 = ORIENTED_EDGE('',*,*,#8800,.F.);
#8816 = SURFACE_OF_REVOLUTION('',#8817,#8822);
#8817 = CIRCLE('',#8818,1.E-01);
#8818 = AXIS2_PLACEMENT_3D('',#8819,#8820,#8821);
#8819 = CARTESIAN_POINT('',(0.9,0.,-1.E-01));
#8820 = DIRECTION('',(0.,-1.,0.));
#8821 = DIRECTION('',(0.,0.,1.));
#8822 = AXIS1_PLACEMENT('',#8823,#8824);
#8823 = CARTESIAN_POINT('',(0.,0.,0.));
#8824 = DIRECTION('',(0.,0.,1.));
#8825 = ADVANCED_FACE('',(#8826),#8830,.T.);
#8826 = FACE_BOUND('',#8827,.F.);
#8827 = EDGE_LOOP('',(#8828,#8829));
#8828 = ORIENTED_EDGE('',*,*,#8739,.T.);
#8829 = ORIENTED_EDGE('',*,*,#8777,.F.);
#8830 = PLANE('',#8831);
#8831 = AXIS2_PLACEMENT_3D('',#8832,#8833,#8834);
#8832 = CARTESIAN_POINT('',(0.,0.,1.1));
#8833 = DIRECTION('',(0.,0.,1.));
#8834 = DIRECTION('',(1.,0.,-0.));
#8835 = ADVANCED_FACE('',(#8836),#8855,.T.);
#8836 = FACE_BOUND('',#8837,.F.);
#8837 = EDGE_LOOP('',(#8838,#8839,#8847,#8854));
#8838 = ORIENTED_EDGE('',*,*,#8809,.T.);
#8839 = ORIENTED_EDGE('',*,*,#8840,.T.);
#8840 = EDGE_CURVE('',#8801,#8841,#8843,.T.);
#8841 = VERTEX_POINT('',#8842);
#8842 = CARTESIAN_POINT('',(0.8,0.,-3.));
#8843 = LINE('',#8844,#8845);
#8844 = CARTESIAN_POINT('',(0.8,0.,-1.E-01));
#8845 = VECTOR('',#8846,1.);
#8846 = DIRECTION('',(0.,0.,-1.));
#8847 = ORIENTED_EDGE('',*,*,#8848,.F.);
#8848 = EDGE_CURVE('',#8841,#8841,#8849,.T.);
#8849 = CIRCLE('',#8850,0.8);
#8850 = AXIS2_PLACEMENT_3D('',#8851,#8852,#8853);
#8851 = CARTESIAN_POINT('',(0.,0.,-3.));
#8852 = DIRECTION('',(0.,0.,1.));
#8853 = DIRECTION('',(1.,0.,-0.));
#8854 = ORIENTED_EDGE('',*,*,#8840,.F.);
#8855 = CYLINDRICAL_SURFACE('',#8856,0.8);
#8856 = AXIS2_PLACEMENT_3D('',#8857,#8858,#8859);
#8857 = CARTESIAN_POINT('',(0.,0.,-1.E-01));
#8858 = DIRECTION('',(-0.,-0.,-1.));
#8859 = DIRECTION('',(1.,0.,0.));
#8860 = ADVANCED_FACE('',(#8861),#8864,.F.);
#8861 = FACE_BOUND('',#8862,.F.);
#8862 = EDGE_LOOP('',(#8863));
#8863 = ORIENTED_EDGE('',*,*,#8848,.T.);
#8864 = PLANE('',#8865);
#8865 = AXIS2_PLACEMENT_3D('',#8866,#8867,#8868);
#8866 = CARTESIAN_POINT('',(0.,0.,-3.));
#8867 = DIRECTION('',(0.,0.,1.));
#8868 = DIRECTION('',(1.,0.,-0.));
#8869 = ( GEOMETRIC_REPRESENTATION_CONTEXT(3) 
GLOBAL_UNCERTAINTY_ASSIGNED_CONTEXT((#8873)) 
GLOBAL_UNIT_ASSIGNED_CONTEXT((#8870,#8871,#8872)) REPRESENTATION_CONTEXT
('Context #1','3D Context with UNIT and UNCERTAINTY') );
#8870 = ( LENGTH_UNIT() NAMED_UNIT(*) SI_UNIT(.MILLI.,.METRE.) );
#8871 = ( NAMED_UNIT(*) PLANE_ANGLE_UNIT() SI_UNIT($,.RADIAN.) );
#8872 = ( NAMED_UNIT(*) SI_UNIT($,.STERADIAN.) SOLID_ANGLE_UNIT() );
#8873 = UNCERTAINTY_MEASURE_WITH_UNIT(LENGTH_MEASURE(2.E-06),#8870,
  'distance_accuracy_value','confusion accuracy');
#8874 = CONTEXT_DEPENDENT_SHAPE_REPRESENTATION(#8875,#8877);
#8875 = ( REPRESENTATION_RELATIONSHIP('','',#8464,#10) 
REPRESENTATION_RELATIONSHIP_WITH_TRANSFORMATION(#8876) 
SHAPE_REPRESENTATION_RELATIONSHIP() );
#8876 = ITEM_DEFINED_TRANSFORMATION('','',#11,#27);
#8877 = PRODUCT_DEFINITION_SHAPE('Placement','Placement of an item',
  #8878);
#8878 = NEXT_ASSEMBLY_USAGE_OCCURRENCE('484','M1.6x3-Screw004','',#5,
  #8459,$);
#8879 = PRODUCT_RELATED_PRODUCT_CATEGORY('part',$,(#8461));
#8880 = SHAPE_DEFINITION_REPRESENTATION(#8881,#8887);
#8881 = PRODUCT_DEFINITION_SHAPE('','',#8882);
#8882 = PRODUCT_DEFINITION('design','',#8883,#8886);
#8883 = PRODUCT_DEFINITION_FORMATION('','',#8884);
#8884 = PRODUCT('Body035','Body035','',(#8885));
#8885 = PRODUCT_CONTEXT('',#2,'mechanical');
#8886 = PRODUCT_DEFINITION_CONTEXT('part definition',#2,'design');
#8887 = ADVANCED_BREP_SHAPE_REPRESENTATION('',(#11,#8888),#10802);
#8888 = MANIFOLD_SOLID_BREP('',#8889);
#8889 = CLOSED_SHELL('',(#8890,#9099,#9146,#9170,#9195,#9226,#9364,#9388
    ,#9412,#9436,#9558,#9582,#9606,#9630,#9654,#9678,#9702,#9726,#9750,
    #9774,#9798,#9822,#9846,#9870,#9894,#9918,#9935,#9959,#10002,#10019,
    #10031,#10048,#10065,#10107,#10132,#10149,#10188,#10205,#10217,
    #10250,#10290,#10307,#10340,#10375,#10392,#10441,#10458,#10507,
    #10524,#10541,#10558,#10577,#10589,#10631,#10656,#10690,#10723,
    #10756,#10773,#10790));
#8890 = ADVANCED_FACE('',(#8891),#9094,.T.);
#8891 = FACE_BOUND('',#8892,.T.);
#8892 = EDGE_LOOP('',(#8893,#8903,#8912,#8920,#8928,#8936,#8944,#8952,
    #8960,#8968,#8976,#8984,#8992,#9000,#9008,#9016,#9024,#9032,#9040,
    #9048,#9056,#9064,#9072,#9080,#9088));
#8893 = ORIENTED_EDGE('',*,*,#8894,.F.);
#8894 = EDGE_CURVE('',#8895,#8897,#8899,.T.);
#8895 = VERTEX_POINT('',#8896);
#8896 = CARTESIAN_POINT('',(-0.9,2.600000000001,3.6));
#8897 = VERTEX_POINT('',#8898);
#8898 = CARTESIAN_POINT('',(-0.9,-2.3,3.6));
#8899 = LINE('',#8900,#8901);
#8900 = CARTESIAN_POINT('',(-0.9,-2.75,3.6));
#8901 = VECTOR('',#8902,1.);
#8902 = DIRECTION('',(1.33E-15,-1.,1.67E-15));
#8903 = ORIENTED_EDGE('',*,*,#8904,.T.);
#8904 = EDGE_CURVE('',#8895,#8905,#8907,.T.);
#8905 = VERTEX_POINT('',#8906);
#8906 = CARTESIAN_POINT('',(-0.9,3.100000000001,3.1));
#8907 = CIRCLE('',#8908,0.5);
#8908 = AXIS2_PLACEMENT_3D('',#8909,#8910,#8911);
#8909 = CARTESIAN_POINT('',(-0.9,2.600000000001,3.1));
#8910 = DIRECTION('',(-1.,-6.7E-16,-2.11E-15));
#8911 = DIRECTION('',(-6.7E-16,1.,-2.11E-15));
#8912 = ORIENTED_EDGE('',*,*,#8913,.F.);
#8913 = EDGE_CURVE('',#8914,#8905,#8916,.T.);
#8914 = VERTEX_POINT('',#8915);
#8915 = CARTESIAN_POINT('',(-0.9,3.100000000001,2.8));
#8916 = LINE('',#8917,#8918);
#8917 = CARTESIAN_POINT('',(-0.9,3.100000000001,3.7));
#8918 = VECTOR('',#8919,1.);
#8919 = DIRECTION('',(-1.67E-15,1.1E-16,1.));
#8920 = ORIENTED_EDGE('',*,*,#8921,.F.);
#8921 = EDGE_CURVE('',#8922,#8914,#8924,.T.);
#8922 = VERTEX_POINT('',#8923);
#8923 = CARTESIAN_POINT('',(-0.9,2.5,2.8));
#8924 = LINE('',#8925,#8926);
#8925 = CARTESIAN_POINT('',(-0.9,-3.,2.8));
#8926 = VECTOR('',#8927,1.);
#8927 = DIRECTION('',(-1.33E-15,1.,-1.E-15));
#8928 = ORIENTED_EDGE('',*,*,#8929,.F.);
#8929 = EDGE_CURVE('',#8930,#8922,#8932,.T.);
#8930 = VERTEX_POINT('',#8931);
#8931 = CARTESIAN_POINT('',(-0.9,2.5,2.999999999998));
#8932 = LINE('',#8933,#8934);
#8933 = CARTESIAN_POINT('',(-0.9,2.5,2.45));
#8934 = VECTOR('',#8935,1.);
#8935 = DIRECTION('',(1.67E-15,-1.1E-16,-1.));
#8936 = ORIENTED_EDGE('',*,*,#8937,.F.);
#8937 = EDGE_CURVE('',#8938,#8930,#8940,.T.);
#8938 = VERTEX_POINT('',#8939);
#8939 = CARTESIAN_POINT('',(-0.9,1.65,2.999999999999));
#8940 = LINE('',#8941,#8942);
#8941 = CARTESIAN_POINT('',(-0.9,-0.25,2.999999999998));
#8942 = VECTOR('',#8943,1.);
#8943 = DIRECTION('',(-1.33E-15,1.,-1.67E-15));
#8944 = ORIENTED_EDGE('',*,*,#8945,.T.);
#8945 = EDGE_CURVE('',#8938,#8946,#8948,.T.);
#8946 = VERTEX_POINT('',#8947);
#8947 = CARTESIAN_POINT('',(-0.9,1.505662432703,3.25));
#8948 = LINE('',#8949,#8950);
#8949 = CARTESIAN_POINT('',(-0.9,0.715122960121,4.619254531899));
#8950 = VECTOR('',#8951,1.);
#8951 = DIRECTION('',(-8.6E-16,-0.5,0.866025403784));
#8952 = ORIENTED_EDGE('',*,*,#8953,.T.);
#8953 = EDGE_CURVE('',#8946,#8954,#8956,.T.);
#8954 = VERTEX_POINT('',#8955);
#8955 = CARTESIAN_POINT('',(-0.9,1.361324865405,2.999999999999));
#8956 = LINE('',#8957,#8958);
#8957 = CARTESIAN_POINT('',(-0.9,1.097617513459,2.543245468101));
#8958 = VECTOR('',#8959,1.);
#8959 = DIRECTION('',(1.64E-15,-0.5,-0.866025403784));
#8960 = ORIENTED_EDGE('',*,*,#8961,.F.);
#8961 = EDGE_CURVE('',#8962,#8954,#8964,.T.);
#8962 = VERTEX_POINT('',#8963);
#8963 = CARTESIAN_POINT('',(-0.9,1.157735026919,2.999999999999));
#8964 = LINE('',#8965,#8966);
#8965 = CARTESIAN_POINT('',(-0.9,-0.25,2.999999999998));
#8966 = VECTOR('',#8967,1.);
#8967 = DIRECTION('',(-1.33E-15,1.,-1.67E-15));
#8968 = ORIENTED_EDGE('',*,*,#8969,.T.);
#8969 = EDGE_CURVE('',#8962,#8970,#8972,.T.);
#8970 = VERTEX_POINT('',#8971);
#8971 = CARTESIAN_POINT('',(-0.9,1.013397459622,3.25));
#8972 = LINE('',#8973,#8974);
#8973 = CARTESIAN_POINT('',(-0.9,0.284391108675,4.512676038879));
#8974 = VECTOR('',#8975,1.);
#8975 = DIRECTION('',(-8.6E-16,-0.5,0.866025403784));
#8976 = ORIENTED_EDGE('',*,*,#8977,.T.);
#8977 = EDGE_CURVE('',#8970,#8978,#8980,.T.);
#8978 = VERTEX_POINT('',#8979);
#8979 = CARTESIAN_POINT('',(-0.9,0.869059892324,2.999999999999));
#8980 = LINE('',#8981,#8982);
#8981 = CARTESIAN_POINT('',(-0.9,0.666885662014,2.649823961121));
#8982 = VECTOR('',#8983,1.);
#8983 = DIRECTION('',(1.64E-15,-0.5,-0.866025403784));
#8984 = ORIENTED_EDGE('',*,*,#8985,.F.);
#8985 = EDGE_CURVE('',#8986,#8978,#8988,.T.);
#8986 = VERTEX_POINT('',#8987);
#8987 = CARTESIAN_POINT('',(-0.9,0.665470053838,2.999999999999));
#8988 = LINE('',#8989,#8990);
#8989 = CARTESIAN_POINT('',(-0.9,-0.25,2.999999999998));
#8990 = VECTOR('',#8991,1.);
#8991 = DIRECTION('',(-1.33E-15,1.,-1.67E-15));
#8992 = ORIENTED_EDGE('',*,*,#8993,.T.);
#8993 = EDGE_CURVE('',#8986,#8994,#8996,.T.);
#8994 = VERTEX_POINT('',#8995);
#8995 = CARTESIAN_POINT('',(-0.9,0.521132486541,3.25));
#8996 = LINE('',#8997,#8998);
#8997 = CARTESIAN_POINT('',(-0.9,-0.14634074277,4.406097545859));
#8998 = VECTOR('',#8999,1.);
#8999 = DIRECTION('',(-8.6E-16,-0.5,0.866025403784));
#9000 = ORIENTED_EDGE('',*,*,#9001,.T.);
#9001 = EDGE_CURVE('',#8994,#9002,#9004,.T.);
#9002 = VERTEX_POINT('',#9003);
#9003 = CARTESIAN_POINT('',(-0.9,0.376794919243,2.999999999999));
#9004 = LINE('',#9005,#9006);
#9005 = CARTESIAN_POINT('',(-0.9,0.236153810568,2.756402454141));
#9006 = VECTOR('',#9007,1.);
#9007 = DIRECTION('',(1.64E-15,-0.5,-0.866025403784));
#9008 = ORIENTED_EDGE('',*,*,#9009,.F.);
#9009 = EDGE_CURVE('',#9010,#9002,#9012,.T.);
#9010 = VERTEX_POINT('',#9011);
#9011 = CARTESIAN_POINT('',(-0.9,0.173205080757,2.999999999999));
#9012 = LINE('',#9013,#9014);
#9013 = CARTESIAN_POINT('',(-0.9,-0.25,2.999999999998));
#9014 = VECTOR('',#9015,1.);
#9015 = DIRECTION('',(-1.33E-15,1.,-1.67E-15));
#9016 = ORIENTED_EDGE('',*,*,#9017,.T.);
#9017 = EDGE_CURVE('',#9010,#9018,#9020,.T.);
#9018 = VERTEX_POINT('',#9019);
#9019 = CARTESIAN_POINT('',(-0.9,2.886751345948E-02,3.25));
#9020 = LINE('',#9021,#9022);
#9021 = CARTESIAN_POINT('',(-0.9,-0.577072594216,4.299519052838));
#9022 = VECTOR('',#9023,1.);
#9023 = DIRECTION('',(-8.6E-16,-0.5,0.866025403784));
#9024 = ORIENTED_EDGE('',*,*,#9025,.T.);
#9025 = EDGE_CURVE('',#9018,#9026,#9028,.T.);
#9026 = VERTEX_POINT('',#9027);
#9027 = CARTESIAN_POINT('',(-0.9,-0.115470053838,2.999999999999));
#9028 = LINE('',#9029,#9030);
#9029 = CARTESIAN_POINT('',(-0.9,-0.194578040878,2.862980947162));
#9030 = VECTOR('',#9031,1.);
#9031 = DIRECTION('',(1.64E-15,-0.5,-0.866025403784));
#9032 = ORIENTED_EDGE('',*,*,#9033,.F.);
#9033 = EDGE_CURVE('',#9034,#9026,#9036,.T.);
#9034 = VERTEX_POINT('',#9035);
#9035 = CARTESIAN_POINT('',(-0.9,-0.319059892324,2.999999999999));
#9036 = LINE('',#9037,#9038);
#9037 = CARTESIAN_POINT('',(-0.9,-0.25,2.999999999998));
#9038 = VECTOR('',#9039,1.);
#9039 = DIRECTION('',(-1.33E-15,1.,-1.67E-15));
#9040 = ORIENTED_EDGE('',*,*,#9041,.T.);
#9041 = EDGE_CURVE('',#9034,#9042,#9044,.T.);
#9042 = VERTEX_POINT('',#9043);
#9043 = CARTESIAN_POINT('',(-0.9,-0.463397459622,3.25));
#9044 = LINE('',#9045,#9046);
#9045 = CARTESIAN_POINT('',(-0.9,-1.007804445662,4.192940559818));
#9046 = VECTOR('',#9047,1.);
#9047 = DIRECTION('',(-8.6E-16,-0.5,0.866025403784));
#9048 = ORIENTED_EDGE('',*,*,#9049,.T.);
#9049 = EDGE_CURVE('',#9042,#9050,#9052,.T.);
#9050 = VERTEX_POINT('',#9051);
#9051 = CARTESIAN_POINT('',(-0.9,-0.607735026919,2.999999999999));
#9052 = LINE('',#9053,#9054);
#9053 = CARTESIAN_POINT('',(-0.9,-0.625309892324,2.969559440182));
#9054 = VECTOR('',#9055,1.);
#9055 = DIRECTION('',(1.64E-15,-0.5,-0.866025403784));
#9056 = ORIENTED_EDGE('',*,*,#9057,.F.);
#9057 = EDGE_CURVE('',#9058,#9050,#9060,.T.);
#9058 = VERTEX_POINT('',#9059);
#9059 = CARTESIAN_POINT('',(-0.9,-0.811324865405,2.999999999999));
#9060 = LINE('',#9061,#9062);
#9061 = CARTESIAN_POINT('',(-0.9,-0.25,2.999999999998));
#9062 = VECTOR('',#9063,1.);
#9063 = DIRECTION('',(-1.33E-15,1.,-1.67E-15));
#9064 = ORIENTED_EDGE('',*,*,#9065,.T.);
#9065 = EDGE_CURVE('',#9058,#9066,#9068,.T.);
#9066 = VERTEX_POINT('',#9067);
#9067 = CARTESIAN_POINT('',(-0.9,-0.955662432703,3.25));
#9068 = LINE('',#9069,#9070);
#9069 = CARTESIAN_POINT('',(-0.9,-1.438536297108,4.086362066798));
#9070 = VECTOR('',#9071,1.);
#9071 = DIRECTION('',(-8.6E-16,-0.5,0.866025403784));
#9072 = ORIENTED_EDGE('',*,*,#9073,.T.);
#9073 = EDGE_CURVE('',#9066,#9074,#9076,.T.);
#9074 = VERTEX_POINT('',#9075);
#9075 = CARTESIAN_POINT('',(-0.9,-1.1,2.999999999999));
#9076 = LINE('',#9077,#9078);
#9077 = CARTESIAN_POINT('',(-0.9,-1.05604174377,3.076137933202));
#9078 = VECTOR('',#9079,1.);
#9079 = DIRECTION('',(1.64E-15,-0.5,-0.866025403784));
#9080 = ORIENTED_EDGE('',*,*,#9081,.F.);
#9081 = EDGE_CURVE('',#9082,#9074,#9084,.T.);
#9082 = VERTEX_POINT('',#9083);
#9083 = CARTESIAN_POINT('',(-0.9,-2.3,2.999999999998));
#9084 = LINE('',#9085,#9086);
#9085 = CARTESIAN_POINT('',(-0.9,-0.25,2.999999999998));
#9086 = VECTOR('',#9087,1.);
#9087 = DIRECTION('',(-1.33E-15,1.,-1.67E-15));
#9088 = ORIENTED_EDGE('',*,*,#9089,.F.);
#9089 = EDGE_CURVE('',#8897,#9082,#9090,.T.);
#9090 = LINE('',#9091,#9092);
#9091 = CARTESIAN_POINT('',(-0.9,-2.3,3.6));
#9092 = VECTOR('',#9093,1.);
#9093 = DIRECTION('',(1.67E-15,-1.44E-15,-1.));
#9094 = PLANE('',#9095);
#9095 = AXIS2_PLACEMENT_3D('',#9096,#9097,#9098);
#9096 = CARTESIAN_POINT('',(-0.9,-3.,4.3));
#9097 = DIRECTION('',(-1.,4.4E-16,1.1E-16));
#9098 = DIRECTION('',(-1.1E-16,1.E-15,-1.));
#9099 = ADVANCED_FACE('',(#9100),#9141,.T.);
#9100 = FACE_BOUND('',#9101,.T.);
#9101 = EDGE_LOOP('',(#9102,#9103,#9111,#9119,#9127,#9135));
#9102 = ORIENTED_EDGE('',*,*,#8894,.T.);
#9103 = ORIENTED_EDGE('',*,*,#9104,.T.);
#9104 = EDGE_CURVE('',#8897,#9105,#9107,.T.);
#9105 = VERTEX_POINT('',#9106);
#9106 = CARTESIAN_POINT('',(-0.7,-2.5,3.6));
#9107 = LINE('',#9108,#9109);
#9108 = CARTESIAN_POINT('',(-0.875,-2.325,3.6));
#9109 = VECTOR('',#9110,1.);
#9110 = DIRECTION('',(0.707106781187,-0.707106781187,2.55E-15));
#9111 = ORIENTED_EDGE('',*,*,#9112,.T.);
#9112 = EDGE_CURVE('',#9105,#9113,#9115,.T.);
#9113 = VERTEX_POINT('',#9114);
#9114 = CARTESIAN_POINT('',(0.7,-2.5,3.6));
#9115 = LINE('',#9116,#9117);
#9116 = CARTESIAN_POINT('',(-1.2,-2.5,3.6));
#9117 = VECTOR('',#9118,1.);
#9118 = DIRECTION('',(1.,-1.11E-15,-2.8E-16));
#9119 = ORIENTED_EDGE('',*,*,#9120,.F.);
#9120 = EDGE_CURVE('',#9121,#9113,#9123,.T.);
#9121 = VERTEX_POINT('',#9122);
#9122 = CARTESIAN_POINT('',(0.9,-2.3,3.6));
#9123 = LINE('',#9124,#9125);
#9124 = CARTESIAN_POINT('',(0.275,-2.925,3.6));
#9125 = VECTOR('',#9126,1.);
#9126 = DIRECTION('',(-0.707106781187,-0.707106781187,-8.2E-16));
#9127 = ORIENTED_EDGE('',*,*,#9128,.T.);
#9128 = EDGE_CURVE('',#9121,#9129,#9131,.T.);
#9129 = VERTEX_POINT('',#9130);
#9130 = CARTESIAN_POINT('',(0.9,2.600000000001,3.6));
#9131 = LINE('',#9132,#9133);
#9132 = CARTESIAN_POINT('',(0.9,-2.75,3.6));
#9133 = VECTOR('',#9134,1.);
#9134 = DIRECTION('',(-1.33E-15,1.,-1.67E-15));
#9135 = ORIENTED_EDGE('',*,*,#9136,.F.);
#9136 = EDGE_CURVE('',#8895,#9129,#9137,.T.);
#9137 = LINE('',#9138,#9139);
#9138 = CARTESIAN_POINT('',(-1.2,2.600000000001,3.6));
#9139 = VECTOR('',#9140,1.);
#9140 = DIRECTION('',(1.,-1.11E-15,-2.8E-16));
#9141 = PLANE('',#9142);
#9142 = AXIS2_PLACEMENT_3D('',#9143,#9144,#9145);
#9143 = CARTESIAN_POINT('',(-1.2,-2.5,3.6));
#9144 = DIRECTION('',(-2.39E-15,-7.8E-16,1.));
#9145 = DIRECTION('',(-1.78E-15,1.,7.8E-16));
#9146 = ADVANCED_FACE('',(#9147),#9165,.T.);
#9147 = FACE_BOUND('',#9148,.T.);
#9148 = EDGE_LOOP('',(#9149,#9150,#9151,#9159));
#9149 = ORIENTED_EDGE('',*,*,#9104,.F.);
#9150 = ORIENTED_EDGE('',*,*,#9089,.T.);
#9151 = ORIENTED_EDGE('',*,*,#9152,.T.);
#9152 = EDGE_CURVE('',#9082,#9153,#9155,.T.);
#9153 = VERTEX_POINT('',#9154);
#9154 = CARTESIAN_POINT('',(-0.7,-2.5,3.199999999998));
#9155 = LINE('',#9156,#9157);
#9156 = CARTESIAN_POINT('',(-0.733333333333,-2.466666666667,
    3.166666666665));
#9157 = VECTOR('',#9158,1.);
#9158 = DIRECTION('',(0.57735026919,-0.57735026919,0.57735026919));
#9159 = ORIENTED_EDGE('',*,*,#9160,.F.);
#9160 = EDGE_CURVE('',#9105,#9153,#9161,.T.);
#9161 = LINE('',#9162,#9163);
#9162 = CARTESIAN_POINT('',(-0.7,-2.5,3.6));
#9163 = VECTOR('',#9164,1.);
#9164 = DIRECTION('',(1.67E-15,-1.44E-15,-1.));
#9165 = PLANE('',#9166);
#9166 = AXIS2_PLACEMENT_3D('',#9167,#9168,#9169);
#9167 = CARTESIAN_POINT('',(-0.8,-2.4,3.6));
#9168 = DIRECTION('',(-0.707106781187,-0.707106781187,1.1E-15));
#9169 = DIRECTION('',(7.771825406948E-16,-2.332817459305E-15,-1.));
#9170 = ADVANCED_FACE('',(#9171),#9190,.T.);
#9171 = FACE_BOUND('',#9172,.F.);
#9172 = EDGE_LOOP('',(#9173,#9174,#9182,#9189));
#9173 = ORIENTED_EDGE('',*,*,#8904,.T.);
#9174 = ORIENTED_EDGE('',*,*,#9175,.T.);
#9175 = EDGE_CURVE('',#8905,#9176,#9178,.T.);
#9176 = VERTEX_POINT('',#9177);
#9177 = CARTESIAN_POINT('',(0.9,3.100000000001,3.1));
#9178 = LINE('',#9179,#9180);
#9179 = CARTESIAN_POINT('',(-1.2,3.100000000001,3.1));
#9180 = VECTOR('',#9181,1.);
#9181 = DIRECTION('',(1.,-1.11E-15,-2.8E-16));
#9182 = ORIENTED_EDGE('',*,*,#9183,.F.);
#9183 = EDGE_CURVE('',#9129,#9176,#9184,.T.);
#9184 = CIRCLE('',#9185,0.5);
#9185 = AXIS2_PLACEMENT_3D('',#9186,#9187,#9188);
#9186 = CARTESIAN_POINT('',(0.9,2.600000000001,3.1));
#9187 = DIRECTION('',(-1.,-6.7E-16,-2.11E-15));
#9188 = DIRECTION('',(-6.7E-16,1.,-2.11E-15));
#9189 = ORIENTED_EDGE('',*,*,#9136,.F.);
#9190 = CYLINDRICAL_SURFACE('',#9191,0.5);
#9191 = AXIS2_PLACEMENT_3D('',#9192,#9193,#9194);
#9192 = CARTESIAN_POINT('',(-1.2,2.600000000001,3.1));
#9193 = DIRECTION('',(-1.,8.9E-16,1.1E-16));
#9194 = DIRECTION('',(8.9E-16,1.,-1.89E-15));
#9195 = ADVANCED_FACE('',(#9196),#9221,.T.);
#9196 = FACE_BOUND('',#9197,.T.);
#9197 = EDGE_LOOP('',(#9198,#9208,#9214,#9215));
#9198 = ORIENTED_EDGE('',*,*,#9199,.T.);
#9199 = EDGE_CURVE('',#9200,#9202,#9204,.T.);
#9200 = VERTEX_POINT('',#9201);
#9201 = CARTESIAN_POINT('',(0.9,-1.1,2.999999999999));
#9202 = VERTEX_POINT('',#9203);
#9203 = CARTESIAN_POINT('',(0.9,-2.3,2.999999999998));
#9204 = LINE('',#9205,#9206);
#9205 = CARTESIAN_POINT('',(0.9,-0.25,2.999999999998));
#9206 = VECTOR('',#9207,1.);
#9207 = DIRECTION('',(1.33E-15,-1.,1.67E-15));
#9208 = ORIENTED_EDGE('',*,*,#9209,.F.);
#9209 = EDGE_CURVE('',#9082,#9202,#9210,.T.);
#9210 = LINE('',#9211,#9212);
#9211 = CARTESIAN_POINT('',(-0.9,-2.3,2.999999999998));
#9212 = VECTOR('',#9213,1.);
#9213 = DIRECTION('',(1.,-1.78E-15,1.05E-15));
#9214 = ORIENTED_EDGE('',*,*,#9081,.T.);
#9215 = ORIENTED_EDGE('',*,*,#9216,.F.);
#9216 = EDGE_CURVE('',#9200,#9074,#9217,.T.);
#9217 = LINE('',#9218,#9219);
#9218 = CARTESIAN_POINT('',(9.526179507022,-1.1,3.));
#9219 = VECTOR('',#9220,1.);
#9220 = DIRECTION('',(-1.,7.8E-16,-6.E-17));
#9221 = PLANE('',#9222);
#9222 = AXIS2_PLACEMENT_3D('',#9223,#9224,#9225);
#9223 = CARTESIAN_POINT('',(-1.2,2.5,2.999999999998));
#9224 = DIRECTION('',(2.39E-15,7.8E-16,-1.));
#9225 = DIRECTION('',(1.78E-15,-1.,-7.8E-16));
#9226 = ADVANCED_FACE('',(#9227,#9309),#9359,.T.);
#9227 = FACE_BOUND('',#9228,.T.);
#9228 = EDGE_LOOP('',(#9229,#9237,#9238,#9239,#9247,#9255,#9263,#9271,
    #9279,#9287,#9295,#9303));
#9229 = ORIENTED_EDGE('',*,*,#9230,.T.);
#9230 = EDGE_CURVE('',#9231,#8914,#9233,.T.);
#9231 = VERTEX_POINT('',#9232);
#9232 = CARTESIAN_POINT('',(-1.2,3.100000000001,2.8));
#9233 = LINE('',#9234,#9235);
#9234 = CARTESIAN_POINT('',(-1.05,3.100000000001,2.8));
#9235 = VECTOR('',#9236,1.);
#9236 = DIRECTION('',(1.,-8.9E-16,-3.3E-16));
#9237 = ORIENTED_EDGE('',*,*,#8913,.T.);
#9238 = ORIENTED_EDGE('',*,*,#9175,.T.);
#9239 = ORIENTED_EDGE('',*,*,#9240,.T.);
#9240 = EDGE_CURVE('',#9176,#9241,#9243,.T.);
#9241 = VERTEX_POINT('',#9242);
#9242 = CARTESIAN_POINT('',(0.9,3.100000000001,2.8));
#9243 = LINE('',#9244,#9245);
#9244 = CARTESIAN_POINT('',(0.9,3.100000000001,2.95));
#9245 = VECTOR('',#9246,1.);
#9246 = DIRECTION('',(1.67E-15,-1.1E-16,-1.));
#9247 = ORIENTED_EDGE('',*,*,#9248,.T.);
#9248 = EDGE_CURVE('',#9241,#9249,#9251,.T.);
#9249 = VERTEX_POINT('',#9250);
#9250 = CARTESIAN_POINT('',(1.2,3.100000000001,2.8));
#9251 = LINE('',#9252,#9253);
#9252 = CARTESIAN_POINT('',(0.6,3.100000000001,2.8));
#9253 = VECTOR('',#9254,1.);
#9254 = DIRECTION('',(1.,-8.9E-16,-3.3E-16));
#9255 = ORIENTED_EDGE('',*,*,#9256,.T.);
#9256 = EDGE_CURVE('',#9249,#9257,#9259,.T.);
#9257 = VERTEX_POINT('',#9258);
#9258 = CARTESIAN_POINT('',(1.2,3.1,0.75));
#9259 = LINE('',#9260,#9261);
#9260 = CARTESIAN_POINT('',(1.2,3.100000000001,3.1));
#9261 = VECTOR('',#9262,1.);
#9262 = DIRECTION('',(2.33E-15,1.44E-15,-1.));
#9263 = ORIENTED_EDGE('',*,*,#9264,.T.);
#9264 = EDGE_CURVE('',#9257,#9265,#9267,.T.);
#9265 = VERTEX_POINT('',#9266);
#9266 = CARTESIAN_POINT('',(0.8,3.1,0.75));
#9267 = LINE('',#9268,#9269);
#9268 = CARTESIAN_POINT('',(1.8,3.1,0.75));
#9269 = VECTOR('',#9270,1.);
#9270 = DIRECTION('',(-1.,4.4E-16,3.3E-16));
#9271 = ORIENTED_EDGE('',*,*,#9272,.F.);
#9272 = EDGE_CURVE('',#9273,#9265,#9275,.T.);
#9273 = VERTEX_POINT('',#9274);
#9274 = CARTESIAN_POINT('',(0.8,3.1,0.5));
#9275 = LINE('',#9276,#9277);
#9276 = CARTESIAN_POINT('',(0.8,3.1,-2.5E-15));
#9277 = VECTOR('',#9278,1.);
#9278 = DIRECTION('',(-1.E-15,-3.3E-16,1.));
#9279 = ORIENTED_EDGE('',*,*,#9280,.F.);
#9280 = EDGE_CURVE('',#9281,#9273,#9283,.T.);
#9281 = VERTEX_POINT('',#9282);
#9282 = CARTESIAN_POINT('',(-0.8,3.1,0.5));
#9283 = LINE('',#9284,#9285);
#9284 = CARTESIAN_POINT('',(-1.2,3.100000000001,0.5));
#9285 = VECTOR('',#9286,1.);
#9286 = DIRECTION('',(1.,-1.11E-15,-2.8E-16));
#9287 = ORIENTED_EDGE('',*,*,#9288,.T.);
#9288 = EDGE_CURVE('',#9281,#9289,#9291,.T.);
#9289 = VERTEX_POINT('',#9290);
#9290 = CARTESIAN_POINT('',(-0.8,3.1,0.75));
#9291 = LINE('',#9292,#9293);
#9292 = CARTESIAN_POINT('',(-0.8,3.1,-2.32E-15));
#9293 = VECTOR('',#9294,1.);
#9294 = DIRECTION('',(-1.E-15,-3.3E-16,1.));
#9295 = ORIENTED_EDGE('',*,*,#9296,.F.);
#9296 = EDGE_CURVE('',#9297,#9289,#9299,.T.);
#9297 = VERTEX_POINT('',#9298);
#9298 = CARTESIAN_POINT('',(-1.2,3.1,0.75));
#9299 = LINE('',#9300,#9301);
#9300 = CARTESIAN_POINT('',(-1.8,3.1,0.75));
#9301 = VECTOR('',#9302,1.);
#9302 = DIRECTION('',(1.,-4.4E-16,-3.3E-16));
#9303 = ORIENTED_EDGE('',*,*,#9304,.F.);
#9304 = EDGE_CURVE('',#9231,#9297,#9305,.T.);
#9305 = LINE('',#9306,#9307);
#9306 = CARTESIAN_POINT('',(-1.2,3.100000000001,3.1));
#9307 = VECTOR('',#9308,1.);
#9308 = DIRECTION('',(2.33E-15,1.44E-15,-1.));
#9309 = FACE_BOUND('',#9310,.T.);
#9310 = EDGE_LOOP('',(#9311,#9321,#9329,#9337,#9345,#9353));
#9311 = ORIENTED_EDGE('',*,*,#9312,.F.);
#9312 = EDGE_CURVE('',#9313,#9315,#9317,.T.);
#9313 = VERTEX_POINT('',#9314);
#9314 = CARTESIAN_POINT('',(0.6,3.1,2.5));
#9315 = VERTEX_POINT('',#9316);
#9316 = CARTESIAN_POINT('',(0.6,3.1,1.209917094366));
#9317 = LINE('',#9318,#9319);
#9318 = CARTESIAN_POINT('',(0.6,3.1,2.5));
#9319 = VECTOR('',#9320,1.);
#9320 = DIRECTION('',(6.7E-16,3.3E-16,-1.));
#9321 = ORIENTED_EDGE('',*,*,#9322,.T.);
#9322 = EDGE_CURVE('',#9313,#9323,#9325,.T.);
#9323 = VERTEX_POINT('',#9324);
#9324 = CARTESIAN_POINT('',(-0.6,3.1,2.5));
#9325 = LINE('',#9326,#9327);
#9326 = CARTESIAN_POINT('',(0.6,3.1,2.5));
#9327 = VECTOR('',#9328,1.);
#9328 = DIRECTION('',(-1.,5.6E-16,-2.8E-16));
#9329 = ORIENTED_EDGE('',*,*,#9330,.T.);
#9330 = EDGE_CURVE('',#9323,#9331,#9333,.T.);
#9331 = VERTEX_POINT('',#9332);
#9332 = CARTESIAN_POINT('',(-0.6,3.1,1.209917094366));
#9333 = LINE('',#9334,#9335);
#9334 = CARTESIAN_POINT('',(-0.6,3.1,2.5));
#9335 = VECTOR('',#9336,1.);
#9336 = DIRECTION('',(6.7E-16,3.3E-16,-1.));
#9337 = ORIENTED_EDGE('',*,*,#9338,.T.);
#9338 = EDGE_CURVE('',#9331,#9339,#9341,.T.);
#9339 = VERTEX_POINT('',#9340);
#9340 = CARTESIAN_POINT('',(-0.6,3.1,1.));
#9341 = LINE('',#9342,#9343);
#9342 = CARTESIAN_POINT('',(-0.6,3.1,2.5));
#9343 = VECTOR('',#9344,1.);
#9344 = DIRECTION('',(6.7E-16,3.3E-16,-1.));
#9345 = ORIENTED_EDGE('',*,*,#9346,.F.);
#9346 = EDGE_CURVE('',#9347,#9339,#9349,.T.);
#9347 = VERTEX_POINT('',#9348);
#9348 = CARTESIAN_POINT('',(0.6,3.1,1.));
#9349 = LINE('',#9350,#9351);
#9350 = CARTESIAN_POINT('',(0.6,3.1,1.));
#9351 = VECTOR('',#9352,1.);
#9352 = DIRECTION('',(-1.,5.6E-16,-2.8E-16));
#9353 = ORIENTED_EDGE('',*,*,#9354,.F.);
#9354 = EDGE_CURVE('',#9315,#9347,#9355,.T.);
#9355 = LINE('',#9356,#9357);
#9356 = CARTESIAN_POINT('',(0.6,3.1,2.5));
#9357 = VECTOR('',#9358,1.);
#9358 = DIRECTION('',(6.7E-16,3.3E-16,-1.));
#9359 = PLANE('',#9360);
#9360 = AXIS2_PLACEMENT_3D('',#9361,#9362,#9363);
#9361 = CARTESIAN_POINT('',(-1.2,3.100000000001,3.1));
#9362 = DIRECTION('',(-1.55E-15,1.,-1.67E-15));
#9363 = DIRECTION('',(2.55E-15,-1.67E-15,-1.));
#9364 = ADVANCED_FACE('',(#9365),#9383,.T.);
#9365 = FACE_BOUND('',#9366,.T.);
#9366 = EDGE_LOOP('',(#9367,#9375,#9376,#9377));
#9367 = ORIENTED_EDGE('',*,*,#9368,.F.);
#9368 = EDGE_CURVE('',#9200,#9369,#9371,.T.);
#9369 = VERTEX_POINT('',#9370);
#9370 = CARTESIAN_POINT('',(0.9,-0.955662432703,3.25));
#9371 = LINE('',#9372,#9373);
#9372 = CARTESIAN_POINT('',(0.9,-1.380801270189,2.513637933202));
#9373 = VECTOR('',#9374,1.);
#9374 = DIRECTION('',(-1.64E-15,0.5,0.866025403784));
#9375 = ORIENTED_EDGE('',*,*,#9216,.T.);
#9376 = ORIENTED_EDGE('',*,*,#9073,.F.);
#9377 = ORIENTED_EDGE('',*,*,#9378,.F.);
#9378 = EDGE_CURVE('',#9369,#9066,#9379,.T.);
#9379 = LINE('',#9380,#9381);
#9380 = CARTESIAN_POINT('',(9.526179507022,-0.955662432703,3.25));
#9381 = VECTOR('',#9382,1.);
#9382 = DIRECTION('',(-1.,7.8E-16,-6.E-17));
#9383 = PLANE('',#9384);
#9384 = AXIS2_PLACEMENT_3D('',#9385,#9386,#9387);
#9385 = CARTESIAN_POINT('',(9.526179507022,-1.1,3.));
#9386 = DIRECTION('',(2.1E-16,0.866025403784,-0.5));
#9387 = DIRECTION('',(-1.73E-15,0.5,0.866025403784));
#9388 = ADVANCED_FACE('',(#9389),#9407,.T.);
#9389 = FACE_BOUND('',#9390,.T.);
#9390 = EDGE_LOOP('',(#9391,#9399,#9400,#9401));
#9391 = ORIENTED_EDGE('',*,*,#9392,.F.);
#9392 = EDGE_CURVE('',#8922,#9393,#9395,.T.);
#9393 = VERTEX_POINT('',#9394);
#9394 = CARTESIAN_POINT('',(-1.2,2.5,2.8));
#9395 = LINE('',#9396,#9397);
#9396 = CARTESIAN_POINT('',(-1.05,2.5,2.8));
#9397 = VECTOR('',#9398,1.);
#9398 = DIRECTION('',(-1.,8.9E-16,3.3E-16));
#9399 = ORIENTED_EDGE('',*,*,#8921,.T.);
#9400 = ORIENTED_EDGE('',*,*,#9230,.F.);
#9401 = ORIENTED_EDGE('',*,*,#9402,.T.);
#9402 = EDGE_CURVE('',#9231,#9393,#9403,.T.);
#9403 = LINE('',#9404,#9405);
#9404 = CARTESIAN_POINT('',(-1.2,-1.112514950396,2.8));
#9405 = VECTOR('',#9406,1.);
#9406 = DIRECTION('',(4.4E-16,-1.,1.E-15));
#9407 = PLANE('',#9408);
#9408 = AXIS2_PLACEMENT_3D('',#9409,#9410,#9411);
#9409 = CARTESIAN_POINT('',(-0.9,-3.,2.8));
#9410 = DIRECTION('',(-1.44E-15,-7.8E-16,1.));
#9411 = DIRECTION('',(-1.,6.7E-16,-1.44E-15));
#9412 = ADVANCED_FACE('',(#9413),#9431,.T.);
#9413 = FACE_BOUND('',#9414,.T.);
#9414 = EDGE_LOOP('',(#9415,#9423,#9424,#9425));
#9415 = ORIENTED_EDGE('',*,*,#9416,.F.);
#9416 = EDGE_CURVE('',#9369,#9417,#9419,.T.);
#9417 = VERTEX_POINT('',#9418);
#9418 = CARTESIAN_POINT('',(0.9,-0.811324865405,2.999999999999));
#9419 = LINE('',#9420,#9421);
#9420 = CARTESIAN_POINT('',(0.9,-1.113776770689,3.523862066798));
#9421 = VECTOR('',#9422,1.);
#9422 = DIRECTION('',(8.6E-16,0.5,-0.866025403784));
#9423 = ORIENTED_EDGE('',*,*,#9378,.T.);
#9424 = ORIENTED_EDGE('',*,*,#9065,.F.);
#9425 = ORIENTED_EDGE('',*,*,#9426,.F.);
#9426 = EDGE_CURVE('',#9417,#9058,#9427,.T.);
#9427 = LINE('',#9428,#9429);
#9428 = CARTESIAN_POINT('',(9.526179507022,-0.811324865405,3.));
#9429 = VECTOR('',#9430,1.);
#9430 = DIRECTION('',(-1.,7.8E-16,-6.E-17));
#9431 = PLANE('',#9432);
#9432 = AXIS2_PLACEMENT_3D('',#9433,#9434,#9435);
#9433 = CARTESIAN_POINT('',(9.526179507022,-0.955662432703,3.25));
#9434 = DIRECTION('',(1.17E-15,-0.866025403784,-0.5));
#9435 = DIRECTION('',(9.6E-16,0.5,-0.866025403784));
#9436 = ADVANCED_FACE('',(#9437,#9519),#9553,.T.);
#9437 = FACE_BOUND('',#9438,.T.);
#9438 = EDGE_LOOP('',(#9439,#9447,#9455,#9463,#9471,#9479,#9487,#9495,
    #9503,#9511,#9517,#9518));
#9439 = ORIENTED_EDGE('',*,*,#9440,.F.);
#9440 = EDGE_CURVE('',#9441,#9393,#9443,.T.);
#9441 = VERTEX_POINT('',#9442);
#9442 = CARTESIAN_POINT('',(-1.2,2.5,0.75));
#9443 = LINE('',#9444,#9445);
#9444 = CARTESIAN_POINT('',(-1.2,2.5,0.6));
#9445 = VECTOR('',#9446,1.);
#9446 = DIRECTION('',(-2.33E-15,-1.44E-15,1.));
#9447 = ORIENTED_EDGE('',*,*,#9448,.F.);
#9448 = EDGE_CURVE('',#9449,#9441,#9451,.T.);
#9449 = VERTEX_POINT('',#9450);
#9450 = CARTESIAN_POINT('',(-0.8,2.5,0.75));
#9451 = LINE('',#9452,#9453);
#9452 = CARTESIAN_POINT('',(-0.6,2.5,0.75));
#9453 = VECTOR('',#9454,1.);
#9454 = DIRECTION('',(-1.,6.7E-16,-1.1E-16));
#9455 = ORIENTED_EDGE('',*,*,#9456,.F.);
#9456 = EDGE_CURVE('',#9457,#9449,#9459,.T.);
#9457 = VERTEX_POINT('',#9458);
#9458 = CARTESIAN_POINT('',(-0.8,2.5,0.6));
#9459 = LINE('',#9460,#9461);
#9460 = CARTESIAN_POINT('',(-0.8,2.5,0.3));
#9461 = VECTOR('',#9462,1.);
#9462 = DIRECTION('',(-1.E-15,1.22E-15,1.));
#9463 = ORIENTED_EDGE('',*,*,#9464,.T.);
#9464 = EDGE_CURVE('',#9457,#9465,#9467,.T.);
#9465 = VERTEX_POINT('',#9466);
#9466 = CARTESIAN_POINT('',(0.8,2.5,0.6));
#9467 = LINE('',#9468,#9469);
#9468 = CARTESIAN_POINT('',(-1.2,2.5,0.6));
#9469 = VECTOR('',#9470,1.);
#9470 = DIRECTION('',(1.,-1.11E-15,-2.8E-16));
#9471 = ORIENTED_EDGE('',*,*,#9472,.T.);
#9472 = EDGE_CURVE('',#9465,#9473,#9475,.T.);
#9473 = VERTEX_POINT('',#9474);
#9474 = CARTESIAN_POINT('',(0.8,2.5,0.75));
#9475 = LINE('',#9476,#9477);
#9476 = CARTESIAN_POINT('',(0.8,2.5,0.3));
#9477 = VECTOR('',#9478,1.);
#9478 = DIRECTION('',(-1.E-15,1.22E-15,1.));
#9479 = ORIENTED_EDGE('',*,*,#9480,.F.);
#9480 = EDGE_CURVE('',#9481,#9473,#9483,.T.);
#9481 = VERTEX_POINT('',#9482);
#9482 = CARTESIAN_POINT('',(1.2,2.5,0.75));
#9483 = LINE('',#9484,#9485);
#9484 = CARTESIAN_POINT('',(-0.6,2.5,0.75));
#9485 = VECTOR('',#9486,1.);
#9486 = DIRECTION('',(-1.,6.7E-16,-1.1E-16));
#9487 = ORIENTED_EDGE('',*,*,#9488,.T.);
#9488 = EDGE_CURVE('',#9481,#9489,#9491,.T.);
#9489 = VERTEX_POINT('',#9490);
#9490 = CARTESIAN_POINT('',(1.2,2.5,2.8));
#9491 = LINE('',#9492,#9493);
#9492 = CARTESIAN_POINT('',(1.2,2.5,0.6));
#9493 = VECTOR('',#9494,1.);
#9494 = DIRECTION('',(-2.33E-15,-1.44E-15,1.));
#9495 = ORIENTED_EDGE('',*,*,#9496,.T.);
#9496 = EDGE_CURVE('',#9489,#9497,#9499,.T.);
#9497 = VERTEX_POINT('',#9498);
#9498 = CARTESIAN_POINT('',(0.9,2.5,2.8));
#9499 = LINE('',#9500,#9501);
#9500 = CARTESIAN_POINT('',(0.6,2.5,2.8));
#9501 = VECTOR('',#9502,1.);
#9502 = DIRECTION('',(-1.,8.9E-16,3.3E-16));
#9503 = ORIENTED_EDGE('',*,*,#9504,.T.);
#9504 = EDGE_CURVE('',#9497,#9505,#9507,.T.);
#9505 = VERTEX_POINT('',#9506);
#9506 = CARTESIAN_POINT('',(0.9,2.5,2.999999999998));
#9507 = LINE('',#9508,#9509);
#9508 = CARTESIAN_POINT('',(0.9,2.5,1.7));
#9509 = VECTOR('',#9510,1.);
#9510 = DIRECTION('',(-1.67E-15,1.1E-16,1.));
#9511 = ORIENTED_EDGE('',*,*,#9512,.F.);
#9512 = EDGE_CURVE('',#8930,#9505,#9513,.T.);
#9513 = LINE('',#9514,#9515);
#9514 = CARTESIAN_POINT('',(-1.2,2.5,2.999999999998));
#9515 = VECTOR('',#9516,1.);
#9516 = DIRECTION('',(1.,-1.11E-15,-2.8E-16));
#9517 = ORIENTED_EDGE('',*,*,#8929,.T.);
#9518 = ORIENTED_EDGE('',*,*,#9392,.T.);
#9519 = FACE_BOUND('',#9520,.T.);
#9520 = EDGE_LOOP('',(#9521,#9531,#9539,#9547));
#9521 = ORIENTED_EDGE('',*,*,#9522,.F.);
#9522 = EDGE_CURVE('',#9523,#9525,#9527,.T.);
#9523 = VERTEX_POINT('',#9524);
#9524 = CARTESIAN_POINT('',(0.6,2.5,2.5));
#9525 = VERTEX_POINT('',#9526);
#9526 = CARTESIAN_POINT('',(-0.6,2.5,2.5));
#9527 = LINE('',#9528,#9529);
#9528 = CARTESIAN_POINT('',(0.6,2.5,2.5));
#9529 = VECTOR('',#9530,1.);
#9530 = DIRECTION('',(-1.,5.6E-16,-2.8E-16));
#9531 = ORIENTED_EDGE('',*,*,#9532,.F.);
#9532 = EDGE_CURVE('',#9533,#9523,#9535,.T.);
#9533 = VERTEX_POINT('',#9534);
#9534 = CARTESIAN_POINT('',(0.6,2.5,1.));
#9535 = LINE('',#9536,#9537);
#9536 = CARTESIAN_POINT('',(0.6,2.5,1.));
#9537 = VECTOR('',#9538,1.);
#9538 = DIRECTION('',(-6.7E-16,-3.3E-16,1.));
#9539 = ORIENTED_EDGE('',*,*,#9540,.T.);
#9540 = EDGE_CURVE('',#9533,#9541,#9543,.T.);
#9541 = VERTEX_POINT('',#9542);
#9542 = CARTESIAN_POINT('',(-0.6,2.5,1.));
#9543 = LINE('',#9544,#9545);
#9544 = CARTESIAN_POINT('',(0.6,2.5,1.));
#9545 = VECTOR('',#9546,1.);
#9546 = DIRECTION('',(-1.,5.6E-16,-2.8E-16));
#9547 = ORIENTED_EDGE('',*,*,#9548,.T.);
#9548 = EDGE_CURVE('',#9541,#9525,#9549,.T.);
#9549 = LINE('',#9550,#9551);
#9550 = CARTESIAN_POINT('',(-0.6,2.5,1.));
#9551 = VECTOR('',#9552,1.);
#9552 = DIRECTION('',(-6.7E-16,-3.3E-16,1.));
#9553 = PLANE('',#9554);
#9554 = AXIS2_PLACEMENT_3D('',#9555,#9556,#9557);
#9555 = CARTESIAN_POINT('',(-1.2,2.5,0.6));
#9556 = DIRECTION('',(1.55E-15,-1.,1.67E-15));
#9557 = DIRECTION('',(-2.55E-15,1.67E-15,1.));
#9558 = ADVANCED_FACE('',(#9559),#9577,.T.);
#9559 = FACE_BOUND('',#9560,.T.);
#9560 = EDGE_LOOP('',(#9561,#9562,#9563,#9571));
#9561 = ORIENTED_EDGE('',*,*,#9426,.T.);
#9562 = ORIENTED_EDGE('',*,*,#9057,.T.);
#9563 = ORIENTED_EDGE('',*,*,#9564,.F.);
#9564 = EDGE_CURVE('',#9565,#9050,#9567,.T.);
#9565 = VERTEX_POINT('',#9566);
#9566 = CARTESIAN_POINT('',(0.9,-0.607735026919,2.999999999999));
#9567 = LINE('',#9568,#9569);
#9568 = CARTESIAN_POINT('',(9.526179507022,-0.607735026919,3.));
#9569 = VECTOR('',#9570,1.);
#9570 = DIRECTION('',(-1.,7.8E-16,-6.E-17));
#9571 = ORIENTED_EDGE('',*,*,#9572,.T.);
#9572 = EDGE_CURVE('',#9565,#9417,#9573,.T.);
#9573 = LINE('',#9574,#9575);
#9574 = CARTESIAN_POINT('',(0.9,-0.25,2.999999999998));
#9575 = VECTOR('',#9576,1.);
#9576 = DIRECTION('',(1.33E-15,-1.,1.67E-15));
#9577 = PLANE('',#9578);
#9578 = AXIS2_PLACEMENT_3D('',#9579,#9580,#9581);
#9579 = CARTESIAN_POINT('',(-1.2,2.5,2.999999999998));
#9580 = DIRECTION('',(2.39E-15,7.8E-16,-1.));
#9581 = DIRECTION('',(1.78E-15,-1.,-7.8E-16));
#9582 = ADVANCED_FACE('',(#9583),#9601,.T.);
#9583 = FACE_BOUND('',#9584,.T.);
#9584 = EDGE_LOOP('',(#9585,#9593,#9594,#9595));
#9585 = ORIENTED_EDGE('',*,*,#9586,.T.);
#9586 = EDGE_CURVE('',#9587,#8938,#9589,.T.);
#9587 = VERTEX_POINT('',#9588);
#9588 = CARTESIAN_POINT('',(0.9,1.65,2.999999999999));
#9589 = LINE('',#9590,#9591);
#9590 = CARTESIAN_POINT('',(9.526179507022,1.65,3.));
#9591 = VECTOR('',#9592,1.);
#9592 = DIRECTION('',(-1.,7.8E-16,-6.E-17));
#9593 = ORIENTED_EDGE('',*,*,#8937,.T.);
#9594 = ORIENTED_EDGE('',*,*,#9512,.T.);
#9595 = ORIENTED_EDGE('',*,*,#9596,.T.);
#9596 = EDGE_CURVE('',#9505,#9587,#9597,.T.);
#9597 = LINE('',#9598,#9599);
#9598 = CARTESIAN_POINT('',(0.9,-0.25,2.999999999998));
#9599 = VECTOR('',#9600,1.);
#9600 = DIRECTION('',(1.33E-15,-1.,1.67E-15));
#9601 = PLANE('',#9602);
#9602 = AXIS2_PLACEMENT_3D('',#9603,#9604,#9605);
#9603 = CARTESIAN_POINT('',(-1.2,2.5,2.999999999998));
#9604 = DIRECTION('',(2.39E-15,7.8E-16,-1.));
#9605 = DIRECTION('',(1.78E-15,-1.,-7.8E-16));
#9606 = ADVANCED_FACE('',(#9607),#9625,.T.);
#9607 = FACE_BOUND('',#9608,.T.);
#9608 = EDGE_LOOP('',(#9609,#9617,#9618,#9619));
#9609 = ORIENTED_EDGE('',*,*,#9610,.F.);
#9610 = EDGE_CURVE('',#9565,#9611,#9613,.T.);
#9611 = VERTEX_POINT('',#9612);
#9612 = CARTESIAN_POINT('',(0.9,-0.463397459622,3.25));
#9613 = LINE('',#9614,#9615);
#9614 = CARTESIAN_POINT('',(0.9,-0.950069418743,2.407059440182));
#9615 = VECTOR('',#9616,1.);
#9616 = DIRECTION('',(-1.64E-15,0.5,0.866025403784));
#9617 = ORIENTED_EDGE('',*,*,#9564,.T.);
#9618 = ORIENTED_EDGE('',*,*,#9049,.F.);
#9619 = ORIENTED_EDGE('',*,*,#9620,.F.);
#9620 = EDGE_CURVE('',#9611,#9042,#9621,.T.);
#9621 = LINE('',#9622,#9623);
#9622 = CARTESIAN_POINT('',(9.526179507022,-0.463397459622,3.25));
#9623 = VECTOR('',#9624,1.);
#9624 = DIRECTION('',(-1.,7.8E-16,-6.E-17));
#9625 = PLANE('',#9626);
#9626 = AXIS2_PLACEMENT_3D('',#9627,#9628,#9629);
#9627 = CARTESIAN_POINT('',(9.526179507022,-0.607735026919,3.));
#9628 = DIRECTION('',(2.1E-16,0.866025403784,-0.5));
#9629 = DIRECTION('',(-1.73E-15,0.5,0.866025403784));
#9630 = ADVANCED_FACE('',(#9631),#9649,.T.);
#9631 = FACE_BOUND('',#9632,.T.);
#9632 = EDGE_LOOP('',(#9633,#9641,#9647,#9648));
#9633 = ORIENTED_EDGE('',*,*,#9634,.F.);
#9634 = EDGE_CURVE('',#9635,#9587,#9637,.T.);
#9635 = VERTEX_POINT('',#9636);
#9636 = CARTESIAN_POINT('',(0.9,1.505662432703,3.25));
#9637 = LINE('',#9638,#9639);
#9638 = CARTESIAN_POINT('',(0.9,1.039882486541,4.056754531899));
#9639 = VECTOR('',#9640,1.);
#9640 = DIRECTION('',(8.6E-16,0.5,-0.866025403784));
#9641 = ORIENTED_EDGE('',*,*,#9642,.T.);
#9642 = EDGE_CURVE('',#9635,#8946,#9643,.T.);
#9643 = LINE('',#9644,#9645);
#9644 = CARTESIAN_POINT('',(9.526179507022,1.505662432703,3.25));
#9645 = VECTOR('',#9646,1.);
#9646 = DIRECTION('',(-1.,7.8E-16,-6.E-17));
#9647 = ORIENTED_EDGE('',*,*,#8945,.F.);
#9648 = ORIENTED_EDGE('',*,*,#9586,.F.);
#9649 = PLANE('',#9650);
#9650 = AXIS2_PLACEMENT_3D('',#9651,#9652,#9653);
#9651 = CARTESIAN_POINT('',(9.526179507022,1.505662432703,3.25));
#9652 = DIRECTION('',(1.17E-15,-0.866025403784,-0.5));
#9653 = DIRECTION('',(9.6E-16,0.5,-0.866025403784));
#9654 = ADVANCED_FACE('',(#9655),#9673,.T.);
#9655 = FACE_BOUND('',#9656,.T.);
#9656 = EDGE_LOOP('',(#9657,#9665,#9666,#9667));
#9657 = ORIENTED_EDGE('',*,*,#9658,.F.);
#9658 = EDGE_CURVE('',#9611,#9659,#9661,.T.);
#9659 = VERTEX_POINT('',#9660);
#9660 = CARTESIAN_POINT('',(0.9,-0.319059892324,2.999999999999));
#9661 = LINE('',#9662,#9663);
#9662 = CARTESIAN_POINT('',(0.9,-0.683044919243,3.630440559818));
#9663 = VECTOR('',#9664,1.);
#9664 = DIRECTION('',(8.6E-16,0.5,-0.866025403784));
#9665 = ORIENTED_EDGE('',*,*,#9620,.T.);
#9666 = ORIENTED_EDGE('',*,*,#9041,.F.);
#9667 = ORIENTED_EDGE('',*,*,#9668,.F.);
#9668 = EDGE_CURVE('',#9659,#9034,#9669,.T.);
#9669 = LINE('',#9670,#9671);
#9670 = CARTESIAN_POINT('',(9.526179507022,-0.319059892324,3.));
#9671 = VECTOR('',#9672,1.);
#9672 = DIRECTION('',(-1.,7.8E-16,-6.E-17));
#9673 = PLANE('',#9674);
#9674 = AXIS2_PLACEMENT_3D('',#9675,#9676,#9677);
#9675 = CARTESIAN_POINT('',(9.526179507022,-0.463397459622,3.25));
#9676 = DIRECTION('',(1.17E-15,-0.866025403784,-0.5));
#9677 = DIRECTION('',(9.6E-16,0.5,-0.866025403784));
#9678 = ADVANCED_FACE('',(#9679),#9697,.T.);
#9679 = FACE_BOUND('',#9680,.T.);
#9680 = EDGE_LOOP('',(#9681,#9689,#9695,#9696));
#9681 = ORIENTED_EDGE('',*,*,#9682,.F.);
#9682 = EDGE_CURVE('',#9683,#9635,#9685,.T.);
#9683 = VERTEX_POINT('',#9684);
#9684 = CARTESIAN_POINT('',(0.9,1.361324865405,2.999999999999));
#9685 = LINE('',#9686,#9687);
#9686 = CARTESIAN_POINT('',(0.9,0.77285798704,1.980745468101));
#9687 = VECTOR('',#9688,1.);
#9688 = DIRECTION('',(-1.64E-15,0.5,0.866025403784));
#9689 = ORIENTED_EDGE('',*,*,#9690,.T.);
#9690 = EDGE_CURVE('',#9683,#8954,#9691,.T.);
#9691 = LINE('',#9692,#9693);
#9692 = CARTESIAN_POINT('',(9.526179507022,1.361324865405,3.));
#9693 = VECTOR('',#9694,1.);
#9694 = DIRECTION('',(-1.,7.8E-16,-6.E-17));
#9695 = ORIENTED_EDGE('',*,*,#8953,.F.);
#9696 = ORIENTED_EDGE('',*,*,#9642,.F.);
#9697 = PLANE('',#9698);
#9698 = AXIS2_PLACEMENT_3D('',#9699,#9700,#9701);
#9699 = CARTESIAN_POINT('',(9.526179507022,1.361324865405,3.));
#9700 = DIRECTION('',(2.1E-16,0.866025403784,-0.5));
#9701 = DIRECTION('',(-1.73E-15,0.5,0.866025403784));
#9702 = ADVANCED_FACE('',(#9703),#9721,.T.);
#9703 = FACE_BOUND('',#9704,.T.);
#9704 = EDGE_LOOP('',(#9705,#9706,#9707,#9715));
#9705 = ORIENTED_EDGE('',*,*,#9668,.T.);
#9706 = ORIENTED_EDGE('',*,*,#9033,.T.);
#9707 = ORIENTED_EDGE('',*,*,#9708,.F.);
#9708 = EDGE_CURVE('',#9709,#9026,#9711,.T.);
#9709 = VERTEX_POINT('',#9710);
#9710 = CARTESIAN_POINT('',(0.9,-0.115470053838,2.999999999999));
#9711 = LINE('',#9712,#9713);
#9712 = CARTESIAN_POINT('',(9.526179507022,-0.115470053838,3.));
#9713 = VECTOR('',#9714,1.);
#9714 = DIRECTION('',(-1.,7.8E-16,-6.E-17));
#9715 = ORIENTED_EDGE('',*,*,#9716,.T.);
#9716 = EDGE_CURVE('',#9709,#9659,#9717,.T.);
#9717 = LINE('',#9718,#9719);
#9718 = CARTESIAN_POINT('',(0.9,-0.25,2.999999999998));
#9719 = VECTOR('',#9720,1.);
#9720 = DIRECTION('',(1.33E-15,-1.,1.67E-15));
#9721 = PLANE('',#9722);
#9722 = AXIS2_PLACEMENT_3D('',#9723,#9724,#9725);
#9723 = CARTESIAN_POINT('',(-1.2,2.5,2.999999999998));
#9724 = DIRECTION('',(2.39E-15,7.8E-16,-1.));
#9725 = DIRECTION('',(1.78E-15,-1.,-7.8E-16));
#9726 = ADVANCED_FACE('',(#9727),#9745,.T.);
#9727 = FACE_BOUND('',#9728,.T.);
#9728 = EDGE_LOOP('',(#9729,#9737,#9738,#9739));
#9729 = ORIENTED_EDGE('',*,*,#9730,.T.);
#9730 = EDGE_CURVE('',#9731,#8962,#9733,.T.);
#9731 = VERTEX_POINT('',#9732);
#9732 = CARTESIAN_POINT('',(0.9,1.157735026919,2.999999999999));
#9733 = LINE('',#9734,#9735);
#9734 = CARTESIAN_POINT('',(9.526179507022,1.157735026919,3.));
#9735 = VECTOR('',#9736,1.);
#9736 = DIRECTION('',(-1.,7.8E-16,-6.E-17));
#9737 = ORIENTED_EDGE('',*,*,#8961,.T.);
#9738 = ORIENTED_EDGE('',*,*,#9690,.F.);
#9739 = ORIENTED_EDGE('',*,*,#9740,.T.);
#9740 = EDGE_CURVE('',#9683,#9731,#9741,.T.);
#9741 = LINE('',#9742,#9743);
#9742 = CARTESIAN_POINT('',(0.9,-0.25,2.999999999998));
#9743 = VECTOR('',#9744,1.);
#9744 = DIRECTION('',(1.33E-15,-1.,1.67E-15));
#9745 = PLANE('',#9746);
#9746 = AXIS2_PLACEMENT_3D('',#9747,#9748,#9749);
#9747 = CARTESIAN_POINT('',(-1.2,2.5,2.999999999998));
#9748 = DIRECTION('',(2.39E-15,7.8E-16,-1.));
#9749 = DIRECTION('',(1.78E-15,-1.,-7.8E-16));
#9750 = ADVANCED_FACE('',(#9751),#9769,.T.);
#9751 = FACE_BOUND('',#9752,.T.);
#9752 = EDGE_LOOP('',(#9753,#9761,#9762,#9763));
#9753 = ORIENTED_EDGE('',*,*,#9754,.F.);
#9754 = EDGE_CURVE('',#9709,#9755,#9757,.T.);
#9755 = VERTEX_POINT('',#9756);
#9756 = CARTESIAN_POINT('',(0.9,2.886751345948E-02,3.25));
#9757 = LINE('',#9758,#9759);
#9758 = CARTESIAN_POINT('',(0.9,-0.519337567297,2.300480947162));
#9759 = VECTOR('',#9760,1.);
#9760 = DIRECTION('',(-1.64E-15,0.5,0.866025403784));
#9761 = ORIENTED_EDGE('',*,*,#9708,.T.);
#9762 = ORIENTED_EDGE('',*,*,#9025,.F.);
#9763 = ORIENTED_EDGE('',*,*,#9764,.F.);
#9764 = EDGE_CURVE('',#9755,#9018,#9765,.T.);
#9765 = LINE('',#9766,#9767);
#9766 = CARTESIAN_POINT('',(9.526179507022,2.886751345947E-02,3.25));
#9767 = VECTOR('',#9768,1.);
#9768 = DIRECTION('',(-1.,7.8E-16,-6.E-17));
#9769 = PLANE('',#9770);
#9770 = AXIS2_PLACEMENT_3D('',#9771,#9772,#9773);
#9771 = CARTESIAN_POINT('',(9.526179507022,-0.115470053838,3.));
#9772 = DIRECTION('',(2.1E-16,0.866025403784,-0.5));
#9773 = DIRECTION('',(-1.73E-15,0.5,0.866025403784));
#9774 = ADVANCED_FACE('',(#9775),#9793,.T.);
#9775 = FACE_BOUND('',#9776,.T.);
#9776 = EDGE_LOOP('',(#9777,#9785,#9791,#9792));
#9777 = ORIENTED_EDGE('',*,*,#9778,.F.);
#9778 = EDGE_CURVE('',#9779,#9731,#9781,.T.);
#9779 = VERTEX_POINT('',#9780);
#9780 = CARTESIAN_POINT('',(0.9,1.013397459622,3.25));
#9781 = LINE('',#9782,#9783);
#9782 = CARTESIAN_POINT('',(0.9,0.609150635095,3.950176038879));
#9783 = VECTOR('',#9784,1.);
#9784 = DIRECTION('',(8.6E-16,0.5,-0.866025403784));
#9785 = ORIENTED_EDGE('',*,*,#9786,.T.);
#9786 = EDGE_CURVE('',#9779,#8970,#9787,.T.);
#9787 = LINE('',#9788,#9789);
#9788 = CARTESIAN_POINT('',(9.526179507022,1.013397459622,3.25));
#9789 = VECTOR('',#9790,1.);
#9790 = DIRECTION('',(-1.,7.8E-16,-6.E-17));
#9791 = ORIENTED_EDGE('',*,*,#8969,.F.);
#9792 = ORIENTED_EDGE('',*,*,#9730,.F.);
#9793 = PLANE('',#9794);
#9794 = AXIS2_PLACEMENT_3D('',#9795,#9796,#9797);
#9795 = CARTESIAN_POINT('',(9.526179507022,1.013397459622,3.25));
#9796 = DIRECTION('',(1.17E-15,-0.866025403784,-0.5));
#9797 = DIRECTION('',(9.6E-16,0.5,-0.866025403784));
#9798 = ADVANCED_FACE('',(#9799),#9817,.T.);
#9799 = FACE_BOUND('',#9800,.T.);
#9800 = EDGE_LOOP('',(#9801,#9809,#9810,#9811));
#9801 = ORIENTED_EDGE('',*,*,#9802,.F.);
#9802 = EDGE_CURVE('',#9755,#9803,#9805,.T.);
#9803 = VERTEX_POINT('',#9804);
#9804 = CARTESIAN_POINT('',(0.9,0.173205080757,2.999999999999));
#9805 = LINE('',#9806,#9807);
#9806 = CARTESIAN_POINT('',(0.9,-0.252313067797,3.737019052838));
#9807 = VECTOR('',#9808,1.);
#9808 = DIRECTION('',(8.6E-16,0.5,-0.866025403784));
#9809 = ORIENTED_EDGE('',*,*,#9764,.T.);
#9810 = ORIENTED_EDGE('',*,*,#9017,.F.);
#9811 = ORIENTED_EDGE('',*,*,#9812,.F.);
#9812 = EDGE_CURVE('',#9803,#9010,#9813,.T.);
#9813 = LINE('',#9814,#9815);
#9814 = CARTESIAN_POINT('',(9.526179507022,0.173205080757,3.));
#9815 = VECTOR('',#9816,1.);
#9816 = DIRECTION('',(-1.,7.8E-16,-6.E-17));
#9817 = PLANE('',#9818);
#9818 = AXIS2_PLACEMENT_3D('',#9819,#9820,#9821);
#9819 = CARTESIAN_POINT('',(9.526179507022,2.886751345947E-02,3.25));
#9820 = DIRECTION('',(1.17E-15,-0.866025403784,-0.5));
#9821 = DIRECTION('',(9.6E-16,0.5,-0.866025403784));
#9822 = ADVANCED_FACE('',(#9823),#9841,.T.);
#9823 = FACE_BOUND('',#9824,.T.);
#9824 = EDGE_LOOP('',(#9825,#9833,#9839,#9840));
#9825 = ORIENTED_EDGE('',*,*,#9826,.F.);
#9826 = EDGE_CURVE('',#9827,#9779,#9829,.T.);
#9827 = VERTEX_POINT('',#9828);
#9828 = CARTESIAN_POINT('',(0.9,0.869059892324,2.999999999999));
#9829 = LINE('',#9830,#9831);
#9830 = CARTESIAN_POINT('',(0.9,0.342126135594,2.087323961121));
#9831 = VECTOR('',#9832,1.);
#9832 = DIRECTION('',(-1.64E-15,0.5,0.866025403784));
#9833 = ORIENTED_EDGE('',*,*,#9834,.T.);
#9834 = EDGE_CURVE('',#9827,#8978,#9835,.T.);
#9835 = LINE('',#9836,#9837);
#9836 = CARTESIAN_POINT('',(9.526179507022,0.869059892324,3.));
#9837 = VECTOR('',#9838,1.);
#9838 = DIRECTION('',(-1.,7.8E-16,-6.E-17));
#9839 = ORIENTED_EDGE('',*,*,#8977,.F.);
#9840 = ORIENTED_EDGE('',*,*,#9786,.F.);
#9841 = PLANE('',#9842);
#9842 = AXIS2_PLACEMENT_3D('',#9843,#9844,#9845);
#9843 = CARTESIAN_POINT('',(9.526179507022,0.869059892324,3.));
#9844 = DIRECTION('',(2.1E-16,0.866025403784,-0.5));
#9845 = DIRECTION('',(-1.73E-15,0.5,0.866025403784));
#9846 = ADVANCED_FACE('',(#9847),#9865,.T.);
#9847 = FACE_BOUND('',#9848,.T.);
#9848 = EDGE_LOOP('',(#9849,#9850,#9851,#9859));
#9849 = ORIENTED_EDGE('',*,*,#9812,.T.);
#9850 = ORIENTED_EDGE('',*,*,#9009,.T.);
#9851 = ORIENTED_EDGE('',*,*,#9852,.F.);
#9852 = EDGE_CURVE('',#9853,#9002,#9855,.T.);
#9853 = VERTEX_POINT('',#9854);
#9854 = CARTESIAN_POINT('',(0.9,0.376794919243,2.999999999999));
#9855 = LINE('',#9856,#9857);
#9856 = CARTESIAN_POINT('',(9.526179507022,0.376794919243,3.));
#9857 = VECTOR('',#9858,1.);
#9858 = DIRECTION('',(-1.,7.8E-16,-6.E-17));
#9859 = ORIENTED_EDGE('',*,*,#9860,.T.);
#9860 = EDGE_CURVE('',#9853,#9803,#9861,.T.);
#9861 = LINE('',#9862,#9863);
#9862 = CARTESIAN_POINT('',(0.9,-0.25,2.999999999998));
#9863 = VECTOR('',#9864,1.);
#9864 = DIRECTION('',(1.33E-15,-1.,1.67E-15));
#9865 = PLANE('',#9866);
#9866 = AXIS2_PLACEMENT_3D('',#9867,#9868,#9869);
#9867 = CARTESIAN_POINT('',(-1.2,2.5,2.999999999998));
#9868 = DIRECTION('',(2.39E-15,7.8E-16,-1.));
#9869 = DIRECTION('',(1.78E-15,-1.,-7.8E-16));
#9870 = ADVANCED_FACE('',(#9871),#9889,.T.);
#9871 = FACE_BOUND('',#9872,.T.);
#9872 = EDGE_LOOP('',(#9873,#9881,#9882,#9883));
#9873 = ORIENTED_EDGE('',*,*,#9874,.T.);
#9874 = EDGE_CURVE('',#9875,#8986,#9877,.T.);
#9875 = VERTEX_POINT('',#9876);
#9876 = CARTESIAN_POINT('',(0.9,0.665470053838,2.999999999999));
#9877 = LINE('',#9878,#9879);
#9878 = CARTESIAN_POINT('',(9.526179507022,0.665470053838,3.));
#9879 = VECTOR('',#9880,1.);
#9880 = DIRECTION('',(-1.,7.8E-16,-6.E-17));
#9881 = ORIENTED_EDGE('',*,*,#8985,.T.);
#9882 = ORIENTED_EDGE('',*,*,#9834,.F.);
#9883 = ORIENTED_EDGE('',*,*,#9884,.T.);
#9884 = EDGE_CURVE('',#9827,#9875,#9885,.T.);
#9885 = LINE('',#9886,#9887);
#9886 = CARTESIAN_POINT('',(0.9,-0.25,2.999999999998));
#9887 = VECTOR('',#9888,1.);
#9888 = DIRECTION('',(1.33E-15,-1.,1.67E-15));
#9889 = PLANE('',#9890);
#9890 = AXIS2_PLACEMENT_3D('',#9891,#9892,#9893);
#9891 = CARTESIAN_POINT('',(-1.2,2.5,2.999999999998));
#9892 = DIRECTION('',(2.39E-15,7.8E-16,-1.));
#9893 = DIRECTION('',(1.78E-15,-1.,-7.8E-16));
#9894 = ADVANCED_FACE('',(#9895),#9913,.T.);
#9895 = FACE_BOUND('',#9896,.T.);
#9896 = EDGE_LOOP('',(#9897,#9905,#9906,#9907));
#9897 = ORIENTED_EDGE('',*,*,#9898,.F.);
#9898 = EDGE_CURVE('',#9853,#9899,#9901,.T.);
#9899 = VERTEX_POINT('',#9900);
#9900 = CARTESIAN_POINT('',(0.9,0.521132486541,3.25));
#9901 = LINE('',#9902,#9903);
#9902 = CARTESIAN_POINT('',(0.9,-8.86057158515E-02,2.193902454141));
#9903 = VECTOR('',#9904,1.);
#9904 = DIRECTION('',(-1.64E-15,0.5,0.866025403784));
#9905 = ORIENTED_EDGE('',*,*,#9852,.T.);
#9906 = ORIENTED_EDGE('',*,*,#9001,.F.);
#9907 = ORIENTED_EDGE('',*,*,#9908,.F.);
#9908 = EDGE_CURVE('',#9899,#8994,#9909,.T.);
#9909 = LINE('',#9910,#9911);
#9910 = CARTESIAN_POINT('',(9.526179507022,0.521132486541,3.25));
#9911 = VECTOR('',#9912,1.);
#9912 = DIRECTION('',(-1.,7.8E-16,-6.E-17));
#9913 = PLANE('',#9914);
#9914 = AXIS2_PLACEMENT_3D('',#9915,#9916,#9917);
#9915 = CARTESIAN_POINT('',(9.526179507022,0.376794919243,3.));
#9916 = DIRECTION('',(2.1E-16,0.866025403784,-0.5));
#9917 = DIRECTION('',(-1.73E-15,0.5,0.866025403784));
#9918 = ADVANCED_FACE('',(#9919),#9930,.T.);
#9919 = FACE_BOUND('',#9920,.T.);
#9920 = EDGE_LOOP('',(#9921,#9927,#9928,#9929));
#9921 = ORIENTED_EDGE('',*,*,#9922,.F.);
#9922 = EDGE_CURVE('',#9899,#9875,#9923,.T.);
#9923 = LINE('',#9924,#9925);
#9924 = CARTESIAN_POINT('',(0.9,0.178418783649,3.843597545859));
#9925 = VECTOR('',#9926,1.);
#9926 = DIRECTION('',(8.6E-16,0.5,-0.866025403784));
#9927 = ORIENTED_EDGE('',*,*,#9908,.T.);
#9928 = ORIENTED_EDGE('',*,*,#8993,.F.);
#9929 = ORIENTED_EDGE('',*,*,#9874,.F.);
#9930 = PLANE('',#9931);
#9931 = AXIS2_PLACEMENT_3D('',#9932,#9933,#9934);
#9932 = CARTESIAN_POINT('',(9.526179507022,0.521132486541,3.25));
#9933 = DIRECTION('',(1.17E-15,-0.866025403784,-0.5));
#9934 = DIRECTION('',(9.6E-16,0.5,-0.866025403784));
#9935 = ADVANCED_FACE('',(#9936),#9954,.T.);
#9936 = FACE_BOUND('',#9937,.T.);
#9937 = EDGE_LOOP('',(#9938,#9939,#9940,#9948));
#9938 = ORIENTED_EDGE('',*,*,#9112,.F.);
#9939 = ORIENTED_EDGE('',*,*,#9160,.T.);
#9940 = ORIENTED_EDGE('',*,*,#9941,.T.);
#9941 = EDGE_CURVE('',#9153,#9942,#9944,.T.);
#9942 = VERTEX_POINT('',#9943);
#9943 = CARTESIAN_POINT('',(0.7,-2.5,3.199999999998));
#9944 = LINE('',#9945,#9946);
#9945 = CARTESIAN_POINT('',(-0.9,-2.5,3.199999999998));
#9946 = VECTOR('',#9947,1.);
#9947 = DIRECTION('',(1.,-1.78E-15,1.05E-15));
#9948 = ORIENTED_EDGE('',*,*,#9949,.T.);
#9949 = EDGE_CURVE('',#9942,#9113,#9950,.T.);
#9950 = LINE('',#9951,#9952);
#9951 = CARTESIAN_POINT('',(0.7,-2.5,2.999999999998));
#9952 = VECTOR('',#9953,1.);
#9953 = DIRECTION('',(-1.67E-15,1.44E-15,1.));
#9954 = PLANE('',#9955);
#9955 = AXIS2_PLACEMENT_3D('',#9956,#9957,#9958);
#9956 = CARTESIAN_POINT('',(-1.2,-2.5,2.999999999998));
#9957 = DIRECTION('',(1.55E-15,-1.,1.67E-15));
#9958 = DIRECTION('',(-2.55E-15,1.67E-15,1.));
#9959 = ADVANCED_FACE('',(#9960),#9997,.T.);
#9960 = FACE_BOUND('',#9961,.T.);
#9961 = EDGE_LOOP('',(#9962,#9963,#9964,#9965,#9966,#9967,#9968,#9969,
    #9970,#9971,#9972,#9973,#9974,#9975,#9976,#9977,#9978,#9979,#9980,
    #9981,#9982,#9988,#9989,#9990,#9991));
#9962 = ORIENTED_EDGE('',*,*,#9199,.F.);
#9963 = ORIENTED_EDGE('',*,*,#9368,.T.);
#9964 = ORIENTED_EDGE('',*,*,#9416,.T.);
#9965 = ORIENTED_EDGE('',*,*,#9572,.F.);
#9966 = ORIENTED_EDGE('',*,*,#9610,.T.);
#9967 = ORIENTED_EDGE('',*,*,#9658,.T.);
#9968 = ORIENTED_EDGE('',*,*,#9716,.F.);
#9969 = ORIENTED_EDGE('',*,*,#9754,.T.);
#9970 = ORIENTED_EDGE('',*,*,#9802,.T.);
#9971 = ORIENTED_EDGE('',*,*,#9860,.F.);
#9972 = ORIENTED_EDGE('',*,*,#9898,.T.);
#9973 = ORIENTED_EDGE('',*,*,#9922,.T.);
#9974 = ORIENTED_EDGE('',*,*,#9884,.F.);
#9975 = ORIENTED_EDGE('',*,*,#9826,.T.);
#9976 = ORIENTED_EDGE('',*,*,#9778,.T.);
#9977 = ORIENTED_EDGE('',*,*,#9740,.F.);
#9978 = ORIENTED_EDGE('',*,*,#9682,.T.);
#9979 = ORIENTED_EDGE('',*,*,#9634,.T.);
#9980 = ORIENTED_EDGE('',*,*,#9596,.F.);
#9981 = ORIENTED_EDGE('',*,*,#9504,.F.);
#9982 = ORIENTED_EDGE('',*,*,#9983,.T.);
#9983 = EDGE_CURVE('',#9497,#9241,#9984,.T.);
#9984 = LINE('',#9985,#9986);
#9985 = CARTESIAN_POINT('',(0.9,-3.,2.8));
#9986 = VECTOR('',#9987,1.);
#9987 = DIRECTION('',(-1.33E-15,1.,-1.E-15));
#9988 = ORIENTED_EDGE('',*,*,#9240,.F.);
#9989 = ORIENTED_EDGE('',*,*,#9183,.F.);
#9990 = ORIENTED_EDGE('',*,*,#9128,.F.);
#9991 = ORIENTED_EDGE('',*,*,#9992,.F.);
#9992 = EDGE_CURVE('',#9202,#9121,#9993,.T.);
#9993 = LINE('',#9994,#9995);
#9994 = CARTESIAN_POINT('',(0.9,-2.3,2.999999999998));
#9995 = VECTOR('',#9996,1.);
#9996 = DIRECTION('',(-1.67E-15,1.44E-15,1.));
#9997 = PLANE('',#9998);
#9998 = AXIS2_PLACEMENT_3D('',#9999,#10000,#10001);
#9999 = CARTESIAN_POINT('',(0.9,-3.,2.8));
#10000 = DIRECTION('',(1.,-4.4E-16,-1.1E-16));
#10001 = DIRECTION('',(1.1E-16,-1.E-15,1.));
#10002 = ADVANCED_FACE('',(#10003),#10014,.T.);
#10003 = FACE_BOUND('',#10004,.T.);
#10004 = EDGE_LOOP('',(#10005,#10011,#10012,#10013));
#10005 = ORIENTED_EDGE('',*,*,#10006,.T.);
#10006 = EDGE_CURVE('',#9942,#9202,#10007,.T.);
#10007 = LINE('',#10008,#10009);
#10008 = CARTESIAN_POINT('',(0.533333333333,-2.666666666667,
    3.366666666665));
#10009 = VECTOR('',#10010,1.);
#10010 = DIRECTION('',(0.57735026919,0.57735026919,-0.57735026919));
#10011 = ORIENTED_EDGE('',*,*,#9992,.T.);
#10012 = ORIENTED_EDGE('',*,*,#9120,.T.);
#10013 = ORIENTED_EDGE('',*,*,#9949,.F.);
#10014 = PLANE('',#10015);
#10015 = AXIS2_PLACEMENT_3D('',#10016,#10017,#10018);
#10016 = CARTESIAN_POINT('',(0.8,-2.4,2.999999999998));
#10017 = DIRECTION('',(0.707106781187,-0.707106781187,2.2E-15));
#10018 = DIRECTION('',(-1.66563491861E-15,1.44563491861E-15,1.));
#10019 = ADVANCED_FACE('',(#10020),#10026,.T.);
#10020 = FACE_BOUND('',#10021,.F.);
#10021 = EDGE_LOOP('',(#10022,#10023,#10024,#10025));
#10022 = ORIENTED_EDGE('',*,*,#9152,.T.);
#10023 = ORIENTED_EDGE('',*,*,#9941,.T.);
#10024 = ORIENTED_EDGE('',*,*,#10006,.T.);
#10025 = ORIENTED_EDGE('',*,*,#9209,.F.);
#10026 = PLANE('',#10027);
#10027 = AXIS2_PLACEMENT_3D('',#10028,#10029,#10030);
#10028 = CARTESIAN_POINT('',(-0.9,-2.4,3.099999999998));
#10029 = DIRECTION('',(1.36E-15,-0.707106781187,-0.707106781187));
#10030 = DIRECTION('',(-1.,4.533347775863E-16,-2.376665222414E-15));
#10031 = ADVANCED_FACE('',(#10032),#10043,.F.);
#10032 = FACE_BOUND('',#10033,.F.);
#10033 = EDGE_LOOP('',(#10034,#10035,#10041,#10042));
#10034 = ORIENTED_EDGE('',*,*,#9440,.F.);
#10035 = ORIENTED_EDGE('',*,*,#10036,.F.);
#10036 = EDGE_CURVE('',#9297,#9441,#10037,.T.);
#10037 = LINE('',#10038,#10039);
#10038 = CARTESIAN_POINT('',(-1.2,1.247322696217,0.75));
#10039 = VECTOR('',#10040,1.);
#10040 = DIRECTION('',(-6.7E-16,-1.,5.6E-16));
#10041 = ORIENTED_EDGE('',*,*,#9304,.F.);
#10042 = ORIENTED_EDGE('',*,*,#9402,.T.);
#10043 = PLANE('',#10044);
#10044 = AXIS2_PLACEMENT_3D('',#10045,#10046,#10047);
#10045 = CARTESIAN_POINT('',(-1.2,0.774970099209,1.104489588366));
#10046 = DIRECTION('',(1.,-1.11E-15,-5.6E-16));
#10047 = DIRECTION('',(5.6E-16,-1.44E-15,1.));
#10048 = ADVANCED_FACE('',(#10049),#10060,.F.);
#10049 = FACE_BOUND('',#10050,.F.);
#10050 = EDGE_LOOP('',(#10051,#10052,#10053,#10054));
#10051 = ORIENTED_EDGE('',*,*,#9296,.F.);
#10052 = ORIENTED_EDGE('',*,*,#10036,.T.);
#10053 = ORIENTED_EDGE('',*,*,#9448,.F.);
#10054 = ORIENTED_EDGE('',*,*,#10055,.F.);
#10055 = EDGE_CURVE('',#9289,#9449,#10056,.T.);
#10056 = LINE('',#10057,#10058);
#10057 = CARTESIAN_POINT('',(-0.8,3.1,0.75));
#10058 = VECTOR('',#10059,1.);
#10059 = DIRECTION('',(8.9E-16,-1.,7.8E-16));
#10060 = PLANE('',#10061);
#10061 = AXIS2_PLACEMENT_3D('',#10062,#10063,#10064);
#10062 = CARTESIAN_POINT('',(-1.78E-15,1.719675293224,0.75));
#10063 = DIRECTION('',(-1.E-15,-5.6E-16,1.));
#10064 = DIRECTION('',(1.,-4.4E-16,1.E-15));
#10065 = ADVANCED_FACE('',(#10066),#10102,.F.);
#10066 = FACE_BOUND('',#10067,.F.);
#10067 = EDGE_LOOP('',(#10068,#10077,#10078,#10079,#10080,#10088,#10096)
  );
#10068 = ORIENTED_EDGE('',*,*,#10069,.F.);
#10069 = EDGE_CURVE('',#9281,#10070,#10072,.T.);
#10070 = VERTEX_POINT('',#10071);
#10071 = CARTESIAN_POINT('',(-0.8,2.600000000001,-5.E-15));
#10072 = CIRCLE('',#10073,0.5);
#10073 = AXIS2_PLACEMENT_3D('',#10074,#10075,#10076);
#10074 = CARTESIAN_POINT('',(-0.8,2.600000000001,0.5));
#10075 = DIRECTION('',(-1.,4.4E-16,-1.67E-15));
#10076 = DIRECTION('',(4.4E-16,1.,-2.33E-15));
#10077 = ORIENTED_EDGE('',*,*,#9288,.T.);
#10078 = ORIENTED_EDGE('',*,*,#10055,.T.);
#10079 = ORIENTED_EDGE('',*,*,#9456,.F.);
#10080 = ORIENTED_EDGE('',*,*,#10081,.F.);
#10081 = EDGE_CURVE('',#10082,#9457,#10084,.T.);
#10082 = VERTEX_POINT('',#10083);
#10083 = CARTESIAN_POINT('',(-0.8,0.85,0.6));
#10084 = LINE('',#10085,#10086);
#10085 = CARTESIAN_POINT('',(-0.8,1.65,0.6));
#10086 = VECTOR('',#10087,1.);
#10087 = DIRECTION('',(-6.7E-16,1.,-1.44E-15));
#10088 = ORIENTED_EDGE('',*,*,#10089,.F.);
#10089 = EDGE_CURVE('',#10090,#10082,#10092,.T.);
#10090 = VERTEX_POINT('',#10091);
#10091 = CARTESIAN_POINT('',(-0.8,0.85,-1.E-15));
#10092 = LINE('',#10093,#10094);
#10093 = CARTESIAN_POINT('',(-0.8,0.85,-5.7E-16));
#10094 = VECTOR('',#10095,1.);
#10095 = DIRECTION('',(-1.E-15,-3.3E-16,1.));
#10096 = ORIENTED_EDGE('',*,*,#10097,.F.);
#10097 = EDGE_CURVE('',#10070,#10090,#10098,.T.);
#10098 = LINE('',#10099,#10100);
#10099 = CARTESIAN_POINT('',(-0.8,3.1,-2.14E-15));
#10100 = VECTOR('',#10101,1.);
#10101 = DIRECTION('',(8.9E-16,-1.,7.8E-16));
#10102 = PLANE('',#10103);
#10103 = AXIS2_PLACEMENT_3D('',#10104,#10105,#10106);
#10104 = CARTESIAN_POINT('',(-0.8,3.1,-2.32E-15));
#10105 = DIRECTION('',(1.,-2.2E-16,1.1E-16));
#10106 = DIRECTION('',(-2.2E-16,-1.,7.8E-16));
#10107 = ADVANCED_FACE('',(#10108),#10127,.T.);
#10108 = FACE_BOUND('',#10109,.F.);
#10109 = EDGE_LOOP('',(#10110,#10111,#10119,#10126));
#10110 = ORIENTED_EDGE('',*,*,#10069,.T.);
#10111 = ORIENTED_EDGE('',*,*,#10112,.T.);
#10112 = EDGE_CURVE('',#10070,#10113,#10115,.T.);
#10113 = VERTEX_POINT('',#10114);
#10114 = CARTESIAN_POINT('',(0.8,2.600000000001,-4.E-15));
#10115 = LINE('',#10116,#10117);
#10116 = CARTESIAN_POINT('',(-1.2,2.600000000001,-4.57E-15));
#10117 = VECTOR('',#10118,1.);
#10118 = DIRECTION('',(1.,-1.11E-15,-2.8E-16));
#10119 = ORIENTED_EDGE('',*,*,#10120,.F.);
#10120 = EDGE_CURVE('',#9273,#10113,#10121,.T.);
#10121 = CIRCLE('',#10122,0.5);
#10122 = AXIS2_PLACEMENT_3D('',#10123,#10124,#10125);
#10123 = CARTESIAN_POINT('',(0.8,2.600000000001,0.5));
#10124 = DIRECTION('',(-1.,4.4E-16,-1.67E-15));
#10125 = DIRECTION('',(4.4E-16,1.,-2.33E-15));
#10126 = ORIENTED_EDGE('',*,*,#9280,.F.);
#10127 = CYLINDRICAL_SURFACE('',#10128,0.5);
#10128 = AXIS2_PLACEMENT_3D('',#10129,#10130,#10131);
#10129 = CARTESIAN_POINT('',(-1.2,2.600000000001,0.5));
#10130 = DIRECTION('',(-1.,8.9E-16,1.1E-16));
#10131 = DIRECTION('',(8.9E-16,1.,-1.89E-15));
#10132 = ADVANCED_FACE('',(#10133),#10144,.T.);
#10133 = FACE_BOUND('',#10134,.T.);
#10134 = EDGE_LOOP('',(#10135,#10136,#10137,#10143));
#10135 = ORIENTED_EDGE('',*,*,#9983,.F.);
#10136 = ORIENTED_EDGE('',*,*,#9496,.F.);
#10137 = ORIENTED_EDGE('',*,*,#10138,.F.);
#10138 = EDGE_CURVE('',#9249,#9489,#10139,.T.);
#10139 = LINE('',#10140,#10141);
#10140 = CARTESIAN_POINT('',(1.2,-1.112514950396,2.8));
#10141 = VECTOR('',#10142,1.);
#10142 = DIRECTION('',(4.4E-16,-1.,1.E-15));
#10143 = ORIENTED_EDGE('',*,*,#9248,.F.);
#10144 = PLANE('',#10145);
#10145 = AXIS2_PLACEMENT_3D('',#10146,#10147,#10148);
#10146 = CARTESIAN_POINT('',(2.4,-3.,2.8));
#10147 = DIRECTION('',(-1.44E-15,-7.8E-16,1.));
#10148 = DIRECTION('',(-1.,6.7E-16,-1.44E-15));
#10149 = ADVANCED_FACE('',(#10150),#10183,.T.);
#10150 = FACE_BOUND('',#10151,.T.);
#10151 = EDGE_LOOP('',(#10152,#10153,#10154,#10160,#10161,#10169,#10177)
  );
#10152 = ORIENTED_EDGE('',*,*,#10120,.F.);
#10153 = ORIENTED_EDGE('',*,*,#9272,.T.);
#10154 = ORIENTED_EDGE('',*,*,#10155,.T.);
#10155 = EDGE_CURVE('',#9265,#9473,#10156,.T.);
#10156 = LINE('',#10157,#10158);
#10157 = CARTESIAN_POINT('',(0.8,3.1,0.75));
#10158 = VECTOR('',#10159,1.);
#10159 = DIRECTION('',(8.9E-16,-1.,7.8E-16));
#10160 = ORIENTED_EDGE('',*,*,#9472,.F.);
#10161 = ORIENTED_EDGE('',*,*,#10162,.F.);
#10162 = EDGE_CURVE('',#10163,#9465,#10165,.T.);
#10163 = VERTEX_POINT('',#10164);
#10164 = CARTESIAN_POINT('',(0.8,0.85,0.6));
#10165 = LINE('',#10166,#10167);
#10166 = CARTESIAN_POINT('',(0.8,1.65,0.6));
#10167 = VECTOR('',#10168,1.);
#10168 = DIRECTION('',(-6.7E-16,1.,-1.44E-15));
#10169 = ORIENTED_EDGE('',*,*,#10170,.F.);
#10170 = EDGE_CURVE('',#10171,#10163,#10173,.T.);
#10171 = VERTEX_POINT('',#10172);
#10172 = CARTESIAN_POINT('',(0.8,0.85,-1.E-15));
#10173 = LINE('',#10174,#10175);
#10174 = CARTESIAN_POINT('',(0.8,0.85,-7.5E-16));
#10175 = VECTOR('',#10176,1.);
#10176 = DIRECTION('',(-1.E-15,-3.3E-16,1.));
#10177 = ORIENTED_EDGE('',*,*,#10178,.F.);
#10178 = EDGE_CURVE('',#10113,#10171,#10179,.T.);
#10179 = LINE('',#10180,#10181);
#10180 = CARTESIAN_POINT('',(0.8,3.1,-2.68E-15));
#10181 = VECTOR('',#10182,1.);
#10182 = DIRECTION('',(8.9E-16,-1.,7.8E-16));
#10183 = PLANE('',#10184);
#10184 = AXIS2_PLACEMENT_3D('',#10185,#10186,#10187);
#10185 = CARTESIAN_POINT('',(0.8,3.1,-2.5E-15));
#10186 = DIRECTION('',(1.,-2.2E-16,1.1E-16));
#10187 = DIRECTION('',(-2.2E-16,-1.,7.8E-16));
#10188 = ADVANCED_FACE('',(#10189),#10200,.T.);
#10189 = FACE_BOUND('',#10190,.T.);
#10190 = EDGE_LOOP('',(#10191,#10192,#10198,#10199));
#10191 = ORIENTED_EDGE('',*,*,#9488,.F.);
#10192 = ORIENTED_EDGE('',*,*,#10193,.F.);
#10193 = EDGE_CURVE('',#9257,#9481,#10194,.T.);
#10194 = LINE('',#10195,#10196);
#10195 = CARTESIAN_POINT('',(1.2,1.247322696217,0.75));
#10196 = VECTOR('',#10197,1.);
#10197 = DIRECTION('',(-6.7E-16,-1.,5.6E-16));
#10198 = ORIENTED_EDGE('',*,*,#9256,.F.);
#10199 = ORIENTED_EDGE('',*,*,#10138,.T.);
#10200 = PLANE('',#10201);
#10201 = AXIS2_PLACEMENT_3D('',#10202,#10203,#10204);
#10202 = CARTESIAN_POINT('',(1.2,0.774970099209,1.104489588366));
#10203 = DIRECTION('',(1.,-1.11E-15,-5.6E-16));
#10204 = DIRECTION('',(5.6E-16,-1.44E-15,1.));
#10205 = ADVANCED_FACE('',(#10206),#10212,.F.);
#10206 = FACE_BOUND('',#10207,.F.);
#10207 = EDGE_LOOP('',(#10208,#10209,#10210,#10211));
#10208 = ORIENTED_EDGE('',*,*,#10155,.T.);
#10209 = ORIENTED_EDGE('',*,*,#9480,.F.);
#10210 = ORIENTED_EDGE('',*,*,#10193,.F.);
#10211 = ORIENTED_EDGE('',*,*,#9264,.T.);
#10212 = PLANE('',#10213);
#10213 = AXIS2_PLACEMENT_3D('',#10214,#10215,#10216);
#10214 = CARTESIAN_POINT('',(-1.78E-15,1.719675293224,0.75));
#10215 = DIRECTION('',(-1.E-15,-5.6E-16,1.));
#10216 = DIRECTION('',(1.,-4.4E-16,1.E-15));
#10217 = ADVANCED_FACE('',(#10218),#10245,.T.);
#10218 = FACE_BOUND('',#10219,.T.);
#10219 = EDGE_LOOP('',(#10220,#10221,#10229,#10238));
#10220 = ORIENTED_EDGE('',*,*,#9312,.T.);
#10221 = ORIENTED_EDGE('',*,*,#10222,.T.);
#10222 = EDGE_CURVE('',#9315,#10223,#10225,.T.);
#10223 = VERTEX_POINT('',#10224);
#10224 = CARTESIAN_POINT('',(0.6,3.588840966857,1.254525522281));
#10225 = LINE('',#10226,#10227);
#10226 = CARTESIAN_POINT('',(0.6,2.991323630351,1.199999999993));
#10227 = VECTOR('',#10228,1.);
#10228 = DIRECTION('',(-2.5E-16,0.995862227502,9.087587047949E-02));
#10229 = ORIENTED_EDGE('',*,*,#10230,.T.);
#10230 = EDGE_CURVE('',#10223,#10231,#10233,.T.);
#10231 = VERTEX_POINT('',#10232);
#10232 = CARTESIAN_POINT('',(0.6,3.235125962887,2.120668839071));
#10233 = CIRCLE('',#10234,1.6);
#10234 = AXIS2_PLACEMENT_3D('',#10235,#10236,#10237);
#10235 = CARTESIAN_POINT('',(0.6,1.995461863956,1.109119076621));
#10236 = DIRECTION('',(1.,2.2E-16,3.3E-16));
#10237 = DIRECTION('',(-2.2E-16,1.,-3.3E-16));
#10238 = ORIENTED_EDGE('',*,*,#10239,.F.);
#10239 = EDGE_CURVE('',#9313,#10231,#10240,.T.);
#10240 = CIRCLE('',#10241,0.6);
#10241 = AXIS2_PLACEMENT_3D('',#10242,#10243,#10244);
#10242 = CARTESIAN_POINT('',(0.6,3.7,2.5));
#10243 = DIRECTION('',(1.,2.2E-16,3.3E-16));
#10244 = DIRECTION('',(-2.2E-16,1.,-3.3E-16));
#10245 = PLANE('',#10246);
#10246 = AXIS2_PLACEMENT_3D('',#10247,#10248,#10249);
#10247 = CARTESIAN_POINT('',(0.6,3.038884217096,1.863754103903));
#10248 = DIRECTION('',(1.,-4.4E-16,1.1E-16));
#10249 = DIRECTION('',(-1.1E-16,-1.1E-16,1.));
#10250 = ADVANCED_FACE('',(#10251),#10285,.F.);
#10251 = FACE_BOUND('',#10252,.F.);
#10252 = EDGE_LOOP('',(#10253,#10262,#10263,#10269,#10270,#10278));
#10253 = ORIENTED_EDGE('',*,*,#10254,.F.);
#10254 = EDGE_CURVE('',#9523,#10255,#10257,.T.);
#10255 = VERTEX_POINT('',#10256);
#10256 = CARTESIAN_POINT('',(0.6,2.770251925796,1.741337678159));
#10257 = CIRCLE('',#10258,1.2);
#10258 = AXIS2_PLACEMENT_3D('',#10259,#10260,#10261);
#10259 = CARTESIAN_POINT('',(0.6,3.7,2.5));
#10260 = DIRECTION('',(1.,2.2E-16,3.3E-16));
#10261 = DIRECTION('',(-2.2E-16,1.,-3.3E-16));
#10262 = ORIENTED_EDGE('',*,*,#9532,.F.);
#10263 = ORIENTED_EDGE('',*,*,#10264,.F.);
#10264 = EDGE_CURVE('',#9347,#9533,#10265,.T.);
#10265 = LINE('',#10266,#10267);
#10266 = CARTESIAN_POINT('',(0.6,3.1,1.));
#10267 = VECTOR('',#10268,1.);
#10268 = DIRECTION('',(5.6E-16,-1.,5.6E-16));
#10269 = ORIENTED_EDGE('',*,*,#9354,.F.);
#10270 = ORIENTED_EDGE('',*,*,#10271,.F.);
#10271 = EDGE_CURVE('',#10272,#9315,#10274,.T.);
#10272 = VERTEX_POINT('',#10273);
#10273 = CARTESIAN_POINT('',(0.6,2.991323630351,1.199999999993));
#10274 = LINE('',#10275,#10276);
#10275 = CARTESIAN_POINT('',(0.6,2.991323630351,1.199999999993));
#10276 = VECTOR('',#10277,1.);
#10277 = DIRECTION('',(-2.5E-16,0.995862227502,9.087587047949E-02));
#10278 = ORIENTED_EDGE('',*,*,#10279,.T.);
#10279 = EDGE_CURVE('',#10272,#10255,#10280,.T.);
#10280 = CIRCLE('',#10281,1.);
#10281 = AXIS2_PLACEMENT_3D('',#10282,#10283,#10284);
#10282 = CARTESIAN_POINT('',(0.6,1.995461863956,1.109119076621));
#10283 = DIRECTION('',(1.,2.2E-16,3.3E-16));
#10284 = DIRECTION('',(-2.2E-16,1.,-3.3E-16));
#10285 = PLANE('',#10286);
#10286 = AXIS2_PLACEMENT_3D('',#10287,#10288,#10289);
#10287 = CARTESIAN_POINT('',(0.6,2.8,1.75));
#10288 = DIRECTION('',(1.,-5.6E-16,0.));
#10289 = DIRECTION('',(-1.848E-31,-3.3E-16,1.));
#10290 = ADVANCED_FACE('',(#10291),#10302,.T.);
#10291 = FACE_BOUND('',#10292,.T.);
#10292 = EDGE_LOOP('',(#10293,#10294,#10300,#10301));
#10293 = ORIENTED_EDGE('',*,*,#9346,.T.);
#10294 = ORIENTED_EDGE('',*,*,#10295,.T.);
#10295 = EDGE_CURVE('',#9339,#9541,#10296,.T.);
#10296 = LINE('',#10297,#10298);
#10297 = CARTESIAN_POINT('',(-0.6,3.1,1.));
#10298 = VECTOR('',#10299,1.);
#10299 = DIRECTION('',(5.6E-16,-1.,5.6E-16));
#10300 = ORIENTED_EDGE('',*,*,#9540,.F.);
#10301 = ORIENTED_EDGE('',*,*,#10264,.F.);
#10302 = PLANE('',#10303);
#10303 = AXIS2_PLACEMENT_3D('',#10304,#10305,#10306);
#10304 = CARTESIAN_POINT('',(0.6,3.1,1.));
#10305 = DIRECTION('',(-7.2E-16,3.3E-16,1.));
#10306 = DIRECTION('',(1.1E-16,-1.,3.3E-16));
#10307 = ADVANCED_FACE('',(#10308),#10335,.F.);
#10308 = FACE_BOUND('',#10309,.F.);
#10309 = EDGE_LOOP('',(#10310,#10311,#10319,#10328));
#10310 = ORIENTED_EDGE('',*,*,#9330,.T.);
#10311 = ORIENTED_EDGE('',*,*,#10312,.T.);
#10312 = EDGE_CURVE('',#9331,#10313,#10315,.T.);
#10313 = VERTEX_POINT('',#10314);
#10314 = CARTESIAN_POINT('',(-0.6,3.588840966857,1.254525522281));
#10315 = LINE('',#10316,#10317);
#10316 = CARTESIAN_POINT('',(-0.6,2.991323630351,1.199999999993));
#10317 = VECTOR('',#10318,1.);
#10318 = DIRECTION('',(-2.5E-16,0.995862227502,9.087587047949E-02));
#10319 = ORIENTED_EDGE('',*,*,#10320,.T.);
#10320 = EDGE_CURVE('',#10313,#10321,#10323,.T.);
#10321 = VERTEX_POINT('',#10322);
#10322 = CARTESIAN_POINT('',(-0.6,3.235125962887,2.120668839071));
#10323 = CIRCLE('',#10324,1.6);
#10324 = AXIS2_PLACEMENT_3D('',#10325,#10326,#10327);
#10325 = CARTESIAN_POINT('',(-0.6,1.995461863956,1.109119076621));
#10326 = DIRECTION('',(1.,2.2E-16,3.3E-16));
#10327 = DIRECTION('',(-2.2E-16,1.,-3.3E-16));
#10328 = ORIENTED_EDGE('',*,*,#10329,.F.);
#10329 = EDGE_CURVE('',#9323,#10321,#10330,.T.);
#10330 = CIRCLE('',#10331,0.6);
#10331 = AXIS2_PLACEMENT_3D('',#10332,#10333,#10334);
#10332 = CARTESIAN_POINT('',(-0.6,3.7,2.5));
#10333 = DIRECTION('',(1.,2.2E-16,3.3E-16));
#10334 = DIRECTION('',(-2.2E-16,1.,-3.3E-16));
#10335 = PLANE('',#10336);
#10336 = AXIS2_PLACEMENT_3D('',#10337,#10338,#10339);
#10337 = CARTESIAN_POINT('',(-0.6,3.038884217096,1.863754103903));
#10338 = DIRECTION('',(1.,-4.4E-16,1.1E-16));
#10339 = DIRECTION('',(-1.1E-16,-1.1E-16,1.));
#10340 = ADVANCED_FACE('',(#10341),#10370,.T.);
#10341 = FACE_BOUND('',#10342,.T.);
#10342 = EDGE_LOOP('',(#10343,#10352,#10353,#10354,#10355,#10363));
#10343 = ORIENTED_EDGE('',*,*,#10344,.F.);
#10344 = EDGE_CURVE('',#9525,#10345,#10347,.T.);
#10345 = VERTEX_POINT('',#10346);
#10346 = CARTESIAN_POINT('',(-0.6,2.770251925796,1.741337678159));
#10347 = CIRCLE('',#10348,1.2);
#10348 = AXIS2_PLACEMENT_3D('',#10349,#10350,#10351);
#10349 = CARTESIAN_POINT('',(-0.6,3.7,2.5));
#10350 = DIRECTION('',(1.,2.2E-16,3.3E-16));
#10351 = DIRECTION('',(-2.2E-16,1.,-3.3E-16));
#10352 = ORIENTED_EDGE('',*,*,#9548,.F.);
#10353 = ORIENTED_EDGE('',*,*,#10295,.F.);
#10354 = ORIENTED_EDGE('',*,*,#9338,.F.);
#10355 = ORIENTED_EDGE('',*,*,#10356,.F.);
#10356 = EDGE_CURVE('',#10357,#9331,#10359,.T.);
#10357 = VERTEX_POINT('',#10358);
#10358 = CARTESIAN_POINT('',(-0.6,2.991323630351,1.199999999993));
#10359 = LINE('',#10360,#10361);
#10360 = CARTESIAN_POINT('',(-0.6,2.991323630351,1.199999999993));
#10361 = VECTOR('',#10362,1.);
#10362 = DIRECTION('',(-2.5E-16,0.995862227502,9.087587047949E-02));
#10363 = ORIENTED_EDGE('',*,*,#10364,.T.);
#10364 = EDGE_CURVE('',#10357,#10345,#10365,.T.);
#10365 = CIRCLE('',#10366,1.);
#10366 = AXIS2_PLACEMENT_3D('',#10367,#10368,#10369);
#10367 = CARTESIAN_POINT('',(-0.6,1.995461863956,1.109119076621));
#10368 = DIRECTION('',(1.,2.2E-16,3.3E-16));
#10369 = DIRECTION('',(-2.2E-16,1.,-3.3E-16));
#10370 = PLANE('',#10371);
#10371 = AXIS2_PLACEMENT_3D('',#10372,#10373,#10374);
#10372 = CARTESIAN_POINT('',(-0.6,2.8,1.75));
#10373 = DIRECTION('',(1.,-5.6E-16,0.));
#10374 = DIRECTION('',(-1.848E-31,-3.3E-16,1.));
#10375 = ADVANCED_FACE('',(#10376),#10387,.F.);
#10376 = FACE_BOUND('',#10377,.T.);
#10377 = EDGE_LOOP('',(#10378,#10379,#10380,#10386));
#10378 = ORIENTED_EDGE('',*,*,#9322,.F.);
#10379 = ORIENTED_EDGE('',*,*,#10239,.T.);
#10380 = ORIENTED_EDGE('',*,*,#10381,.F.);
#10381 = EDGE_CURVE('',#10321,#10231,#10382,.T.);
#10382 = LINE('',#10383,#10384);
#10383 = CARTESIAN_POINT('',(-0.6,3.235125962887,2.120668839071));
#10384 = VECTOR('',#10385,1.);
#10385 = DIRECTION('',(1.,-4.4E-16,3.9E-16));
#10386 = ORIENTED_EDGE('',*,*,#10329,.F.);
#10387 = CYLINDRICAL_SURFACE('',#10388,0.6);
#10388 = AXIS2_PLACEMENT_3D('',#10389,#10390,#10391);
#10389 = CARTESIAN_POINT('',(-0.6,3.7,2.5));
#10390 = DIRECTION('',(-1.,2.2E-16,-5.6E-16));
#10391 = DIRECTION('',(2.2E-16,1.,-5.6E-16));
#10392 = ADVANCED_FACE('',(#10393),#10436,.T.);
#10393 = FACE_BOUND('',#10394,.T.);
#10394 = EDGE_LOOP('',(#10395,#10403,#10411,#10419,#10427,#10433,#10434,
    #10435));
#10395 = ORIENTED_EDGE('',*,*,#10396,.F.);
#10396 = EDGE_CURVE('',#10397,#10082,#10399,.T.);
#10397 = VERTEX_POINT('',#10398);
#10398 = CARTESIAN_POINT('',(-0.45,0.5,0.6));
#10399 = LINE('',#10400,#10401);
#10400 = CARTESIAN_POINT('',(-0.7375,0.7875,0.6));
#10401 = VECTOR('',#10402,1.);
#10402 = DIRECTION('',(-0.707106781187,0.707106781187,-2.08E-15));
#10403 = ORIENTED_EDGE('',*,*,#10404,.T.);
#10404 = EDGE_CURVE('',#10397,#10405,#10407,.T.);
#10405 = VERTEX_POINT('',#10406);
#10406 = CARTESIAN_POINT('',(-0.45,0.2,0.6));
#10407 = LINE('',#10408,#10409);
#10408 = CARTESIAN_POINT('',(-0.45,-0.4,0.6));
#10409 = VECTOR('',#10410,1.);
#10410 = DIRECTION('',(1.67E-15,-1.,1.78E-15));
#10411 = ORIENTED_EDGE('',*,*,#10412,.T.);
#10412 = EDGE_CURVE('',#10405,#10413,#10415,.T.);
#10413 = VERTEX_POINT('',#10414);
#10414 = CARTESIAN_POINT('',(0.45,0.2,0.6));
#10415 = LINE('',#10416,#10417);
#10416 = CARTESIAN_POINT('',(-1.2,0.2,0.6));
#10417 = VECTOR('',#10418,1.);
#10418 = DIRECTION('',(1.,-1.11E-15,-2.8E-16));
#10419 = ORIENTED_EDGE('',*,*,#10420,.F.);
#10420 = EDGE_CURVE('',#10421,#10413,#10423,.T.);
#10421 = VERTEX_POINT('',#10422);
#10422 = CARTESIAN_POINT('',(0.45,0.5,0.6));
#10423 = LINE('',#10424,#10425);
#10424 = CARTESIAN_POINT('',(0.45,-0.4,0.6));
#10425 = VECTOR('',#10426,1.);
#10426 = DIRECTION('',(1.67E-15,-1.,1.78E-15));
#10427 = ORIENTED_EDGE('',*,*,#10428,.T.);
#10428 = EDGE_CURVE('',#10421,#10163,#10429,.T.);
#10429 = LINE('',#10430,#10431);
#10430 = CARTESIAN_POINT('',(0.1375,0.1875,0.6));
#10431 = VECTOR('',#10432,1.);
#10432 = DIRECTION('',(0.707106781187,0.707106781187,4.E-17));
#10433 = ORIENTED_EDGE('',*,*,#10162,.T.);
#10434 = ORIENTED_EDGE('',*,*,#9464,.F.);
#10435 = ORIENTED_EDGE('',*,*,#10081,.F.);
#10436 = PLANE('',#10437);
#10437 = AXIS2_PLACEMENT_3D('',#10438,#10439,#10440);
#10438 = CARTESIAN_POINT('',(-1.2,0.2,0.6));
#10439 = DIRECTION('',(-2.39E-15,-7.8E-16,1.));
#10440 = DIRECTION('',(-1.78E-15,1.,7.8E-16));
#10441 = ADVANCED_FACE('',(#10442),#10453,.T.);
#10442 = FACE_BOUND('',#10443,.F.);
#10443 = EDGE_LOOP('',(#10444,#10445,#10446,#10452));
#10444 = ORIENTED_EDGE('',*,*,#9522,.F.);
#10445 = ORIENTED_EDGE('',*,*,#10254,.T.);
#10446 = ORIENTED_EDGE('',*,*,#10447,.F.);
#10447 = EDGE_CURVE('',#10345,#10255,#10448,.T.);
#10448 = LINE('',#10449,#10450);
#10449 = CARTESIAN_POINT('',(-0.6,2.770251925796,1.741337678159));
#10450 = VECTOR('',#10451,1.);
#10451 = DIRECTION('',(1.,-4.4E-16,3.9E-16));
#10452 = ORIENTED_EDGE('',*,*,#10344,.F.);
#10453 = CYLINDRICAL_SURFACE('',#10454,1.2);
#10454 = AXIS2_PLACEMENT_3D('',#10455,#10456,#10457);
#10455 = CARTESIAN_POINT('',(-0.6,3.7,2.5));
#10456 = DIRECTION('',(-1.,2.2E-16,-5.6E-16));
#10457 = DIRECTION('',(2.2E-16,1.,-5.6E-16));
#10458 = ADVANCED_FACE('',(#10459),#10502,.F.);
#10459 = FACE_BOUND('',#10460,.F.);
#10460 = EDGE_LOOP('',(#10461,#10469,#10477,#10485,#10493,#10499,#10500,
    #10501));
#10461 = ORIENTED_EDGE('',*,*,#10462,.T.);
#10462 = EDGE_CURVE('',#10090,#10463,#10465,.T.);
#10463 = VERTEX_POINT('',#10464);
#10464 = CARTESIAN_POINT('',(-0.45,0.5,-2.E-15));
#10465 = LINE('',#10466,#10467);
#10466 = CARTESIAN_POINT('',(-0.8,0.85,-3.9E-16));
#10467 = VECTOR('',#10468,1.);
#10468 = DIRECTION('',(0.707106781187,-0.707106781187,3.1E-16));
#10469 = ORIENTED_EDGE('',*,*,#10470,.T.);
#10470 = EDGE_CURVE('',#10463,#10471,#10473,.T.);
#10471 = VERTEX_POINT('',#10472);
#10472 = CARTESIAN_POINT('',(-0.45,0.3,-1.E-15));
#10473 = LINE('',#10474,#10475);
#10474 = CARTESIAN_POINT('',(-0.45,-0.35,7.8E-16));
#10475 = VECTOR('',#10476,1.);
#10476 = DIRECTION('',(1.67E-15,-1.,1.78E-15));
#10477 = ORIENTED_EDGE('',*,*,#10478,.T.);
#10478 = EDGE_CURVE('',#10471,#10479,#10481,.T.);
#10479 = VERTEX_POINT('',#10480);
#10480 = CARTESIAN_POINT('',(0.45,0.3,0.));
#10481 = LINE('',#10482,#10483);
#10482 = CARTESIAN_POINT('',(-1.2,0.3,-2.3E-16));
#10483 = VECTOR('',#10484,1.);
#10484 = DIRECTION('',(1.,-1.11E-15,-2.8E-16));
#10485 = ORIENTED_EDGE('',*,*,#10486,.F.);
#10486 = EDGE_CURVE('',#10487,#10479,#10489,.T.);
#10487 = VERTEX_POINT('',#10488);
#10488 = CARTESIAN_POINT('',(0.45,0.5,-1.E-15));
#10489 = LINE('',#10490,#10491);
#10490 = CARTESIAN_POINT('',(0.45,-0.35,8.8E-16));
#10491 = VECTOR('',#10492,1.);
#10492 = DIRECTION('',(1.67E-15,-1.,1.78E-15));
#10493 = ORIENTED_EDGE('',*,*,#10494,.F.);
#10494 = EDGE_CURVE('',#10171,#10487,#10495,.T.);
#10495 = LINE('',#10496,#10497);
#10496 = CARTESIAN_POINT('',(0.8,0.85,-9.3E-16));
#10497 = VECTOR('',#10498,1.);
#10498 = DIRECTION('',(-0.707106781187,-0.707106781187,7.9E-16));
#10499 = ORIENTED_EDGE('',*,*,#10178,.F.);
#10500 = ORIENTED_EDGE('',*,*,#10112,.F.);
#10501 = ORIENTED_EDGE('',*,*,#10097,.T.);
#10502 = PLANE('',#10503);
#10503 = AXIS2_PLACEMENT_3D('',#10504,#10505,#10506);
#10504 = CARTESIAN_POINT('',(-1.2,0.3,-2.3E-16));
#10505 = DIRECTION('',(-2.39E-15,-7.8E-16,1.));
#10506 = DIRECTION('',(-1.78E-15,1.,7.8E-16));
#10507 = ADVANCED_FACE('',(#10508),#10519,.F.);
#10508 = FACE_BOUND('',#10509,.F.);
#10509 = EDGE_LOOP('',(#10510,#10511,#10512,#10513));
#10510 = ORIENTED_EDGE('',*,*,#10462,.F.);
#10511 = ORIENTED_EDGE('',*,*,#10089,.T.);
#10512 = ORIENTED_EDGE('',*,*,#10396,.F.);
#10513 = ORIENTED_EDGE('',*,*,#10514,.T.);
#10514 = EDGE_CURVE('',#10397,#10463,#10515,.T.);
#10515 = LINE('',#10516,#10517);
#10516 = CARTESIAN_POINT('',(-0.45,0.5,0.75));
#10517 = VECTOR('',#10518,1.);
#10518 = DIRECTION('',(2.E-15,1.44E-15,-1.));
#10519 = PLANE('',#10520);
#10520 = AXIS2_PLACEMENT_3D('',#10521,#10522,#10523);
#10521 = CARTESIAN_POINT('',(-0.8,0.85,-5.7E-16));
#10522 = DIRECTION('',(0.707106781187,0.707106781187,-3.1E-16));
#10523 = DIRECTION('',(0.707106781187,-0.707106781187,4.7E-16));
#10524 = ADVANCED_FACE('',(#10525),#10536,.T.);
#10525 = FACE_BOUND('',#10526,.T.);
#10526 = EDGE_LOOP('',(#10527,#10528,#10529,#10530));
#10527 = ORIENTED_EDGE('',*,*,#10494,.F.);
#10528 = ORIENTED_EDGE('',*,*,#10170,.T.);
#10529 = ORIENTED_EDGE('',*,*,#10428,.F.);
#10530 = ORIENTED_EDGE('',*,*,#10531,.T.);
#10531 = EDGE_CURVE('',#10421,#10487,#10532,.T.);
#10532 = LINE('',#10533,#10534);
#10533 = CARTESIAN_POINT('',(0.45,0.5,0.75));
#10534 = VECTOR('',#10535,1.);
#10535 = DIRECTION('',(2.E-15,1.44E-15,-1.));
#10536 = PLANE('',#10537);
#10537 = AXIS2_PLACEMENT_3D('',#10538,#10539,#10540);
#10538 = CARTESIAN_POINT('',(0.8,0.85,-7.5E-16));
#10539 = DIRECTION('',(0.707106781187,-0.707106781187,4.7E-16));
#10540 = DIRECTION('',(-0.707106781187,-0.707106781187,6.3E-16));
#10541 = ADVANCED_FACE('',(#10542),#10553,.T.);
#10542 = FACE_BOUND('',#10543,.F.);
#10543 = EDGE_LOOP('',(#10544,#10550,#10551,#10552));
#10544 = ORIENTED_EDGE('',*,*,#10545,.T.);
#10545 = EDGE_CURVE('',#10313,#10223,#10546,.T.);
#10546 = LINE('',#10547,#10548);
#10547 = CARTESIAN_POINT('',(-0.6,3.588840966857,1.254525522281));
#10548 = VECTOR('',#10549,1.);
#10549 = DIRECTION('',(1.,-4.4E-16,3.9E-16));
#10550 = ORIENTED_EDGE('',*,*,#10230,.T.);
#10551 = ORIENTED_EDGE('',*,*,#10381,.F.);
#10552 = ORIENTED_EDGE('',*,*,#10320,.F.);
#10553 = CYLINDRICAL_SURFACE('',#10554,1.6);
#10554 = AXIS2_PLACEMENT_3D('',#10555,#10556,#10557);
#10555 = CARTESIAN_POINT('',(-0.6,1.995461863956,1.109119076621));
#10556 = DIRECTION('',(-1.,2.2E-16,-5.6E-16));
#10557 = DIRECTION('',(2.2E-16,1.,-5.6E-16));
#10558 = ADVANCED_FACE('',(#10559),#10572,.F.);
#10559 = FACE_BOUND('',#10560,.F.);
#10560 = EDGE_LOOP('',(#10561,#10567,#10568,#10569,#10570,#10571));
#10561 = ORIENTED_EDGE('',*,*,#10562,.T.);
#10562 = EDGE_CURVE('',#10357,#10272,#10563,.T.);
#10563 = LINE('',#10564,#10565);
#10564 = CARTESIAN_POINT('',(-0.6,2.991323630351,1.199999999993));
#10565 = VECTOR('',#10566,1.);
#10566 = DIRECTION('',(1.,-4.4E-16,3.9E-16));
#10567 = ORIENTED_EDGE('',*,*,#10271,.T.);
#10568 = ORIENTED_EDGE('',*,*,#10222,.T.);
#10569 = ORIENTED_EDGE('',*,*,#10545,.F.);
#10570 = ORIENTED_EDGE('',*,*,#10312,.F.);
#10571 = ORIENTED_EDGE('',*,*,#10356,.F.);
#10572 = PLANE('',#10573);
#10573 = AXIS2_PLACEMENT_3D('',#10574,#10575,#10576);
#10574 = CARTESIAN_POINT('',(-0.6,2.991323630351,1.199999999993));
#10575 = DIRECTION('',(-4.3E-16,-9.087587047949E-02,0.995862227502));
#10576 = DIRECTION('',(1.7E-16,0.995862227502,9.087587047949E-02));
#10577 = ADVANCED_FACE('',(#10578),#10584,.F.);
#10578 = FACE_BOUND('',#10579,.T.);
#10579 = EDGE_LOOP('',(#10580,#10581,#10582,#10583));
#10580 = ORIENTED_EDGE('',*,*,#10562,.T.);
#10581 = ORIENTED_EDGE('',*,*,#10279,.T.);
#10582 = ORIENTED_EDGE('',*,*,#10447,.F.);
#10583 = ORIENTED_EDGE('',*,*,#10364,.F.);
#10584 = CYLINDRICAL_SURFACE('',#10585,1.);
#10585 = AXIS2_PLACEMENT_3D('',#10586,#10587,#10588);
#10586 = CARTESIAN_POINT('',(-0.6,1.995461863956,1.109119076621));
#10587 = DIRECTION('',(-1.,2.2E-16,-5.6E-16));
#10588 = DIRECTION('',(2.2E-16,1.,-5.6E-16));
#10589 = ADVANCED_FACE('',(#10590),#10626,.F.);
#10590 = FACE_BOUND('',#10591,.F.);
#10591 = EDGE_LOOP('',(#10592,#10593,#10594,#10595,#10603,#10611,#10619)
  );
#10592 = ORIENTED_EDGE('',*,*,#10420,.F.);
#10593 = ORIENTED_EDGE('',*,*,#10531,.T.);
#10594 = ORIENTED_EDGE('',*,*,#10486,.T.);
#10595 = ORIENTED_EDGE('',*,*,#10596,.F.);
#10596 = EDGE_CURVE('',#10597,#10479,#10599,.T.);
#10597 = VERTEX_POINT('',#10598);
#10598 = CARTESIAN_POINT('',(0.45,0.3,-3.));
#10599 = LINE('',#10600,#10601);
#10600 = CARTESIAN_POINT('',(0.45,0.3,0.375));
#10601 = VECTOR('',#10602,1.);
#10602 = DIRECTION('',(-2.E-15,-4.4E-16,1.));
#10603 = ORIENTED_EDGE('',*,*,#10604,.F.);
#10604 = EDGE_CURVE('',#10605,#10597,#10607,.T.);
#10605 = VERTEX_POINT('',#10606);
#10606 = CARTESIAN_POINT('',(0.45,-0.3,-3.));
#10607 = LINE('',#10608,#10609);
#10608 = CARTESIAN_POINT('',(0.45,-1.,-3.));
#10609 = VECTOR('',#10610,1.);
#10610 = DIRECTION('',(-1.67E-15,1.,-1.22E-15));
#10611 = ORIENTED_EDGE('',*,*,#10612,.F.);
#10612 = EDGE_CURVE('',#10613,#10605,#10615,.T.);
#10613 = VERTEX_POINT('',#10614);
#10614 = CARTESIAN_POINT('',(0.45,-0.3,0.1));
#10615 = LINE('',#10616,#10617);
#10616 = CARTESIAN_POINT('',(0.45,-0.3,-1.425));
#10617 = VECTOR('',#10618,1.);
#10618 = DIRECTION('',(2.E-15,4.4E-16,-1.));
#10619 = ORIENTED_EDGE('',*,*,#10620,.T.);
#10620 = EDGE_CURVE('',#10613,#10413,#10621,.T.);
#10621 = CIRCLE('',#10622,0.5);
#10622 = AXIS2_PLACEMENT_3D('',#10623,#10624,#10625);
#10623 = CARTESIAN_POINT('',(0.45,0.2,0.1));
#10624 = DIRECTION('',(-1.,-1.22E-15,-2.33E-15));
#10625 = DIRECTION('',(-1.22E-15,1.,-2.E-15));
#10626 = PLANE('',#10627);
#10627 = AXIS2_PLACEMENT_3D('',#10628,#10629,#10630);
#10628 = CARTESIAN_POINT('',(0.45,-1.,0.75));
#10629 = DIRECTION('',(-1.,5.6E-16,2.2E-16));
#10630 = DIRECTION('',(-2.2E-16,1.22E-15,-1.));
#10631 = ADVANCED_FACE('',(#10632),#10651,.T.);
#10632 = FACE_BOUND('',#10633,.F.);
#10633 = EDGE_LOOP('',(#10634,#10643,#10644,#10645));
#10634 = ORIENTED_EDGE('',*,*,#10635,.T.);
#10635 = EDGE_CURVE('',#10636,#10405,#10638,.T.);
#10636 = VERTEX_POINT('',#10637);
#10637 = CARTESIAN_POINT('',(-0.45,-0.3,0.1));
#10638 = CIRCLE('',#10639,0.5);
#10639 = AXIS2_PLACEMENT_3D('',#10640,#10641,#10642);
#10640 = CARTESIAN_POINT('',(-0.45,0.2,1.E-01));
#10641 = DIRECTION('',(-1.,-1.22E-15,-2.33E-15));
#10642 = DIRECTION('',(-1.22E-15,1.,-2.E-15));
#10643 = ORIENTED_EDGE('',*,*,#10412,.T.);
#10644 = ORIENTED_EDGE('',*,*,#10620,.F.);
#10645 = ORIENTED_EDGE('',*,*,#10646,.F.);
#10646 = EDGE_CURVE('',#10636,#10613,#10647,.T.);
#10647 = LINE('',#10648,#10649);
#10648 = CARTESIAN_POINT('',(-1.2,-0.3,0.1));
#10649 = VECTOR('',#10650,1.);
#10650 = DIRECTION('',(1.,-1.11E-15,-2.8E-16));
#10651 = CYLINDRICAL_SURFACE('',#10652,0.5);
#10652 = AXIS2_PLACEMENT_3D('',#10653,#10654,#10655);
#10653 = CARTESIAN_POINT('',(-1.2,0.2,0.1));
#10654 = DIRECTION('',(-1.,8.9E-16,1.1E-16));
#10655 = DIRECTION('',(8.9E-16,1.,-1.89E-15));
#10656 = ADVANCED_FACE('',(#10657),#10685,.T.);
#10657 = FACE_BOUND('',#10658,.T.);
#10658 = EDGE_LOOP('',(#10659,#10660,#10661,#10662,#10670,#10678,#10684)
  );
#10659 = ORIENTED_EDGE('',*,*,#10404,.F.);
#10660 = ORIENTED_EDGE('',*,*,#10514,.T.);
#10661 = ORIENTED_EDGE('',*,*,#10470,.T.);
#10662 = ORIENTED_EDGE('',*,*,#10663,.F.);
#10663 = EDGE_CURVE('',#10664,#10471,#10666,.T.);
#10664 = VERTEX_POINT('',#10665);
#10665 = CARTESIAN_POINT('',(-0.45,0.3,-3.));
#10666 = LINE('',#10667,#10668);
#10667 = CARTESIAN_POINT('',(-0.45,0.3,0.375));
#10668 = VECTOR('',#10669,1.);
#10669 = DIRECTION('',(-2.E-15,-4.4E-16,1.));
#10670 = ORIENTED_EDGE('',*,*,#10671,.F.);
#10671 = EDGE_CURVE('',#10672,#10664,#10674,.T.);
#10672 = VERTEX_POINT('',#10673);
#10673 = CARTESIAN_POINT('',(-0.45,-0.3,-3.));
#10674 = LINE('',#10675,#10676);
#10675 = CARTESIAN_POINT('',(-0.45,-1.,-3.));
#10676 = VECTOR('',#10677,1.);
#10677 = DIRECTION('',(-1.67E-15,1.,-1.22E-15));
#10678 = ORIENTED_EDGE('',*,*,#10679,.F.);
#10679 = EDGE_CURVE('',#10636,#10672,#10680,.T.);
#10680 = LINE('',#10681,#10682);
#10681 = CARTESIAN_POINT('',(-0.45,-0.3,-1.425));
#10682 = VECTOR('',#10683,1.);
#10683 = DIRECTION('',(2.E-15,4.4E-16,-1.));
#10684 = ORIENTED_EDGE('',*,*,#10635,.T.);
#10685 = PLANE('',#10686);
#10686 = AXIS2_PLACEMENT_3D('',#10687,#10688,#10689);
#10687 = CARTESIAN_POINT('',(-0.45,-1.,0.75));
#10688 = DIRECTION('',(-1.,5.6E-16,2.2E-16));
#10689 = DIRECTION('',(-2.2E-16,1.22E-15,-1.));
#10690 = ADVANCED_FACE('',(#10691),#10718,.T.);
#10691 = FACE_BOUND('',#10692,.T.);
#10692 = EDGE_LOOP('',(#10693,#10694,#10695,#10696,#10704,#10712));
#10693 = ORIENTED_EDGE('',*,*,#10663,.T.);
#10694 = ORIENTED_EDGE('',*,*,#10478,.T.);
#10695 = ORIENTED_EDGE('',*,*,#10596,.F.);
#10696 = ORIENTED_EDGE('',*,*,#10697,.F.);
#10697 = EDGE_CURVE('',#10698,#10597,#10700,.T.);
#10698 = VERTEX_POINT('',#10699);
#10699 = CARTESIAN_POINT('',(0.201471862576,0.3,-3.6));
#10700 = LINE('',#10701,#10702);
#10701 = CARTESIAN_POINT('',(0.859511633129,0.3,-2.01135146135));
#10702 = VECTOR('',#10703,1.);
#10703 = DIRECTION('',(0.382683432365,-7.9E-16,0.923879532511));
#10704 = ORIENTED_EDGE('',*,*,#10705,.F.);
#10705 = EDGE_CURVE('',#10706,#10698,#10708,.T.);
#10706 = VERTEX_POINT('',#10707);
#10707 = CARTESIAN_POINT('',(-0.201471862576,0.3,-3.6));
#10708 = LINE('',#10709,#10710);
#10709 = CARTESIAN_POINT('',(-1.2,0.3,-3.6));
#10710 = VECTOR('',#10711,1.);
#10711 = DIRECTION('',(1.,-1.11E-15,-2.8E-16));
#10712 = ORIENTED_EDGE('',*,*,#10713,.T.);
#10713 = EDGE_CURVE('',#10706,#10664,#10714,.T.);
#10714 = LINE('',#10715,#10716);
#10715 = CARTESIAN_POINT('',(-1.035247564417,0.3,-1.587087392638));
#10716 = VECTOR('',#10717,1.);
#10717 = DIRECTION('',(-0.382683432365,-3.E-17,0.923879532511));
#10718 = PLANE('',#10719);
#10719 = AXIS2_PLACEMENT_3D('',#10720,#10721,#10722);
#10720 = CARTESIAN_POINT('',(-1.2,0.3,-2.3E-16));
#10721 = DIRECTION('',(-1.55E-15,1.,-1.67E-15));
#10722 = DIRECTION('',(2.55E-15,-1.67E-15,-1.));
#10723 = ADVANCED_FACE('',(#10724),#10751,.T.);
#10724 = FACE_BOUND('',#10725,.T.);
#10725 = EDGE_LOOP('',(#10726,#10734,#10742,#10748,#10749,#10750));
#10726 = ORIENTED_EDGE('',*,*,#10727,.T.);
#10727 = EDGE_CURVE('',#10672,#10728,#10730,.T.);
#10728 = VERTEX_POINT('',#10729);
#10729 = CARTESIAN_POINT('',(-0.201471862576,-0.3,-3.6));
#10730 = LINE('',#10731,#10732);
#10731 = CARTESIAN_POINT('',(-0.39885146135,-0.3,-3.123483495706));
#10732 = VECTOR('',#10733,1.);
#10733 = DIRECTION('',(0.382683432365,3.E-17,-0.923879532511));
#10734 = ORIENTED_EDGE('',*,*,#10735,.T.);
#10735 = EDGE_CURVE('',#10728,#10736,#10738,.T.);
#10736 = VERTEX_POINT('',#10737);
#10737 = CARTESIAN_POINT('',(0.201471862576,-0.3,-3.6));
#10738 = LINE('',#10739,#10740);
#10739 = CARTESIAN_POINT('',(-1.2,-0.3,-3.6));
#10740 = VECTOR('',#10741,1.);
#10741 = DIRECTION('',(1.,-1.11E-15,-2.8E-16));
#10742 = ORIENTED_EDGE('',*,*,#10743,.F.);
#10743 = EDGE_CURVE('',#10605,#10736,#10744,.T.);
#10744 = LINE('',#10745,#10746);
#10745 = CARTESIAN_POINT('',(0.223115530061,-0.3,-3.547747564417));
#10746 = VECTOR('',#10747,1.);
#10747 = DIRECTION('',(-0.382683432365,7.9E-16,-0.923879532511));
#10748 = ORIENTED_EDGE('',*,*,#10612,.F.);
#10749 = ORIENTED_EDGE('',*,*,#10646,.F.);
#10750 = ORIENTED_EDGE('',*,*,#10679,.T.);
#10751 = PLANE('',#10752);
#10752 = AXIS2_PLACEMENT_3D('',#10753,#10754,#10755);
#10753 = CARTESIAN_POINT('',(-1.2,-0.3,-3.6));
#10754 = DIRECTION('',(1.55E-15,-1.,1.67E-15));
#10755 = DIRECTION('',(-2.55E-15,1.67E-15,1.));
#10756 = ADVANCED_FACE('',(#10757),#10768,.F.);
#10757 = FACE_BOUND('',#10758,.F.);
#10758 = EDGE_LOOP('',(#10759,#10760,#10761,#10762));
#10759 = ORIENTED_EDGE('',*,*,#10743,.F.);
#10760 = ORIENTED_EDGE('',*,*,#10604,.T.);
#10761 = ORIENTED_EDGE('',*,*,#10697,.F.);
#10762 = ORIENTED_EDGE('',*,*,#10763,.F.);
#10763 = EDGE_CURVE('',#10736,#10698,#10764,.T.);
#10764 = LINE('',#10765,#10766);
#10765 = CARTESIAN_POINT('',(0.201471862576,-1.,-3.6));
#10766 = VECTOR('',#10767,1.);
#10767 = DIRECTION('',(-1.67E-15,1.,-1.22E-15));
#10768 = PLANE('',#10769);
#10769 = AXIS2_PLACEMENT_3D('',#10770,#10771,#10772);
#10770 = CARTESIAN_POINT('',(0.45,-1.,-3.));
#10771 = DIRECTION('',(-0.923879532511,1.3E-16,0.382683432365));
#10772 = DIRECTION('',(-0.382683432365,1.43E-15,-0.923879532511));
#10773 = ADVANCED_FACE('',(#10774),#10785,.T.);
#10774 = FACE_BOUND('',#10775,.T.);
#10775 = EDGE_LOOP('',(#10776,#10777,#10778,#10779));
#10776 = ORIENTED_EDGE('',*,*,#10727,.F.);
#10777 = ORIENTED_EDGE('',*,*,#10671,.T.);
#10778 = ORIENTED_EDGE('',*,*,#10713,.F.);
#10779 = ORIENTED_EDGE('',*,*,#10780,.F.);
#10780 = EDGE_CURVE('',#10728,#10706,#10781,.T.);
#10781 = LINE('',#10782,#10783);
#10782 = CARTESIAN_POINT('',(-0.201471862576,-1.,-3.6));
#10783 = VECTOR('',#10784,1.);
#10784 = DIRECTION('',(-1.67E-15,1.,-1.22E-15));
#10785 = PLANE('',#10786);
#10786 = AXIS2_PLACEMENT_3D('',#10787,#10788,#10789);
#10787 = CARTESIAN_POINT('',(-0.45,-1.,-3.));
#10788 = DIRECTION('',(-0.923879532511,9.E-16,-0.382683432365));
#10789 = DIRECTION('',(0.382683432365,8.3E-16,-0.923879532511));
#10790 = ADVANCED_FACE('',(#10791),#10797,.T.);
#10791 = FACE_BOUND('',#10792,.T.);
#10792 = EDGE_LOOP('',(#10793,#10794,#10795,#10796));
#10793 = ORIENTED_EDGE('',*,*,#10780,.T.);
#10794 = ORIENTED_EDGE('',*,*,#10705,.T.);
#10795 = ORIENTED_EDGE('',*,*,#10763,.F.);
#10796 = ORIENTED_EDGE('',*,*,#10735,.F.);
#10797 = PLANE('',#10798);
#10798 = AXIS2_PLACEMENT_3D('',#10799,#10800,#10801);
#10799 = CARTESIAN_POINT('',(-1.2,0.3,-3.6));
#10800 = DIRECTION('',(2.39E-15,7.8E-16,-1.));
#10801 = DIRECTION('',(1.78E-15,-1.,-7.8E-16));
#10802 = ( GEOMETRIC_REPRESENTATION_CONTEXT(3) 
GLOBAL_UNCERTAINTY_ASSIGNED_CONTEXT((#10806)) 
GLOBAL_UNIT_ASSIGNED_CONTEXT((#10803,#10804,#10805)) 
REPRESENTATION_CONTEXT('Context #1',
  '3D Context with UNIT and UNCERTAINTY') );
#10803 = ( LENGTH_UNIT() NAMED_UNIT(*) SI_UNIT(.MILLI.,.METRE.) );
#10804 = ( NAMED_UNIT(*) PLANE_ANGLE_UNIT() SI_UNIT($,.RADIAN.) );
#10805 = ( NAMED_UNIT(*) SI_UNIT($,.STERADIAN.) SOLID_ANGLE_UNIT() );
#10806 = UNCERTAINTY_MEASURE_WITH_UNIT(LENGTH_MEASURE(2.E-07),#10803,
  'distance_accuracy_value','confusion accuracy');
#10807 = CONTEXT_DEPENDENT_SHAPE_REPRESENTATION(#10808,#10810);
#10808 = ( REPRESENTATION_RELATIONSHIP('','',#8887,#10) 
REPRESENTATION_RELATIONSHIP_WITH_TRANSFORMATION(#10809) 
SHAPE_REPRESENTATION_RELATIONSHIP() );
#10809 = ITEM_DEFINED_TRANSFORMATION('','',#11,#31);
#10810 = PRODUCT_DEFINITION_SHAPE('Placement','Placement of an item',
  #10811);
#10811 = NEXT_ASSEMBLY_USAGE_OCCURRENCE('485','Body035','',#5,#8882,$);
#10812 = PRODUCT_RELATED_PRODUCT_CATEGORY('part',$,(#8884));
#10813 = SHAPE_DEFINITION_REPRESENTATION(#10814,#10820);
#10814 = PRODUCT_DEFINITION_SHAPE('','',#10815);
#10815 = PRODUCT_DEFINITION('design','',#10816,#10819);
#10816 = PRODUCT_DEFINITION_FORMATION('','',#10817);
#10817 = PRODUCT('Body036','Body036','',(#10818));
#10818 = PRODUCT_CONTEXT('',#2,'mechanical');
#10819 = PRODUCT_DEFINITION_CONTEXT('part definition',#2,'design');
#10820 = ADVANCED_BREP_SHAPE_REPRESENTATION('',(#11,#10821),#11146);
#10821 = MANIFOLD_SOLID_BREP('',#10822);
#10822 = CLOSED_SHELL('',(#10823,#10874,#10905,#10963,#11021,#11038,
    #11063,#11075,#11100,#11117,#11134));
#10823 = ADVANCED_FACE('',(#10824,#10858),#10869,.T.);
#10824 = FACE_BOUND('',#10825,.T.);
#10825 = EDGE_LOOP('',(#10826,#10836,#10844,#10852));
#10826 = ORIENTED_EDGE('',*,*,#10827,.T.);
#10827 = EDGE_CURVE('',#10828,#10830,#10832,.T.);
#10828 = VERTEX_POINT('',#10829);
#10829 = CARTESIAN_POINT('',(-1.5,2.,5.4));
#10830 = VERTEX_POINT('',#10831);
#10831 = CARTESIAN_POINT('',(-1.5,-2.,5.4));
#10832 = LINE('',#10833,#10834);
#10833 = CARTESIAN_POINT('',(-1.5,2.,5.4));
#10834 = VECTOR('',#10835,1.);
#10835 = DIRECTION('',(0.,-1.,7.730669073875E-16));
#10836 = ORIENTED_EDGE('',*,*,#10837,.T.);
#10837 = EDGE_CURVE('',#10830,#10838,#10840,.T.);
#10838 = VERTEX_POINT('',#10839);
#10839 = CARTESIAN_POINT('',(1.5,-2.,5.4));
#10840 = LINE('',#10841,#10842);
#10841 = CARTESIAN_POINT('',(-1.5,-2.,5.4));
#10842 = VECTOR('',#10843,1.);
#10843 = DIRECTION('',(1.,0.,0.));
#10844 = ORIENTED_EDGE('',*,*,#10845,.F.);
#10845 = EDGE_CURVE('',#10846,#10838,#10848,.T.);
#10846 = VERTEX_POINT('',#10847);
#10847 = CARTESIAN_POINT('',(1.5,2.,5.4));
#10848 = LINE('',#10849,#10850);
#10849 = CARTESIAN_POINT('',(1.5,2.,5.4));
#10850 = VECTOR('',#10851,1.);
#10851 = DIRECTION('',(0.,-1.,7.730669073875E-16));
#10852 = ORIENTED_EDGE('',*,*,#10853,.F.);
#10853 = EDGE_CURVE('',#10828,#10846,#10854,.T.);
#10854 = LINE('',#10855,#10856);
#10855 = CARTESIAN_POINT('',(-1.5,2.,5.4));
#10856 = VECTOR('',#10857,1.);
#10857 = DIRECTION('',(1.,0.,0.));
#10858 = FACE_BOUND('',#10859,.T.);
#10859 = EDGE_LOOP('',(#10860));
#10860 = ORIENTED_EDGE('',*,*,#10861,.T.);
#10861 = EDGE_CURVE('',#10862,#10862,#10864,.T.);
#10862 = VERTEX_POINT('',#10863);
#10863 = CARTESIAN_POINT('',(0.625,5.995204332976E-16,5.4));
#10864 = CIRCLE('',#10865,0.625);
#10865 = AXIS2_PLACEMENT_3D('',#10866,#10867,#10868);
#10866 = CARTESIAN_POINT('',(0.,5.995204332976E-16,5.4));
#10867 = DIRECTION('',(0.,-1.110223024625E-16,-1.));
#10868 = DIRECTION('',(1.,0.,0.));
#10869 = PLANE('',#10870);
#10870 = AXIS2_PLACEMENT_3D('',#10871,#10872,#10873);
#10871 = CARTESIAN_POINT('',(-1.5,2.,5.4));
#10872 = DIRECTION('',(0.,7.730669073875E-16,1.));
#10873 = DIRECTION('',(1.,0.,0.));
#10874 = ADVANCED_FACE('',(#10875),#10900,.T.);
#10875 = FACE_BOUND('',#10876,.T.);
#10876 = EDGE_LOOP('',(#10877,#10887,#10893,#10894));
#10877 = ORIENTED_EDGE('',*,*,#10878,.T.);
#10878 = EDGE_CURVE('',#10879,#10881,#10883,.T.);
#10879 = VERTEX_POINT('',#10880);
#10880 = CARTESIAN_POINT('',(-1.5,2.,1.1));
#10881 = VERTEX_POINT('',#10882);
#10882 = CARTESIAN_POINT('',(-1.5,-2.,1.1));
#10883 = LINE('',#10884,#10885);
#10884 = CARTESIAN_POINT('',(-1.5,2.,1.1));
#10885 = VECTOR('',#10886,1.);
#10886 = DIRECTION('',(0.,-1.,7.730669073875E-16));
#10887 = ORIENTED_EDGE('',*,*,#10888,.T.);
#10888 = EDGE_CURVE('',#10881,#10830,#10889,.T.);
#10889 = LINE('',#10890,#10891);
#10890 = CARTESIAN_POINT('',(-1.5,-2.,1.1));
#10891 = VECTOR('',#10892,1.);
#10892 = DIRECTION('',(0.,3.330669073875E-16,1.));
#10893 = ORIENTED_EDGE('',*,*,#10827,.F.);
#10894 = ORIENTED_EDGE('',*,*,#10895,.F.);
#10895 = EDGE_CURVE('',#10879,#10828,#10896,.T.);
#10896 = LINE('',#10897,#10898);
#10897 = CARTESIAN_POINT('',(-1.5,2.,1.1));
#10898 = VECTOR('',#10899,1.);
#10899 = DIRECTION('',(0.,3.330669073875E-16,1.));
#10900 = PLANE('',#10901);
#10901 = AXIS2_PLACEMENT_3D('',#10902,#10903,#10904);
#10902 = CARTESIAN_POINT('',(-1.5,2.,1.1));
#10903 = DIRECTION('',(-1.,0.,0.));
#10904 = DIRECTION('',(0.,7.730669073875E-16,1.));
#10905 = ADVANCED_FACE('',(#10906,#10924),#10958,.T.);
#10906 = FACE_BOUND('',#10907,.T.);
#10907 = EDGE_LOOP('',(#10908,#10909,#10917,#10923));
#10908 = ORIENTED_EDGE('',*,*,#10853,.T.);
#10909 = ORIENTED_EDGE('',*,*,#10910,.T.);
#10910 = EDGE_CURVE('',#10846,#10911,#10913,.T.);
#10911 = VERTEX_POINT('',#10912);
#10912 = CARTESIAN_POINT('',(1.5,2.,1.1));
#10913 = LINE('',#10914,#10915);
#10914 = CARTESIAN_POINT('',(1.5,2.,5.4));
#10915 = VECTOR('',#10916,1.);
#10916 = DIRECTION('',(0.,-3.330669073875E-16,-1.));
#10917 = ORIENTED_EDGE('',*,*,#10918,.T.);
#10918 = EDGE_CURVE('',#10911,#10879,#10919,.T.);
#10919 = LINE('',#10920,#10921);
#10920 = CARTESIAN_POINT('',(1.5,2.,1.1));
#10921 = VECTOR('',#10922,1.);
#10922 = DIRECTION('',(-1.,-4.996003610813E-32,-1.5E-16));
#10923 = ORIENTED_EDGE('',*,*,#10895,.T.);
#10924 = FACE_BOUND('',#10925,.F.);
#10925 = EDGE_LOOP('',(#10926,#10936,#10944,#10952));
#10926 = ORIENTED_EDGE('',*,*,#10927,.T.);
#10927 = EDGE_CURVE('',#10928,#10930,#10932,.T.);
#10928 = VERTEX_POINT('',#10929);
#10929 = CARTESIAN_POINT('',(-1.,2.,3.9));
#10930 = VERTEX_POINT('',#10931);
#10931 = CARTESIAN_POINT('',(1.,2.,3.9));
#10932 = LINE('',#10933,#10934);
#10933 = CARTESIAN_POINT('',(-1.,2.,3.9));
#10934 = VECTOR('',#10935,1.);
#10935 = DIRECTION('',(1.,0.,0.));
#10936 = ORIENTED_EDGE('',*,*,#10937,.T.);
#10937 = EDGE_CURVE('',#10930,#10938,#10940,.T.);
#10938 = VERTEX_POINT('',#10939);
#10939 = CARTESIAN_POINT('',(1.,2.,1.9));
#10940 = LINE('',#10941,#10942);
#10941 = CARTESIAN_POINT('',(1.,2.,3.9));
#10942 = VECTOR('',#10943,1.);
#10943 = DIRECTION('',(0.,-3.330669073875E-16,-1.));
#10944 = ORIENTED_EDGE('',*,*,#10945,.T.);
#10945 = EDGE_CURVE('',#10938,#10946,#10948,.T.);
#10946 = VERTEX_POINT('',#10947);
#10947 = CARTESIAN_POINT('',(-1.,2.,1.9));
#10948 = LINE('',#10949,#10950);
#10949 = CARTESIAN_POINT('',(1.,2.,1.9));
#10950 = VECTOR('',#10951,1.);
#10951 = DIRECTION('',(-1.,0.,0.));
#10952 = ORIENTED_EDGE('',*,*,#10953,.T.);
#10953 = EDGE_CURVE('',#10946,#10928,#10954,.T.);
#10954 = LINE('',#10955,#10956);
#10955 = CARTESIAN_POINT('',(-1.,2.,1.9));
#10956 = VECTOR('',#10957,1.);
#10957 = DIRECTION('',(0.,3.330669073875E-16,1.));
#10958 = PLANE('',#10959);
#10959 = AXIS2_PLACEMENT_3D('',#10960,#10961,#10962);
#10960 = CARTESIAN_POINT('',(-4.E-17,2.,3.12610619469));
#10961 = DIRECTION('',(0.,1.,-5.530669073875E-16));
#10962 = DIRECTION('',(0.,5.530669073875E-16,1.));
#10963 = ADVANCED_FACE('',(#10964,#10982),#11016,.F.);
#10964 = FACE_BOUND('',#10965,.F.);
#10965 = EDGE_LOOP('',(#10966,#10967,#10975,#10981));
#10966 = ORIENTED_EDGE('',*,*,#10837,.T.);
#10967 = ORIENTED_EDGE('',*,*,#10968,.T.);
#10968 = EDGE_CURVE('',#10838,#10969,#10971,.T.);
#10969 = VERTEX_POINT('',#10970);
#10970 = CARTESIAN_POINT('',(1.5,-2.,1.1));
#10971 = LINE('',#10972,#10973);
#10972 = CARTESIAN_POINT('',(1.5,-2.,5.4));
#10973 = VECTOR('',#10974,1.);
#10974 = DIRECTION('',(0.,-3.330669073875E-16,-1.));
#10975 = ORIENTED_EDGE('',*,*,#10976,.T.);
#10976 = EDGE_CURVE('',#10969,#10881,#10977,.T.);
#10977 = LINE('',#10978,#10979);
#10978 = CARTESIAN_POINT('',(1.5,-2.,1.1));
#10979 = VECTOR('',#10980,1.);
#10980 = DIRECTION('',(-1.,-4.996003610813E-32,-1.5E-16));
#10981 = ORIENTED_EDGE('',*,*,#10888,.T.);
#10982 = FACE_BOUND('',#10983,.T.);
#10983 = EDGE_LOOP('',(#10984,#10994,#11002,#11010));
#10984 = ORIENTED_EDGE('',*,*,#10985,.T.);
#10985 = EDGE_CURVE('',#10986,#10988,#10990,.T.);
#10986 = VERTEX_POINT('',#10987);
#10987 = CARTESIAN_POINT('',(-1.,-2.,3.9));
#10988 = VERTEX_POINT('',#10989);
#10989 = CARTESIAN_POINT('',(1.,-2.,3.9));
#10990 = LINE('',#10991,#10992);
#10991 = CARTESIAN_POINT('',(-1.,-2.,3.9));
#10992 = VECTOR('',#10993,1.);
#10993 = DIRECTION('',(1.,0.,0.));
#10994 = ORIENTED_EDGE('',*,*,#10995,.T.);
#10995 = EDGE_CURVE('',#10988,#10996,#10998,.T.);
#10996 = VERTEX_POINT('',#10997);
#10997 = CARTESIAN_POINT('',(1.,-2.,1.9));
#10998 = LINE('',#10999,#11000);
#10999 = CARTESIAN_POINT('',(1.,-2.,3.9));
#11000 = VECTOR('',#11001,1.);
#11001 = DIRECTION('',(0.,-3.330669073875E-16,-1.));
#11002 = ORIENTED_EDGE('',*,*,#11003,.T.);
#11003 = EDGE_CURVE('',#10996,#11004,#11006,.T.);
#11004 = VERTEX_POINT('',#11005);
#11005 = CARTESIAN_POINT('',(-1.,-2.,1.9));
#11006 = LINE('',#11007,#11008);
#11007 = CARTESIAN_POINT('',(1.,-2.,1.9));
#11008 = VECTOR('',#11009,1.);
#11009 = DIRECTION('',(-1.,0.,0.));
#11010 = ORIENTED_EDGE('',*,*,#11011,.T.);
#11011 = EDGE_CURVE('',#11004,#10986,#11012,.T.);
#11012 = LINE('',#11013,#11014);
#11013 = CARTESIAN_POINT('',(-1.,-2.,1.9));
#11014 = VECTOR('',#11015,1.);
#11015 = DIRECTION('',(0.,3.330669073875E-16,1.));
#11016 = PLANE('',#11017);
#11017 = AXIS2_PLACEMENT_3D('',#11018,#11019,#11020);
#11018 = CARTESIAN_POINT('',(-4.E-17,-2.,3.12610619469));
#11019 = DIRECTION('',(0.,1.,-5.530669073875E-16));
#11020 = DIRECTION('',(0.,5.530669073875E-16,1.));
#11021 = ADVANCED_FACE('',(#11022),#11033,.T.);
#11022 = FACE_BOUND('',#11023,.T.);
#11023 = EDGE_LOOP('',(#11024,#11025,#11026,#11032));
#11024 = ORIENTED_EDGE('',*,*,#10845,.T.);
#11025 = ORIENTED_EDGE('',*,*,#10968,.T.);
#11026 = ORIENTED_EDGE('',*,*,#11027,.F.);
#11027 = EDGE_CURVE('',#10911,#10969,#11028,.T.);
#11028 = LINE('',#11029,#11030);
#11029 = CARTESIAN_POINT('',(1.5,2.,1.1));
#11030 = VECTOR('',#11031,1.);
#11031 = DIRECTION('',(0.,-1.,7.730669073875E-16));
#11032 = ORIENTED_EDGE('',*,*,#10910,.F.);
#11033 = PLANE('',#11034);
#11034 = AXIS2_PLACEMENT_3D('',#11035,#11036,#11037);
#11035 = CARTESIAN_POINT('',(1.5,2.,5.4));
#11036 = DIRECTION('',(1.,0.,0.));
#11037 = DIRECTION('',(0.,-7.730669073875E-16,-1.));
#11038 = ADVANCED_FACE('',(#11039),#11058,.F.);
#11039 = FACE_BOUND('',#11040,.T.);
#11040 = EDGE_LOOP('',(#11041,#11042,#11050,#11057));
#11041 = ORIENTED_EDGE('',*,*,#10861,.F.);
#11042 = ORIENTED_EDGE('',*,*,#11043,.T.);
#11043 = EDGE_CURVE('',#10862,#11044,#11046,.T.);
#11044 = VERTEX_POINT('',#11045);
#11045 = CARTESIAN_POINT('',(0.625,4.329869796038E-16,3.9));
#11046 = LINE('',#11047,#11048);
#11047 = CARTESIAN_POINT('',(0.625,8.881784197001E-16,6.));
#11048 = VECTOR('',#11049,1.);
#11049 = DIRECTION('',(-7.401486830834E-17,-1.110223024625E-16,-1.));
#11050 = ORIENTED_EDGE('',*,*,#11051,.T.);
#11051 = EDGE_CURVE('',#11044,#11044,#11052,.T.);
#11052 = CIRCLE('',#11053,0.625);
#11053 = AXIS2_PLACEMENT_3D('',#11054,#11055,#11056);
#11054 = CARTESIAN_POINT('',(0.,4.329869796038E-16,3.9));
#11055 = DIRECTION('',(0.,-1.110223024625E-16,-1.));
#11056 = DIRECTION('',(1.,0.,0.));
#11057 = ORIENTED_EDGE('',*,*,#11043,.F.);
#11058 = CYLINDRICAL_SURFACE('',#11059,0.625);
#11059 = AXIS2_PLACEMENT_3D('',#11060,#11061,#11062);
#11060 = CARTESIAN_POINT('',(0.,8.881784197001E-16,6.));
#11061 = DIRECTION('',(-0.,-1.110223024625E-16,-1.));
#11062 = DIRECTION('',(1.,0.,0.));
#11063 = ADVANCED_FACE('',(#11064),#11070,.T.);
#11064 = FACE_BOUND('',#11065,.T.);
#11065 = EDGE_LOOP('',(#11066,#11067,#11068,#11069));
#11066 = ORIENTED_EDGE('',*,*,#11027,.T.);
#11067 = ORIENTED_EDGE('',*,*,#10976,.T.);
#11068 = ORIENTED_EDGE('',*,*,#10878,.F.);
#11069 = ORIENTED_EDGE('',*,*,#10918,.F.);
#11070 = PLANE('',#11071);
#11071 = AXIS2_PLACEMENT_3D('',#11072,#11073,#11074);
#11072 = CARTESIAN_POINT('',(1.5,2.,1.1));
#11073 = DIRECTION('',(1.5E-16,-7.730669073875E-16,-1.));
#11074 = DIRECTION('',(-1.,-4.996003610813E-32,-1.5E-16));
#11075 = ADVANCED_FACE('',(#11076,#11092),#11095,.F.);
#11076 = FACE_BOUND('',#11077,.F.);
#11077 = EDGE_LOOP('',(#11078,#11084,#11085,#11091));
#11078 = ORIENTED_EDGE('',*,*,#11079,.T.);
#11079 = EDGE_CURVE('',#10928,#10986,#11080,.T.);
#11080 = LINE('',#11081,#11082);
#11081 = CARTESIAN_POINT('',(-1.,2.,3.9));
#11082 = VECTOR('',#11083,1.);
#11083 = DIRECTION('',(0.,-1.,7.730669073875E-16));
#11084 = ORIENTED_EDGE('',*,*,#10985,.T.);
#11085 = ORIENTED_EDGE('',*,*,#11086,.F.);
#11086 = EDGE_CURVE('',#10930,#10988,#11087,.T.);
#11087 = LINE('',#11088,#11089);
#11088 = CARTESIAN_POINT('',(1.,2.,3.9));
#11089 = VECTOR('',#11090,1.);
#11090 = DIRECTION('',(0.,-1.,7.730669073875E-16));
#11091 = ORIENTED_EDGE('',*,*,#10927,.F.);
#11092 = FACE_BOUND('',#11093,.F.);
#11093 = EDGE_LOOP('',(#11094));
#11094 = ORIENTED_EDGE('',*,*,#11051,.T.);
#11095 = PLANE('',#11096);
#11096 = AXIS2_PLACEMENT_3D('',#11097,#11098,#11099);
#11097 = CARTESIAN_POINT('',(-1.,2.,3.9));
#11098 = DIRECTION('',(0.,7.730669073875E-16,1.));
#11099 = DIRECTION('',(1.,0.,0.));
#11100 = ADVANCED_FACE('',(#11101),#11112,.F.);
#11101 = FACE_BOUND('',#11102,.F.);
#11102 = EDGE_LOOP('',(#11103,#11104,#11105,#11111));
#11103 = ORIENTED_EDGE('',*,*,#11086,.T.);
#11104 = ORIENTED_EDGE('',*,*,#10995,.T.);
#11105 = ORIENTED_EDGE('',*,*,#11106,.F.);
#11106 = EDGE_CURVE('',#10938,#10996,#11107,.T.);
#11107 = LINE('',#11108,#11109);
#11108 = CARTESIAN_POINT('',(1.,2.,1.9));
#11109 = VECTOR('',#11110,1.);
#11110 = DIRECTION('',(0.,-1.,7.730669073875E-16));
#11111 = ORIENTED_EDGE('',*,*,#10937,.F.);
#11112 = PLANE('',#11113);
#11113 = AXIS2_PLACEMENT_3D('',#11114,#11115,#11116);
#11114 = CARTESIAN_POINT('',(1.,2.,3.9));
#11115 = DIRECTION('',(1.,0.,0.));
#11116 = DIRECTION('',(0.,-7.730669073875E-16,-1.));
#11117 = ADVANCED_FACE('',(#11118),#11129,.F.);
#11118 = FACE_BOUND('',#11119,.F.);
#11119 = EDGE_LOOP('',(#11120,#11121,#11122,#11128));
#11120 = ORIENTED_EDGE('',*,*,#11106,.T.);
#11121 = ORIENTED_EDGE('',*,*,#11003,.T.);
#11122 = ORIENTED_EDGE('',*,*,#11123,.F.);
#11123 = EDGE_CURVE('',#10946,#11004,#11124,.T.);
#11124 = LINE('',#11125,#11126);
#11125 = CARTESIAN_POINT('',(-1.,2.,1.9));
#11126 = VECTOR('',#11127,1.);
#11127 = DIRECTION('',(0.,-1.,7.730669073875E-16));
#11128 = ORIENTED_EDGE('',*,*,#10945,.F.);
#11129 = PLANE('',#11130);
#11130 = AXIS2_PLACEMENT_3D('',#11131,#11132,#11133);
#11131 = CARTESIAN_POINT('',(1.,2.,1.9));
#11132 = DIRECTION('',(0.,-7.730669073875E-16,-1.));
#11133 = DIRECTION('',(-1.,0.,0.));
#11134 = ADVANCED_FACE('',(#11135),#11141,.F.);
#11135 = FACE_BOUND('',#11136,.F.);
#11136 = EDGE_LOOP('',(#11137,#11138,#11139,#11140));
#11137 = ORIENTED_EDGE('',*,*,#11123,.T.);
#11138 = ORIENTED_EDGE('',*,*,#11011,.T.);
#11139 = ORIENTED_EDGE('',*,*,#11079,.F.);
#11140 = ORIENTED_EDGE('',*,*,#10953,.F.);
#11141 = PLANE('',#11142);
#11142 = AXIS2_PLACEMENT_3D('',#11143,#11144,#11145);
#11143 = CARTESIAN_POINT('',(-1.,2.,1.9));
#11144 = DIRECTION('',(-1.,0.,0.));
#11145 = DIRECTION('',(0.,7.730669073875E-16,1.));
#11146 = ( GEOMETRIC_REPRESENTATION_CONTEXT(3) 
GLOBAL_UNCERTAINTY_ASSIGNED_CONTEXT((#11150)) 
GLOBAL_UNIT_ASSIGNED_CONTEXT((#11147,#11148,#11149)) 
REPRESENTATION_CONTEXT('Context #1',
  '3D Context with UNIT and UNCERTAINTY') );
#11147 = ( LENGTH_UNIT() NAMED_UNIT(*) SI_UNIT(.MILLI.,.METRE.) );
#11148 = ( NAMED_UNIT(*) PLANE_ANGLE_UNIT() SI_UNIT($,.RADIAN.) );
#11149 = ( NAMED_UNIT(*) SI_UNIT($,.STERADIAN.) SOLID_ANGLE_UNIT() );
#11150 = UNCERTAINTY_MEASURE_WITH_UNIT(LENGTH_MEASURE(1.E-07),#11147,
  'distance_accuracy_value','confusion accuracy');
#11151 = CONTEXT_DEPENDENT_SHAPE_REPRESENTATION(#11152,#11154);
#11152 = ( REPRESENTATION_RELATIONSHIP('','',#10820,#10) 
REPRESENTATION_RELATIONSHIP_WITH_TRANSFORMATION(#11153) 
SHAPE_REPRESENTATION_RELATIONSHIP() );
#11153 = ITEM_DEFINED_TRANSFORMATION('','',#11,#35);
#11154 = PRODUCT_DEFINITION_SHAPE('Placement','Placement of an item',
  #11155);
#11155 = NEXT_ASSEMBLY_USAGE_OCCURRENCE('486','Body036','',#5,#10815,$);
#11156 = PRODUCT_RELATED_PRODUCT_CATEGORY('part',$,(#10817));
#11157 = SHAPE_DEFINITION_REPRESENTATION(#11158,#11164);
#11158 = PRODUCT_DEFINITION_SHAPE('','',#11159);
#11159 = PRODUCT_DEFINITION('design','',#11160,#11163);
#11160 = PRODUCT_DEFINITION_FORMATION('','',#11161);
#11161 = PRODUCT('Body037','Body037','',(#11162));
#11162 = PRODUCT_CONTEXT('',#2,'mechanical');
#11163 = PRODUCT_DEFINITION_CONTEXT('part definition',#2,'design');
#11164 = ADVANCED_BREP_SHAPE_REPRESENTATION('',(#11,#11165),#11569);
#11165 = MANIFOLD_SOLID_BREP('',#11166);
#11166 = CLOSED_SHELL('',(#11167,#11192,#11258,#11293,#11372,#11390,
    #11410,#11473,#11495,#11525,#11535,#11560));
#11167 = ADVANCED_FACE('',(#11168),#11187,.T.);
#11168 = FACE_BOUND('',#11169,.F.);
#11169 = EDGE_LOOP('',(#11170,#11181));
#11170 = ORIENTED_EDGE('',*,*,#11171,.F.);
#11171 = EDGE_CURVE('',#11172,#11174,#11176,.T.);
#11172 = VERTEX_POINT('',#11173);
#11173 = CARTESIAN_POINT('',(1.010193130046,-0.6849240107,8.05));
#11174 = VERTEX_POINT('',#11175);
#11175 = CARTESIAN_POINT('',(-0.6849240107,1.010193130046,8.05));
#11176 = CIRCLE('',#11177,1.220496235318);
#11177 = AXIS2_PLACEMENT_3D('',#11178,#11179,#11180);
#11178 = CARTESIAN_POINT('',(0.,0.,8.05));
#11179 = DIRECTION('',(-0.,0.,1.));
#11180 = DIRECTION('',(0.707106781187,-0.707106781187,0.));
#11181 = ORIENTED_EDGE('',*,*,#11182,.F.);
#11182 = EDGE_CURVE('',#11174,#11172,#11183,.T.);
#11183 = LINE('',#11184,#11185);
#11184 = CARTESIAN_POINT('',(-176.6140607369,176.93932985631,8.05));
#11185 = VECTOR('',#11186,1.);
#11186 = DIRECTION('',(0.707106781187,-0.707106781187,0.));
#11187 = PLANE('',#11188);
#11188 = AXIS2_PLACEMENT_3D('',#11189,#11190,#11191);
#11189 = CARTESIAN_POINT('',(0.,0.,8.05));
#11190 = DIRECTION('',(0.,0.,1.));
#11191 = DIRECTION('',(0.707106781187,-0.707106781187,-0.));
#11192 = ADVANCED_FACE('',(#11193),#11249,.F.);
#11193 = FACE_BOUND('',#11194,.F.);
#11194 = EDGE_LOOP('',(#11195,#11218,#11219,#11242));
#11195 = ORIENTED_EDGE('',*,*,#11196,.F.);
#11196 = EDGE_CURVE('',#11172,#11197,#11199,.T.);
#11197 = VERTEX_POINT('',#11198);
#11198 = CARTESIAN_POINT('',(1.153277776717,-0.828008657371,
    7.86743114855));
#11199 = B_SPLINE_CURVE_WITH_KNOTS('',5,(#11200,#11201,#11202,#11203,
    #11204,#11205,#11206,#11207,#11208,#11209,#11210,#11211,#11212,
    #11213,#11214,#11215,#11216,#11217),.UNSPECIFIED.,.F.,.F.,(6,4,4,4,6
    ),(0.,0.250129965149,0.500168146575,0.750114408968,1.),
  .UNSPECIFIED.);
#11200 = CARTESIAN_POINT('',(1.010193130046,-0.6849240107,8.05));
#11201 = CARTESIAN_POINT('',(1.020873145873,-0.695604026527,8.05));
#11202 = CARTESIAN_POINT('',(1.031547763316,-0.706278643971,
    8.048624861379));
#11203 = CARTESIAN_POINT('',(1.042095136391,-0.716826017045,
    8.045874209795));
#11204 = CARTESIAN_POINT('',(1.052393941672,-0.727124822327,
    8.041779356199));
#11205 = CARTESIAN_POINT('',(1.072264358631,-0.746995239285,
    8.031025748242));
#11206 = CARTESIAN_POINT('',(1.081836284791,-0.756567165446,
    8.02436790921));
#11207 = CARTESIAN_POINT('',(1.090933626767,-0.765664507421,
    8.016489073427));
#11208 = CARTESIAN_POINT('',(1.099451750022,-0.774182630677,
    8.007479985852));
#11209 = CARTESIAN_POINT('',(1.115147785187,-0.789878665841,
    7.987434570241));
#11210 = CARTESIAN_POINT('',(1.122326229984,-0.797057110638,
    7.976398936322));
#11211 = CARTESIAN_POINT('',(1.12874711615,-0.803477996804,
    7.964463052152));
#11212 = CARTESIAN_POINT('',(1.134336511123,-0.809067391778,
    7.951765039258));
#11213 = CARTESIAN_POINT('',(1.143743946494,-0.818474827148,
    7.925153550379));
#11214 = CARTESIAN_POINT('',(1.147562441742,-0.822293322396,
    7.911240299379));
#11215 = CARTESIAN_POINT('',(1.150442593512,-0.825173474166,
    7.896870508491));
#11216 = CARTESIAN_POINT('',(1.152351208205,-0.827082088859,
    7.882210850582));
#11217 = CARTESIAN_POINT('',(1.153277776717,-0.828008657371,
    7.86743114855));
#11218 = ORIENTED_EDGE('',*,*,#11171,.T.);
#11219 = ORIENTED_EDGE('',*,*,#11220,.T.);
#11220 = EDGE_CURVE('',#11174,#11221,#11223,.T.);
#11221 = VERTEX_POINT('',#11222);
#11222 = CARTESIAN_POINT('',(-0.828008657371,1.153277776717,
    7.86743114855));
#11223 = B_SPLINE_CURVE_WITH_KNOTS('',5,(#11224,#11225,#11226,#11227,
    #11228,#11229,#11230,#11231,#11232,#11233,#11234,#11235,#11236,
    #11237,#11238,#11239,#11240,#11241),.UNSPECIFIED.,.F.,.F.,(6,4,4,4,6
    ),(0.,0.250129965149,0.500168146575,0.750114408968,1.),
  .UNSPECIFIED.);
#11224 = CARTESIAN_POINT('',(-0.6849240107,1.010193130046,8.05));
#11225 = CARTESIAN_POINT('',(-0.695604026527,1.020873145873,8.05));
#11226 = CARTESIAN_POINT('',(-0.706278643971,1.031547763316,
    8.048624861379));
#11227 = CARTESIAN_POINT('',(-0.716826017045,1.042095136391,
    8.045874209795));
#11228 = CARTESIAN_POINT('',(-0.727124822327,1.052393941672,
    8.041779356199));
#11229 = CARTESIAN_POINT('',(-0.746995239285,1.072264358631,
    8.031025748242));
#11230 = CARTESIAN_POINT('',(-0.756567165446,1.081836284791,
    8.02436790921));
#11231 = CARTESIAN_POINT('',(-0.765664507421,1.090933626767,
    8.016489073427));
#11232 = CARTESIAN_POINT('',(-0.774182630677,1.099451750022,
    8.007479985852));
#11233 = CARTESIAN_POINT('',(-0.789878665841,1.115147785187,
    7.987434570241));
#11234 = CARTESIAN_POINT('',(-0.797057110638,1.122326229984,
    7.976398936322));
#11235 = CARTESIAN_POINT('',(-0.803477996804,1.12874711615,
    7.964463052152));
#11236 = CARTESIAN_POINT('',(-0.809067391778,1.134336511123,
    7.951765039258));
#11237 = CARTESIAN_POINT('',(-0.818474827148,1.143743946494,
    7.925153550378));
#11238 = CARTESIAN_POINT('',(-0.822293322396,1.147562441742,
    7.911240299379));
#11239 = CARTESIAN_POINT('',(-0.825173474166,1.150442593512,
    7.896870508491));
#11240 = CARTESIAN_POINT('',(-0.827082088859,1.152351208205,
    7.882210850582));
#11241 = CARTESIAN_POINT('',(-0.828008657371,1.153277776717,
    7.86743114855));
#11242 = ORIENTED_EDGE('',*,*,#11243,.F.);
#11243 = EDGE_CURVE('',#11197,#11221,#11244,.T.);
#11244 = CIRCLE('',#11245,1.419735174936);
#11245 = AXIS2_PLACEMENT_3D('',#11246,#11247,#11248);
#11246 = CARTESIAN_POINT('',(0.,0.,7.86743114855));
#11247 = DIRECTION('',(-0.,0.,1.));
#11248 = DIRECTION('',(0.707106781187,-0.707106781187,0.));
#11249 = SURFACE_OF_REVOLUTION('',#11250,#11255);
#11250 = CIRCLE('',#11251,0.2);
#11251 = AXIS2_PLACEMENT_3D('',#11252,#11253,#11254);
#11252 = CARTESIAN_POINT('',(0.863021164406,-0.863021164406,7.85));
#11253 = DIRECTION('',(0.707106781187,0.707106781187,0.));
#11254 = DIRECTION('',(7.8E-16,-7.8E-16,1.));
#11255 = AXIS1_PLACEMENT('',#11256,#11257);
#11256 = CARTESIAN_POINT('',(0.,0.,6.95));
#11257 = DIRECTION('',(0.,0.,1.));
#11258 = ADVANCED_FACE('',(#11259),#11288,.F.);
#11259 = FACE_BOUND('',#11260,.F.);
#11260 = EDGE_LOOP('',(#11261,#11271,#11278,#11279,#11280,#11281));
#11261 = ORIENTED_EDGE('',*,*,#11262,.F.);
#11262 = EDGE_CURVE('',#11263,#11265,#11267,.T.);
#11263 = VERTEX_POINT('',#11264);
#11264 = CARTESIAN_POINT('',(-0.844770779208,1.170039898554,7.6));
#11265 = VERTEX_POINT('',#11266);
#11266 = CARTESIAN_POINT('',(1.170039898554,-0.844770779208,7.6));
#11267 = LINE('',#11268,#11269);
#11268 = CARTESIAN_POINT('',(-353.3907560336,353.71602515294,7.6));
#11269 = VECTOR('',#11270,1.);
#11270 = DIRECTION('',(0.707106781187,-0.707106781187,0.));
#11271 = ORIENTED_EDGE('',*,*,#11272,.F.);
#11272 = EDGE_CURVE('',#11221,#11263,#11273,.T.);
#11273 = HYPERBOLA('',#11274,2.628912029635,0.23);
#11274 = AXIS2_PLACEMENT_3D('',#11275,#11276,#11277);
#11275 = CARTESIAN_POINT('',(0.162634559673,0.162634559673,
    24.095078454142));
#11276 = DIRECTION('',(0.707106781187,0.707106781187,0.));
#11277 = DIRECTION('',(0.,0.,-1.));
#11278 = ORIENTED_EDGE('',*,*,#11220,.F.);
#11279 = ORIENTED_EDGE('',*,*,#11182,.T.);
#11280 = ORIENTED_EDGE('',*,*,#11196,.T.);
#11281 = ORIENTED_EDGE('',*,*,#11282,.F.);
#11282 = EDGE_CURVE('',#11265,#11197,#11283,.T.);
#11283 = HYPERBOLA('',#11284,2.628912029635,0.23);
#11284 = AXIS2_PLACEMENT_3D('',#11285,#11286,#11287);
#11285 = CARTESIAN_POINT('',(0.162634559673,0.162634559673,
    24.095078454142));
#11286 = DIRECTION('',(0.707106781187,0.707106781187,0.));
#11287 = DIRECTION('',(0.,0.,-1.));
#11288 = PLANE('',#11289);
#11289 = AXIS2_PLACEMENT_3D('',#11290,#11291,#11292);
#11290 = CARTESIAN_POINT('',(-353.3907560336,353.71602515294,7.6));
#11291 = DIRECTION('',(0.707106781187,0.707106781187,0.));
#11292 = DIRECTION('',(0.,0.,1.));
#11293 = ADVANCED_FACE('',(#11294),#11367,.T.);
#11294 = FACE_BOUND('',#11295,.F.);
#11295 = EDGE_LOOP('',(#11296,#11297,#11298,#11299,#11308,#11317,#11326,
    #11335,#11344,#11352,#11359,#11360));
#11296 = ORIENTED_EDGE('',*,*,#11282,.T.);
#11297 = ORIENTED_EDGE('',*,*,#11243,.T.);
#11298 = ORIENTED_EDGE('',*,*,#11272,.T.);
#11299 = ORIENTED_EDGE('',*,*,#11300,.F.);
#11300 = EDGE_CURVE('',#11301,#11263,#11303,.T.);
#11301 = VERTEX_POINT('',#11302);
#11302 = CARTESIAN_POINT('',(-1.170039898554,0.844770779208,7.6));
#11303 = CIRCLE('',#11304,1.443132368708);
#11304 = AXIS2_PLACEMENT_3D('',#11305,#11306,#11307);
#11305 = CARTESIAN_POINT('',(0.,0.,7.6));
#11306 = DIRECTION('',(0.,-0.,-1.));
#11307 = DIRECTION('',(0.707106781187,-0.707106781187,0.));
#11308 = ORIENTED_EDGE('',*,*,#11309,.F.);
#11309 = EDGE_CURVE('',#11310,#11301,#11312,.T.);
#11310 = VERTEX_POINT('',#11311);
#11311 = CARTESIAN_POINT('',(-1.153277776717,0.828008657371,
    7.86743114855));
#11312 = HYPERBOLA('',#11313,2.628912029635,0.23);
#11313 = AXIS2_PLACEMENT_3D('',#11314,#11315,#11316);
#11314 = CARTESIAN_POINT('',(-0.162634559673,-0.162634559673,
    24.095078454142));
#11315 = DIRECTION('',(0.707106781187,0.707106781187,0.));
#11316 = DIRECTION('',(0.,0.,-1.));
#11317 = ORIENTED_EDGE('',*,*,#11318,.T.);
#11318 = EDGE_CURVE('',#11310,#11319,#11321,.T.);
#11319 = VERTEX_POINT('',#11320);
#11320 = CARTESIAN_POINT('',(0.828008657371,-1.153277776717,
    7.86743114855));
#11321 = CIRCLE('',#11322,1.419735174936);
#11322 = AXIS2_PLACEMENT_3D('',#11323,#11324,#11325);
#11323 = CARTESIAN_POINT('',(0.,0.,7.86743114855));
#11324 = DIRECTION('',(-0.,0.,1.));
#11325 = DIRECTION('',(0.707106781187,-0.707106781187,0.));
#11326 = ORIENTED_EDGE('',*,*,#11327,.F.);
#11327 = EDGE_CURVE('',#11328,#11319,#11330,.T.);
#11328 = VERTEX_POINT('',#11329);
#11329 = CARTESIAN_POINT('',(0.844770779208,-1.170039898554,7.6));
#11330 = HYPERBOLA('',#11331,2.628912029635,0.23);
#11331 = AXIS2_PLACEMENT_3D('',#11332,#11333,#11334);
#11332 = CARTESIAN_POINT('',(-0.162634559673,-0.162634559673,
    24.095078454142));
#11333 = DIRECTION('',(0.707106781187,0.707106781187,0.));
#11334 = DIRECTION('',(0.,0.,-1.));
#11335 = ORIENTED_EDGE('',*,*,#11336,.F.);
#11336 = EDGE_CURVE('',#11337,#11328,#11339,.T.);
#11337 = VERTEX_POINT('',#11338);
#11338 = CARTESIAN_POINT('',(1.020448684063,-1.020448684063,7.6));
#11339 = CIRCLE('',#11340,1.443132368708);
#11340 = AXIS2_PLACEMENT_3D('',#11341,#11342,#11343);
#11341 = CARTESIAN_POINT('',(0.,0.,7.6));
#11342 = DIRECTION('',(0.,-0.,-1.));
#11343 = DIRECTION('',(0.707106781187,-0.707106781187,0.));
#11344 = ORIENTED_EDGE('',*,*,#11345,.T.);
#11345 = EDGE_CURVE('',#11337,#11346,#11348,.T.);
#11346 = VERTEX_POINT('',#11347);
#11347 = CARTESIAN_POINT('',(1.06066017178,-1.06066017178,6.95));
#11348 = LINE('',#11349,#11350);
#11349 = CARTESIAN_POINT('',(1.003904369687,-1.003904369687,
    7.86743114855));
#11350 = VECTOR('',#11351,1.);
#11351 = DIRECTION('',(6.162841671622E-02,-6.162841671622E-02,
    -0.996194698092));
#11352 = ORIENTED_EDGE('',*,*,#11353,.F.);
#11353 = EDGE_CURVE('',#11346,#11346,#11354,.T.);
#11354 = CIRCLE('',#11355,1.5);
#11355 = AXIS2_PLACEMENT_3D('',#11356,#11357,#11358);
#11356 = CARTESIAN_POINT('',(0.,0.,6.95));
#11357 = DIRECTION('',(-0.,0.,1.));
#11358 = DIRECTION('',(0.707106781187,-0.707106781187,0.));
#11359 = ORIENTED_EDGE('',*,*,#11345,.F.);
#11360 = ORIENTED_EDGE('',*,*,#11361,.F.);
#11361 = EDGE_CURVE('',#11265,#11337,#11362,.T.);
#11362 = CIRCLE('',#11363,1.443132368708);
#11363 = AXIS2_PLACEMENT_3D('',#11364,#11365,#11366);
#11364 = CARTESIAN_POINT('',(0.,0.,7.6));
#11365 = DIRECTION('',(0.,-0.,-1.));
#11366 = DIRECTION('',(0.707106781187,-0.707106781187,0.));
#11367 = CONICAL_SURFACE('',#11368,1.419735174936,8.726646259972E-02);
#11368 = AXIS2_PLACEMENT_3D('',#11369,#11370,#11371);
#11369 = CARTESIAN_POINT('',(0.,0.,7.86743114855));
#11370 = DIRECTION('',(-0.,0.,-1.));
#11371 = DIRECTION('',(0.707106781187,-0.707106781187,-0.));
#11372 = ADVANCED_FACE('',(#11373),#11385,.T.);
#11373 = FACE_BOUND('',#11374,.T.);
#11374 = EDGE_LOOP('',(#11375,#11376,#11377,#11383,#11384));
#11375 = ORIENTED_EDGE('',*,*,#11262,.F.);
#11376 = ORIENTED_EDGE('',*,*,#11300,.F.);
#11377 = ORIENTED_EDGE('',*,*,#11378,.T.);
#11378 = EDGE_CURVE('',#11301,#11328,#11379,.T.);
#11379 = LINE('',#11380,#11381);
#11380 = CARTESIAN_POINT('',(-353.7160251529,353.3907560336,7.6));
#11381 = VECTOR('',#11382,1.);
#11382 = DIRECTION('',(0.707106781187,-0.707106781187,0.));
#11383 = ORIENTED_EDGE('',*,*,#11336,.F.);
#11384 = ORIENTED_EDGE('',*,*,#11361,.F.);
#11385 = PLANE('',#11386);
#11386 = AXIS2_PLACEMENT_3D('',#11387,#11388,#11389);
#11387 = CARTESIAN_POINT('',(-353.7160251529,353.3907560336,7.6));
#11388 = DIRECTION('',(0.,0.,1.));
#11389 = DIRECTION('',(0.707106781187,-0.707106781187,0.));
#11390 = ADVANCED_FACE('',(#11391,#11394),#11405,.F.);
#11391 = FACE_BOUND('',#11392,.F.);
#11392 = EDGE_LOOP('',(#11393));
#11393 = ORIENTED_EDGE('',*,*,#11353,.T.);
#11394 = FACE_BOUND('',#11395,.F.);
#11395 = EDGE_LOOP('',(#11396));
#11396 = ORIENTED_EDGE('',*,*,#11397,.F.);
#11397 = EDGE_CURVE('',#11398,#11398,#11400,.T.);
#11398 = VERTEX_POINT('',#11399);
#11399 = CARTESIAN_POINT('',(0.636396103068,-0.636396103068,6.95));
#11400 = CIRCLE('',#11401,0.9);
#11401 = AXIS2_PLACEMENT_3D('',#11402,#11403,#11404);
#11402 = CARTESIAN_POINT('',(0.,0.,6.95));
#11403 = DIRECTION('',(-0.,0.,1.));
#11404 = DIRECTION('',(0.707106781187,-0.707106781187,0.));
#11405 = PLANE('',#11406);
#11406 = AXIS2_PLACEMENT_3D('',#11407,#11408,#11409);
#11407 = CARTESIAN_POINT('',(0.,0.,6.95));
#11408 = DIRECTION('',(0.,0.,1.));
#11409 = DIRECTION('',(0.707106781187,-0.707106781187,0.));
#11410 = ADVANCED_FACE('',(#11411),#11468,.T.);
#11411 = FACE_BOUND('',#11412,.T.);
#11412 = EDGE_LOOP('',(#11413,#11414,#11415,#11438,#11446,#11467));
#11413 = ORIENTED_EDGE('',*,*,#11378,.F.);
#11414 = ORIENTED_EDGE('',*,*,#11309,.F.);
#11415 = ORIENTED_EDGE('',*,*,#11416,.F.);
#11416 = EDGE_CURVE('',#11417,#11310,#11419,.T.);
#11417 = VERTEX_POINT('',#11418);
#11418 = CARTESIAN_POINT('',(-1.010193130046,0.6849240107,8.05));
#11419 = B_SPLINE_CURVE_WITH_KNOTS('',5,(#11420,#11421,#11422,#11423,
    #11424,#11425,#11426,#11427,#11428,#11429,#11430,#11431,#11432,
    #11433,#11434,#11435,#11436,#11437),.UNSPECIFIED.,.F.,.F.,(6,4,4,4,6
    ),(0.,0.250129965149,0.500168146575,0.750114408968,1.),
  .UNSPECIFIED.);
#11420 = CARTESIAN_POINT('',(-1.010193130046,0.6849240107,8.05));
#11421 = CARTESIAN_POINT('',(-1.020873145873,0.695604026527,8.05));
#11422 = CARTESIAN_POINT('',(-1.031547763316,0.706278643971,
    8.048624861379));
#11423 = CARTESIAN_POINT('',(-1.042095136391,0.716826017045,
    8.045874209795));
#11424 = CARTESIAN_POINT('',(-1.052393941672,0.727124822327,
    8.041779356199));
#11425 = CARTESIAN_POINT('',(-1.072264358631,0.746995239285,
    8.031025748242));
#11426 = CARTESIAN_POINT('',(-1.081836284791,0.756567165446,
    8.02436790921));
#11427 = CARTESIAN_POINT('',(-1.090933626767,0.765664507421,
    8.016489073427));
#11428 = CARTESIAN_POINT('',(-1.099451750022,0.774182630677,
    8.007479985852));
#11429 = CARTESIAN_POINT('',(-1.115147785187,0.789878665841,
    7.987434570241));
#11430 = CARTESIAN_POINT('',(-1.122326229984,0.797057110638,
    7.976398936322));
#11431 = CARTESIAN_POINT('',(-1.12874711615,0.803477996804,
    7.964463052152));
#11432 = CARTESIAN_POINT('',(-1.134336511123,0.809067391778,
    7.951765039258));
#11433 = CARTESIAN_POINT('',(-1.143743946494,0.818474827148,
    7.925153550379));
#11434 = CARTESIAN_POINT('',(-1.147562441742,0.822293322396,
    7.911240299379));
#11435 = CARTESIAN_POINT('',(-1.150442593512,0.825173474166,
    7.896870508491));
#11436 = CARTESIAN_POINT('',(-1.152351208205,0.827082088859,
    7.882210850582));
#11437 = CARTESIAN_POINT('',(-1.153277776717,0.828008657371,
    7.86743114855));
#11438 = ORIENTED_EDGE('',*,*,#11439,.T.);
#11439 = EDGE_CURVE('',#11417,#11440,#11442,.T.);
#11440 = VERTEX_POINT('',#11441);
#11441 = CARTESIAN_POINT('',(0.6849240107,-1.010193130046,8.05));
#11442 = LINE('',#11443,#11444);
#11443 = CARTESIAN_POINT('',(-176.9393298563,176.61406073696,8.05));
#11444 = VECTOR('',#11445,1.);
#11445 = DIRECTION('',(0.707106781187,-0.707106781187,0.));
#11446 = ORIENTED_EDGE('',*,*,#11447,.T.);
#11447 = EDGE_CURVE('',#11440,#11319,#11448,.T.);
#11448 = B_SPLINE_CURVE_WITH_KNOTS('',5,(#11449,#11450,#11451,#11452,
    #11453,#11454,#11455,#11456,#11457,#11458,#11459,#11460,#11461,
    #11462,#11463,#11464,#11465,#11466),.UNSPECIFIED.,.F.,.F.,(6,4,4,4,6
    ),(0.,0.250129965149,0.500168146575,0.750114408968,1.),
  .UNSPECIFIED.);
#11449 = CARTESIAN_POINT('',(0.6849240107,-1.010193130046,8.05));
#11450 = CARTESIAN_POINT('',(0.695604026527,-1.020873145873,8.05));
#11451 = CARTESIAN_POINT('',(0.706278643971,-1.031547763316,
    8.048624861379));
#11452 = CARTESIAN_POINT('',(0.716826017045,-1.042095136391,
    8.045874209795));
#11453 = CARTESIAN_POINT('',(0.727124822327,-1.052393941672,
    8.041779356199));
#11454 = CARTESIAN_POINT('',(0.746995239285,-1.072264358631,
    8.031025748242));
#11455 = CARTESIAN_POINT('',(0.756567165446,-1.081836284791,
    8.02436790921));
#11456 = CARTESIAN_POINT('',(0.765664507421,-1.090933626767,
    8.016489073427));
#11457 = CARTESIAN_POINT('',(0.774182630677,-1.099451750022,
    8.007479985852));
#11458 = CARTESIAN_POINT('',(0.789878665841,-1.115147785187,
    7.987434570241));
#11459 = CARTESIAN_POINT('',(0.797057110638,-1.122326229984,
    7.976398936322));
#11460 = CARTESIAN_POINT('',(0.803477996804,-1.12874711615,
    7.964463052152));
#11461 = CARTESIAN_POINT('',(0.809067391778,-1.134336511123,
    7.951765039258));
#11462 = CARTESIAN_POINT('',(0.818474827148,-1.143743946494,
    7.925153550379));
#11463 = CARTESIAN_POINT('',(0.822293322396,-1.147562441742,
    7.911240299379));
#11464 = CARTESIAN_POINT('',(0.825173474166,-1.150442593512,
    7.896870508491));
#11465 = CARTESIAN_POINT('',(0.827082088859,-1.152351208205,
    7.882210850582));
#11466 = CARTESIAN_POINT('',(0.828008657371,-1.153277776717,
    7.86743114855));
#11467 = ORIENTED_EDGE('',*,*,#11327,.F.);
#11468 = PLANE('',#11469);
#11469 = AXIS2_PLACEMENT_3D('',#11470,#11471,#11472);
#11470 = CARTESIAN_POINT('',(-353.7160251529,353.3907560336,7.6));
#11471 = DIRECTION('',(0.707106781187,0.707106781187,0.));
#11472 = DIRECTION('',(0.,0.,1.));
#11473 = ADVANCED_FACE('',(#11474),#11486,.F.);
#11474 = FACE_BOUND('',#11475,.F.);
#11475 = EDGE_LOOP('',(#11476,#11483,#11484,#11485));
#11476 = ORIENTED_EDGE('',*,*,#11477,.T.);
#11477 = EDGE_CURVE('',#11417,#11440,#11478,.T.);
#11478 = CIRCLE('',#11479,1.220496235318);
#11479 = AXIS2_PLACEMENT_3D('',#11480,#11481,#11482);
#11480 = CARTESIAN_POINT('',(0.,0.,8.05));
#11481 = DIRECTION('',(-0.,0.,1.));
#11482 = DIRECTION('',(0.707106781187,-0.707106781187,0.));
#11483 = ORIENTED_EDGE('',*,*,#11447,.T.);
#11484 = ORIENTED_EDGE('',*,*,#11318,.F.);
#11485 = ORIENTED_EDGE('',*,*,#11416,.F.);
#11486 = SURFACE_OF_REVOLUTION('',#11487,#11492);
#11487 = CIRCLE('',#11488,0.2);
#11488 = AXIS2_PLACEMENT_3D('',#11489,#11490,#11491);
#11489 = CARTESIAN_POINT('',(0.863021164406,-0.863021164406,7.85));
#11490 = DIRECTION('',(0.707106781187,0.707106781187,0.));
#11491 = DIRECTION('',(7.8E-16,-7.8E-16,1.));
#11492 = AXIS1_PLACEMENT('',#11493,#11494);
#11493 = CARTESIAN_POINT('',(0.,0.,6.95));
#11494 = DIRECTION('',(0.,0.,1.));
#11495 = ADVANCED_FACE('',(#11496),#11516,.F.);
#11496 = FACE_BOUND('',#11497,.F.);
#11497 = EDGE_LOOP('',(#11498,#11499,#11508,#11515));
#11498 = ORIENTED_EDGE('',*,*,#11397,.T.);
#11499 = ORIENTED_EDGE('',*,*,#11500,.T.);
#11500 = EDGE_CURVE('',#11398,#11501,#11503,.T.);
#11501 = VERTEX_POINT('',#11502);
#11502 = CARTESIAN_POINT('',(0.565685424949,-0.565685424949,6.85));
#11503 = CIRCLE('',#11504,1.E-01);
#11504 = AXIS2_PLACEMENT_3D('',#11505,#11506,#11507);
#11505 = CARTESIAN_POINT('',(0.636396103068,-0.636396103068,6.85));
#11506 = DIRECTION('',(-0.707106781187,-0.707106781187,0.));
#11507 = DIRECTION('',(0.,0.,1.));
#11508 = ORIENTED_EDGE('',*,*,#11509,.F.);
#11509 = EDGE_CURVE('',#11501,#11501,#11510,.T.);
#11510 = CIRCLE('',#11511,0.8);
#11511 = AXIS2_PLACEMENT_3D('',#11512,#11513,#11514);
#11512 = CARTESIAN_POINT('',(0.,0.,6.85));
#11513 = DIRECTION('',(-0.,0.,1.));
#11514 = DIRECTION('',(0.707106781187,-0.707106781187,0.));
#11515 = ORIENTED_EDGE('',*,*,#11500,.F.);
#11516 = SURFACE_OF_REVOLUTION('',#11517,#11522);
#11517 = CIRCLE('',#11518,1.E-01);
#11518 = AXIS2_PLACEMENT_3D('',#11519,#11520,#11521);
#11519 = CARTESIAN_POINT('',(0.636396103068,-0.636396103068,6.85));
#11520 = DIRECTION('',(-0.707106781187,-0.707106781187,0.));
#11521 = DIRECTION('',(0.,0.,1.));
#11522 = AXIS1_PLACEMENT('',#11523,#11524);
#11523 = CARTESIAN_POINT('',(0.,0.,6.95));
#11524 = DIRECTION('',(0.,0.,1.));
#11525 = ADVANCED_FACE('',(#11526),#11530,.T.);
#11526 = FACE_BOUND('',#11527,.F.);
#11527 = EDGE_LOOP('',(#11528,#11529));
#11528 = ORIENTED_EDGE('',*,*,#11439,.T.);
#11529 = ORIENTED_EDGE('',*,*,#11477,.F.);
#11530 = PLANE('',#11531);
#11531 = AXIS2_PLACEMENT_3D('',#11532,#11533,#11534);
#11532 = CARTESIAN_POINT('',(0.,0.,8.05));
#11533 = DIRECTION('',(0.,0.,1.));
#11534 = DIRECTION('',(0.707106781187,-0.707106781187,-0.));
#11535 = ADVANCED_FACE('',(#11536),#11555,.T.);
#11536 = FACE_BOUND('',#11537,.F.);
#11537 = EDGE_LOOP('',(#11538,#11539,#11547,#11554));
#11538 = ORIENTED_EDGE('',*,*,#11509,.T.);
#11539 = ORIENTED_EDGE('',*,*,#11540,.T.);
#11540 = EDGE_CURVE('',#11501,#11541,#11543,.T.);
#11541 = VERTEX_POINT('',#11542);
#11542 = CARTESIAN_POINT('',(0.565685424949,-0.565685424949,3.95));
#11543 = LINE('',#11544,#11545);
#11544 = CARTESIAN_POINT('',(0.565685424949,-0.565685424949,6.85));
#11545 = VECTOR('',#11546,1.);
#11546 = DIRECTION('',(0.,0.,-1.));
#11547 = ORIENTED_EDGE('',*,*,#11548,.F.);
#11548 = EDGE_CURVE('',#11541,#11541,#11549,.T.);
#11549 = CIRCLE('',#11550,0.8);
#11550 = AXIS2_PLACEMENT_3D('',#11551,#11552,#11553);
#11551 = CARTESIAN_POINT('',(0.,0.,3.95));
#11552 = DIRECTION('',(-0.,0.,1.));
#11553 = DIRECTION('',(0.707106781187,-0.707106781187,0.));
#11554 = ORIENTED_EDGE('',*,*,#11540,.F.);
#11555 = CYLINDRICAL_SURFACE('',#11556,0.8);
#11556 = AXIS2_PLACEMENT_3D('',#11557,#11558,#11559);
#11557 = CARTESIAN_POINT('',(0.,0.,6.85));
#11558 = DIRECTION('',(-0.,0.,-1.));
#11559 = DIRECTION('',(0.707106781187,-0.707106781187,-0.));
#11560 = ADVANCED_FACE('',(#11561),#11564,.F.);
#11561 = FACE_BOUND('',#11562,.F.);
#11562 = EDGE_LOOP('',(#11563));
#11563 = ORIENTED_EDGE('',*,*,#11548,.T.);
#11564 = PLANE('',#11565);
#11565 = AXIS2_PLACEMENT_3D('',#11566,#11567,#11568);
#11566 = CARTESIAN_POINT('',(0.,0.,3.95));
#11567 = DIRECTION('',(0.,0.,1.));
#11568 = DIRECTION('',(0.707106781187,-0.707106781187,0.));
#11569 = ( GEOMETRIC_REPRESENTATION_CONTEXT(3) 
GLOBAL_UNCERTAINTY_ASSIGNED_CONTEXT((#11573)) 
GLOBAL_UNIT_ASSIGNED_CONTEXT((#11570,#11571,#11572)) 
REPRESENTATION_CONTEXT('Context #1',
  '3D Context with UNIT and UNCERTAINTY') );
#11570 = ( LENGTH_UNIT() NAMED_UNIT(*) SI_UNIT(.MILLI.,.METRE.) );
#11571 = ( NAMED_UNIT(*) PLANE_ANGLE_UNIT() SI_UNIT($,.RADIAN.) );
#11572 = ( NAMED_UNIT(*) SI_UNIT($,.STERADIAN.) SOLID_ANGLE_UNIT() );
#11573 = UNCERTAINTY_MEASURE_WITH_UNIT(LENGTH_MEASURE(2.E-06),#11570,
  'distance_accuracy_value','confusion accuracy');
#11574 = CONTEXT_DEPENDENT_SHAPE_REPRESENTATION(#11575,#11577);
#11575 = ( REPRESENTATION_RELATIONSHIP('','',#11164,#10) 
REPRESENTATION_RELATIONSHIP_WITH_TRANSFORMATION(#11576) 
SHAPE_REPRESENTATION_RELATIONSHIP() );
#11576 = ITEM_DEFINED_TRANSFORMATION('','',#11,#39);
#11577 = PRODUCT_DEFINITION_SHAPE('Placement','Placement of an item',
  #11578);
#11578 = NEXT_ASSEMBLY_USAGE_OCCURRENCE('487','Body037','',#5,#11159,$);
#11579 = PRODUCT_RELATED_PRODUCT_CATEGORY('part',$,(#11161));
#11580 = SHAPE_DEFINITION_REPRESENTATION(#11581,#11587);
#11581 = PRODUCT_DEFINITION_SHAPE('','',#11582);
#11582 = PRODUCT_DEFINITION('design','',#11583,#11586);
#11583 = PRODUCT_DEFINITION_FORMATION('','',#11584);
#11584 = PRODUCT('Body038','Body038','',(#11585));
#11585 = PRODUCT_CONTEXT('',#2,'mechanical');
#11586 = PRODUCT_DEFINITION_CONTEXT('part definition',#2,'design');
#11587 = ADVANCED_BREP_SHAPE_REPRESENTATION('',(#11,#11588),#13502);
#11588 = MANIFOLD_SOLID_BREP('',#11589);
#11589 = CLOSED_SHELL('',(#11590,#11799,#11846,#11870,#11895,#11926,
    #12064,#12088,#12112,#12136,#12258,#12282,#12306,#12330,#12354,
    #12378,#12402,#12426,#12450,#12474,#12498,#12522,#12546,#12570,
    #12594,#12618,#12635,#12659,#12702,#12719,#12731,#12748,#12765,
    #12807,#12832,#12849,#12888,#12905,#12917,#12950,#12990,#13007,
    #13040,#13075,#13092,#13141,#13158,#13207,#13224,#13241,#13258,
    #13277,#13289,#13331,#13356,#13390,#13423,#13456,#13473,#13490));
#11590 = ADVANCED_FACE('',(#11591),#11794,.T.);
#11591 = FACE_BOUND('',#11592,.T.);
#11592 = EDGE_LOOP('',(#11593,#11603,#11612,#11620,#11628,#11636,#11644,
    #11652,#11660,#11668,#11676,#11684,#11692,#11700,#11708,#11716,
    #11724,#11732,#11740,#11748,#11756,#11764,#11772,#11780,#11788));
#11593 = ORIENTED_EDGE('',*,*,#11594,.F.);
#11594 = EDGE_CURVE('',#11595,#11597,#11599,.T.);
#11595 = VERTEX_POINT('',#11596);
#11596 = CARTESIAN_POINT('',(-0.9,2.600000000001,3.6));
#11597 = VERTEX_POINT('',#11598);
#11598 = CARTESIAN_POINT('',(-0.9,-2.3,3.6));
#11599 = LINE('',#11600,#11601);
#11600 = CARTESIAN_POINT('',(-0.9,-2.75,3.6));
#11601 = VECTOR('',#11602,1.);
#11602 = DIRECTION('',(1.33E-15,-1.,1.67E-15));
#11603 = ORIENTED_EDGE('',*,*,#11604,.T.);
#11604 = EDGE_CURVE('',#11595,#11605,#11607,.T.);
#11605 = VERTEX_POINT('',#11606);
#11606 = CARTESIAN_POINT('',(-0.9,3.100000000001,3.1));
#11607 = CIRCLE('',#11608,0.5);
#11608 = AXIS2_PLACEMENT_3D('',#11609,#11610,#11611);
#11609 = CARTESIAN_POINT('',(-0.9,2.600000000001,3.1));
#11610 = DIRECTION('',(-1.,-6.7E-16,-2.11E-15));
#11611 = DIRECTION('',(-6.7E-16,1.,-2.11E-15));
#11612 = ORIENTED_EDGE('',*,*,#11613,.F.);
#11613 = EDGE_CURVE('',#11614,#11605,#11616,.T.);
#11614 = VERTEX_POINT('',#11615);
#11615 = CARTESIAN_POINT('',(-0.9,3.100000000001,2.8));
#11616 = LINE('',#11617,#11618);
#11617 = CARTESIAN_POINT('',(-0.9,3.100000000001,3.7));
#11618 = VECTOR('',#11619,1.);
#11619 = DIRECTION('',(-1.67E-15,1.1E-16,1.));
#11620 = ORIENTED_EDGE('',*,*,#11621,.F.);
#11621 = EDGE_CURVE('',#11622,#11614,#11624,.T.);
#11622 = VERTEX_POINT('',#11623);
#11623 = CARTESIAN_POINT('',(-0.9,2.5,2.8));
#11624 = LINE('',#11625,#11626);
#11625 = CARTESIAN_POINT('',(-0.9,-3.,2.8));
#11626 = VECTOR('',#11627,1.);
#11627 = DIRECTION('',(-1.33E-15,1.,-1.E-15));
#11628 = ORIENTED_EDGE('',*,*,#11629,.F.);
#11629 = EDGE_CURVE('',#11630,#11622,#11632,.T.);
#11630 = VERTEX_POINT('',#11631);
#11631 = CARTESIAN_POINT('',(-0.9,2.5,2.999999999998));
#11632 = LINE('',#11633,#11634);
#11633 = CARTESIAN_POINT('',(-0.9,2.5,2.45));
#11634 = VECTOR('',#11635,1.);
#11635 = DIRECTION('',(1.67E-15,-1.1E-16,-1.));
#11636 = ORIENTED_EDGE('',*,*,#11637,.F.);
#11637 = EDGE_CURVE('',#11638,#11630,#11640,.T.);
#11638 = VERTEX_POINT('',#11639);
#11639 = CARTESIAN_POINT('',(-0.9,1.65,2.999999999999));
#11640 = LINE('',#11641,#11642);
#11641 = CARTESIAN_POINT('',(-0.9,-0.25,2.999999999998));
#11642 = VECTOR('',#11643,1.);
#11643 = DIRECTION('',(-1.33E-15,1.,-1.67E-15));
#11644 = ORIENTED_EDGE('',*,*,#11645,.T.);
#11645 = EDGE_CURVE('',#11638,#11646,#11648,.T.);
#11646 = VERTEX_POINT('',#11647);
#11647 = CARTESIAN_POINT('',(-0.9,1.505662432703,3.25));
#11648 = LINE('',#11649,#11650);
#11649 = CARTESIAN_POINT('',(-0.9,0.715122960121,4.619254531899));
#11650 = VECTOR('',#11651,1.);
#11651 = DIRECTION('',(-8.6E-16,-0.5,0.866025403784));
#11652 = ORIENTED_EDGE('',*,*,#11653,.T.);
#11653 = EDGE_CURVE('',#11646,#11654,#11656,.T.);
#11654 = VERTEX_POINT('',#11655);
#11655 = CARTESIAN_POINT('',(-0.9,1.361324865405,2.999999999999));
#11656 = LINE('',#11657,#11658);
#11657 = CARTESIAN_POINT('',(-0.9,1.097617513459,2.543245468101));
#11658 = VECTOR('',#11659,1.);
#11659 = DIRECTION('',(1.64E-15,-0.5,-0.866025403784));
#11660 = ORIENTED_EDGE('',*,*,#11661,.F.);
#11661 = EDGE_CURVE('',#11662,#11654,#11664,.T.);
#11662 = VERTEX_POINT('',#11663);
#11663 = CARTESIAN_POINT('',(-0.9,1.157735026919,2.999999999999));
#11664 = LINE('',#11665,#11666);
#11665 = CARTESIAN_POINT('',(-0.9,-0.25,2.999999999998));
#11666 = VECTOR('',#11667,1.);
#11667 = DIRECTION('',(-1.33E-15,1.,-1.67E-15));
#11668 = ORIENTED_EDGE('',*,*,#11669,.T.);
#11669 = EDGE_CURVE('',#11662,#11670,#11672,.T.);
#11670 = VERTEX_POINT('',#11671);
#11671 = CARTESIAN_POINT('',(-0.9,1.013397459622,3.25));
#11672 = LINE('',#11673,#11674);
#11673 = CARTESIAN_POINT('',(-0.9,0.284391108675,4.512676038879));
#11674 = VECTOR('',#11675,1.);
#11675 = DIRECTION('',(-8.6E-16,-0.5,0.866025403784));
#11676 = ORIENTED_EDGE('',*,*,#11677,.T.);
#11677 = EDGE_CURVE('',#11670,#11678,#11680,.T.);
#11678 = VERTEX_POINT('',#11679);
#11679 = CARTESIAN_POINT('',(-0.9,0.869059892324,2.999999999999));
#11680 = LINE('',#11681,#11682);
#11681 = CARTESIAN_POINT('',(-0.9,0.666885662014,2.649823961121));
#11682 = VECTOR('',#11683,1.);
#11683 = DIRECTION('',(1.64E-15,-0.5,-0.866025403784));
#11684 = ORIENTED_EDGE('',*,*,#11685,.F.);
#11685 = EDGE_CURVE('',#11686,#11678,#11688,.T.);
#11686 = VERTEX_POINT('',#11687);
#11687 = CARTESIAN_POINT('',(-0.9,0.665470053838,2.999999999999));
#11688 = LINE('',#11689,#11690);
#11689 = CARTESIAN_POINT('',(-0.9,-0.25,2.999999999998));
#11690 = VECTOR('',#11691,1.);
#11691 = DIRECTION('',(-1.33E-15,1.,-1.67E-15));
#11692 = ORIENTED_EDGE('',*,*,#11693,.T.);
#11693 = EDGE_CURVE('',#11686,#11694,#11696,.T.);
#11694 = VERTEX_POINT('',#11695);
#11695 = CARTESIAN_POINT('',(-0.9,0.521132486541,3.25));
#11696 = LINE('',#11697,#11698);
#11697 = CARTESIAN_POINT('',(-0.9,-0.14634074277,4.406097545859));
#11698 = VECTOR('',#11699,1.);
#11699 = DIRECTION('',(-8.6E-16,-0.5,0.866025403784));
#11700 = ORIENTED_EDGE('',*,*,#11701,.T.);
#11701 = EDGE_CURVE('',#11694,#11702,#11704,.T.);
#11702 = VERTEX_POINT('',#11703);
#11703 = CARTESIAN_POINT('',(-0.9,0.376794919243,2.999999999999));
#11704 = LINE('',#11705,#11706);
#11705 = CARTESIAN_POINT('',(-0.9,0.236153810568,2.756402454141));
#11706 = VECTOR('',#11707,1.);
#11707 = DIRECTION('',(1.64E-15,-0.5,-0.866025403784));
#11708 = ORIENTED_EDGE('',*,*,#11709,.F.);
#11709 = EDGE_CURVE('',#11710,#11702,#11712,.T.);
#11710 = VERTEX_POINT('',#11711);
#11711 = CARTESIAN_POINT('',(-0.9,0.173205080757,2.999999999999));
#11712 = LINE('',#11713,#11714);
#11713 = CARTESIAN_POINT('',(-0.9,-0.25,2.999999999998));
#11714 = VECTOR('',#11715,1.);
#11715 = DIRECTION('',(-1.33E-15,1.,-1.67E-15));
#11716 = ORIENTED_EDGE('',*,*,#11717,.T.);
#11717 = EDGE_CURVE('',#11710,#11718,#11720,.T.);
#11718 = VERTEX_POINT('',#11719);
#11719 = CARTESIAN_POINT('',(-0.9,2.886751345948E-02,3.25));
#11720 = LINE('',#11721,#11722);
#11721 = CARTESIAN_POINT('',(-0.9,-0.577072594216,4.299519052838));
#11722 = VECTOR('',#11723,1.);
#11723 = DIRECTION('',(-8.6E-16,-0.5,0.866025403784));
#11724 = ORIENTED_EDGE('',*,*,#11725,.T.);
#11725 = EDGE_CURVE('',#11718,#11726,#11728,.T.);
#11726 = VERTEX_POINT('',#11727);
#11727 = CARTESIAN_POINT('',(-0.9,-0.115470053838,2.999999999999));
#11728 = LINE('',#11729,#11730);
#11729 = CARTESIAN_POINT('',(-0.9,-0.194578040878,2.862980947162));
#11730 = VECTOR('',#11731,1.);
#11731 = DIRECTION('',(1.64E-15,-0.5,-0.866025403784));
#11732 = ORIENTED_EDGE('',*,*,#11733,.F.);
#11733 = EDGE_CURVE('',#11734,#11726,#11736,.T.);
#11734 = VERTEX_POINT('',#11735);
#11735 = CARTESIAN_POINT('',(-0.9,-0.319059892324,2.999999999999));
#11736 = LINE('',#11737,#11738);
#11737 = CARTESIAN_POINT('',(-0.9,-0.25,2.999999999998));
#11738 = VECTOR('',#11739,1.);
#11739 = DIRECTION('',(-1.33E-15,1.,-1.67E-15));
#11740 = ORIENTED_EDGE('',*,*,#11741,.T.);
#11741 = EDGE_CURVE('',#11734,#11742,#11744,.T.);
#11742 = VERTEX_POINT('',#11743);
#11743 = CARTESIAN_POINT('',(-0.9,-0.463397459622,3.25));
#11744 = LINE('',#11745,#11746);
#11745 = CARTESIAN_POINT('',(-0.9,-1.007804445662,4.192940559818));
#11746 = VECTOR('',#11747,1.);
#11747 = DIRECTION('',(-8.6E-16,-0.5,0.866025403784));
#11748 = ORIENTED_EDGE('',*,*,#11749,.T.);
#11749 = EDGE_CURVE('',#11742,#11750,#11752,.T.);
#11750 = VERTEX_POINT('',#11751);
#11751 = CARTESIAN_POINT('',(-0.9,-0.607735026919,2.999999999999));
#11752 = LINE('',#11753,#11754);
#11753 = CARTESIAN_POINT('',(-0.9,-0.625309892324,2.969559440182));
#11754 = VECTOR('',#11755,1.);
#11755 = DIRECTION('',(1.64E-15,-0.5,-0.866025403784));
#11756 = ORIENTED_EDGE('',*,*,#11757,.F.);
#11757 = EDGE_CURVE('',#11758,#11750,#11760,.T.);
#11758 = VERTEX_POINT('',#11759);
#11759 = CARTESIAN_POINT('',(-0.9,-0.811324865405,2.999999999999));
#11760 = LINE('',#11761,#11762);
#11761 = CARTESIAN_POINT('',(-0.9,-0.25,2.999999999998));
#11762 = VECTOR('',#11763,1.);
#11763 = DIRECTION('',(-1.33E-15,1.,-1.67E-15));
#11764 = ORIENTED_EDGE('',*,*,#11765,.T.);
#11765 = EDGE_CURVE('',#11758,#11766,#11768,.T.);
#11766 = VERTEX_POINT('',#11767);
#11767 = CARTESIAN_POINT('',(-0.9,-0.955662432703,3.25));
#11768 = LINE('',#11769,#11770);
#11769 = CARTESIAN_POINT('',(-0.9,-1.438536297108,4.086362066798));
#11770 = VECTOR('',#11771,1.);
#11771 = DIRECTION('',(-8.6E-16,-0.5,0.866025403784));
#11772 = ORIENTED_EDGE('',*,*,#11773,.T.);
#11773 = EDGE_CURVE('',#11766,#11774,#11776,.T.);
#11774 = VERTEX_POINT('',#11775);
#11775 = CARTESIAN_POINT('',(-0.9,-1.1,2.999999999999));
#11776 = LINE('',#11777,#11778);
#11777 = CARTESIAN_POINT('',(-0.9,-1.05604174377,3.076137933202));
#11778 = VECTOR('',#11779,1.);
#11779 = DIRECTION('',(1.64E-15,-0.5,-0.866025403784));
#11780 = ORIENTED_EDGE('',*,*,#11781,.F.);
#11781 = EDGE_CURVE('',#11782,#11774,#11784,.T.);
#11782 = VERTEX_POINT('',#11783);
#11783 = CARTESIAN_POINT('',(-0.9,-2.3,2.999999999998));
#11784 = LINE('',#11785,#11786);
#11785 = CARTESIAN_POINT('',(-0.9,-0.25,2.999999999998));
#11786 = VECTOR('',#11787,1.);
#11787 = DIRECTION('',(-1.33E-15,1.,-1.67E-15));
#11788 = ORIENTED_EDGE('',*,*,#11789,.F.);
#11789 = EDGE_CURVE('',#11597,#11782,#11790,.T.);
#11790 = LINE('',#11791,#11792);
#11791 = CARTESIAN_POINT('',(-0.9,-2.3,3.6));
#11792 = VECTOR('',#11793,1.);
#11793 = DIRECTION('',(1.67E-15,-1.44E-15,-1.));
#11794 = PLANE('',#11795);
#11795 = AXIS2_PLACEMENT_3D('',#11796,#11797,#11798);
#11796 = CARTESIAN_POINT('',(-0.9,-3.,4.3));
#11797 = DIRECTION('',(-1.,4.4E-16,1.1E-16));
#11798 = DIRECTION('',(-1.1E-16,1.E-15,-1.));
#11799 = ADVANCED_FACE('',(#11800),#11841,.T.);
#11800 = FACE_BOUND('',#11801,.T.);
#11801 = EDGE_LOOP('',(#11802,#11803,#11811,#11819,#11827,#11835));
#11802 = ORIENTED_EDGE('',*,*,#11594,.T.);
#11803 = ORIENTED_EDGE('',*,*,#11804,.T.);
#11804 = EDGE_CURVE('',#11597,#11805,#11807,.T.);
#11805 = VERTEX_POINT('',#11806);
#11806 = CARTESIAN_POINT('',(-0.7,-2.5,3.6));
#11807 = LINE('',#11808,#11809);
#11808 = CARTESIAN_POINT('',(-0.875,-2.325,3.6));
#11809 = VECTOR('',#11810,1.);
#11810 = DIRECTION('',(0.707106781187,-0.707106781187,2.55E-15));
#11811 = ORIENTED_EDGE('',*,*,#11812,.T.);
#11812 = EDGE_CURVE('',#11805,#11813,#11815,.T.);
#11813 = VERTEX_POINT('',#11814);
#11814 = CARTESIAN_POINT('',(0.7,-2.5,3.6));
#11815 = LINE('',#11816,#11817);
#11816 = CARTESIAN_POINT('',(-1.2,-2.5,3.6));
#11817 = VECTOR('',#11818,1.);
#11818 = DIRECTION('',(1.,-1.11E-15,-2.8E-16));
#11819 = ORIENTED_EDGE('',*,*,#11820,.F.);
#11820 = EDGE_CURVE('',#11821,#11813,#11823,.T.);
#11821 = VERTEX_POINT('',#11822);
#11822 = CARTESIAN_POINT('',(0.9,-2.3,3.6));
#11823 = LINE('',#11824,#11825);
#11824 = CARTESIAN_POINT('',(0.275,-2.925,3.6));
#11825 = VECTOR('',#11826,1.);
#11826 = DIRECTION('',(-0.707106781187,-0.707106781187,-8.2E-16));
#11827 = ORIENTED_EDGE('',*,*,#11828,.T.);
#11828 = EDGE_CURVE('',#11821,#11829,#11831,.T.);
#11829 = VERTEX_POINT('',#11830);
#11830 = CARTESIAN_POINT('',(0.9,2.600000000001,3.6));
#11831 = LINE('',#11832,#11833);
#11832 = CARTESIAN_POINT('',(0.9,-2.75,3.6));
#11833 = VECTOR('',#11834,1.);
#11834 = DIRECTION('',(-1.33E-15,1.,-1.67E-15));
#11835 = ORIENTED_EDGE('',*,*,#11836,.F.);
#11836 = EDGE_CURVE('',#11595,#11829,#11837,.T.);
#11837 = LINE('',#11838,#11839);
#11838 = CARTESIAN_POINT('',(-1.2,2.600000000001,3.6));
#11839 = VECTOR('',#11840,1.);
#11840 = DIRECTION('',(1.,-1.11E-15,-2.8E-16));
#11841 = PLANE('',#11842);
#11842 = AXIS2_PLACEMENT_3D('',#11843,#11844,#11845);
#11843 = CARTESIAN_POINT('',(-1.2,-2.5,3.6));
#11844 = DIRECTION('',(-2.39E-15,-7.8E-16,1.));
#11845 = DIRECTION('',(-1.78E-15,1.,7.8E-16));
#11846 = ADVANCED_FACE('',(#11847),#11865,.T.);
#11847 = FACE_BOUND('',#11848,.T.);
#11848 = EDGE_LOOP('',(#11849,#11850,#11851,#11859));
#11849 = ORIENTED_EDGE('',*,*,#11804,.F.);
#11850 = ORIENTED_EDGE('',*,*,#11789,.T.);
#11851 = ORIENTED_EDGE('',*,*,#11852,.T.);
#11852 = EDGE_CURVE('',#11782,#11853,#11855,.T.);
#11853 = VERTEX_POINT('',#11854);
#11854 = CARTESIAN_POINT('',(-0.7,-2.5,3.199999999998));
#11855 = LINE('',#11856,#11857);
#11856 = CARTESIAN_POINT('',(-0.733333333333,-2.466666666667,
    3.166666666665));
#11857 = VECTOR('',#11858,1.);
#11858 = DIRECTION('',(0.57735026919,-0.57735026919,0.57735026919));
#11859 = ORIENTED_EDGE('',*,*,#11860,.F.);
#11860 = EDGE_CURVE('',#11805,#11853,#11861,.T.);
#11861 = LINE('',#11862,#11863);
#11862 = CARTESIAN_POINT('',(-0.7,-2.5,3.6));
#11863 = VECTOR('',#11864,1.);
#11864 = DIRECTION('',(1.67E-15,-1.44E-15,-1.));
#11865 = PLANE('',#11866);
#11866 = AXIS2_PLACEMENT_3D('',#11867,#11868,#11869);
#11867 = CARTESIAN_POINT('',(-0.8,-2.4,3.6));
#11868 = DIRECTION('',(-0.707106781187,-0.707106781187,1.1E-15));
#11869 = DIRECTION('',(7.771825406948E-16,-2.332817459305E-15,-1.));
#11870 = ADVANCED_FACE('',(#11871),#11890,.T.);
#11871 = FACE_BOUND('',#11872,.F.);
#11872 = EDGE_LOOP('',(#11873,#11874,#11882,#11889));
#11873 = ORIENTED_EDGE('',*,*,#11604,.T.);
#11874 = ORIENTED_EDGE('',*,*,#11875,.T.);
#11875 = EDGE_CURVE('',#11605,#11876,#11878,.T.);
#11876 = VERTEX_POINT('',#11877);
#11877 = CARTESIAN_POINT('',(0.9,3.100000000001,3.1));
#11878 = LINE('',#11879,#11880);
#11879 = CARTESIAN_POINT('',(-1.2,3.100000000001,3.1));
#11880 = VECTOR('',#11881,1.);
#11881 = DIRECTION('',(1.,-1.11E-15,-2.8E-16));
#11882 = ORIENTED_EDGE('',*,*,#11883,.F.);
#11883 = EDGE_CURVE('',#11829,#11876,#11884,.T.);
#11884 = CIRCLE('',#11885,0.5);
#11885 = AXIS2_PLACEMENT_3D('',#11886,#11887,#11888);
#11886 = CARTESIAN_POINT('',(0.9,2.600000000001,3.1));
#11887 = DIRECTION('',(-1.,-6.7E-16,-2.11E-15));
#11888 = DIRECTION('',(-6.7E-16,1.,-2.11E-15));
#11889 = ORIENTED_EDGE('',*,*,#11836,.F.);
#11890 = CYLINDRICAL_SURFACE('',#11891,0.5);
#11891 = AXIS2_PLACEMENT_3D('',#11892,#11893,#11894);
#11892 = CARTESIAN_POINT('',(-1.2,2.600000000001,3.1));
#11893 = DIRECTION('',(-1.,8.9E-16,1.1E-16));
#11894 = DIRECTION('',(8.9E-16,1.,-1.89E-15));
#11895 = ADVANCED_FACE('',(#11896),#11921,.T.);
#11896 = FACE_BOUND('',#11897,.T.);
#11897 = EDGE_LOOP('',(#11898,#11908,#11914,#11915));
#11898 = ORIENTED_EDGE('',*,*,#11899,.T.);
#11899 = EDGE_CURVE('',#11900,#11902,#11904,.T.);
#11900 = VERTEX_POINT('',#11901);
#11901 = CARTESIAN_POINT('',(0.9,-1.1,2.999999999999));
#11902 = VERTEX_POINT('',#11903);
#11903 = CARTESIAN_POINT('',(0.9,-2.3,2.999999999998));
#11904 = LINE('',#11905,#11906);
#11905 = CARTESIAN_POINT('',(0.9,-0.25,2.999999999998));
#11906 = VECTOR('',#11907,1.);
#11907 = DIRECTION('',(1.33E-15,-1.,1.67E-15));
#11908 = ORIENTED_EDGE('',*,*,#11909,.F.);
#11909 = EDGE_CURVE('',#11782,#11902,#11910,.T.);
#11910 = LINE('',#11911,#11912);
#11911 = CARTESIAN_POINT('',(-0.9,-2.3,2.999999999998));
#11912 = VECTOR('',#11913,1.);
#11913 = DIRECTION('',(1.,-1.78E-15,1.05E-15));
#11914 = ORIENTED_EDGE('',*,*,#11781,.T.);
#11915 = ORIENTED_EDGE('',*,*,#11916,.F.);
#11916 = EDGE_CURVE('',#11900,#11774,#11917,.T.);
#11917 = LINE('',#11918,#11919);
#11918 = CARTESIAN_POINT('',(9.526179507022,-1.1,3.));
#11919 = VECTOR('',#11920,1.);
#11920 = DIRECTION('',(-1.,7.8E-16,-6.E-17));
#11921 = PLANE('',#11922);
#11922 = AXIS2_PLACEMENT_3D('',#11923,#11924,#11925);
#11923 = CARTESIAN_POINT('',(-1.2,2.5,2.999999999998));
#11924 = DIRECTION('',(2.39E-15,7.8E-16,-1.));
#11925 = DIRECTION('',(1.78E-15,-1.,-7.8E-16));
#11926 = ADVANCED_FACE('',(#11927,#12009),#12059,.T.);
#11927 = FACE_BOUND('',#11928,.T.);
#11928 = EDGE_LOOP('',(#11929,#11937,#11938,#11939,#11947,#11955,#11963,
    #11971,#11979,#11987,#11995,#12003));
#11929 = ORIENTED_EDGE('',*,*,#11930,.T.);
#11930 = EDGE_CURVE('',#11931,#11614,#11933,.T.);
#11931 = VERTEX_POINT('',#11932);
#11932 = CARTESIAN_POINT('',(-1.2,3.100000000001,2.8));
#11933 = LINE('',#11934,#11935);
#11934 = CARTESIAN_POINT('',(-1.05,3.100000000001,2.8));
#11935 = VECTOR('',#11936,1.);
#11936 = DIRECTION('',(1.,-8.9E-16,-3.3E-16));
#11937 = ORIENTED_EDGE('',*,*,#11613,.T.);
#11938 = ORIENTED_EDGE('',*,*,#11875,.T.);
#11939 = ORIENTED_EDGE('',*,*,#11940,.T.);
#11940 = EDGE_CURVE('',#11876,#11941,#11943,.T.);
#11941 = VERTEX_POINT('',#11942);
#11942 = CARTESIAN_POINT('',(0.9,3.100000000001,2.8));
#11943 = LINE('',#11944,#11945);
#11944 = CARTESIAN_POINT('',(0.9,3.100000000001,2.95));
#11945 = VECTOR('',#11946,1.);
#11946 = DIRECTION('',(1.67E-15,-1.1E-16,-1.));
#11947 = ORIENTED_EDGE('',*,*,#11948,.T.);
#11948 = EDGE_CURVE('',#11941,#11949,#11951,.T.);
#11949 = VERTEX_POINT('',#11950);
#11950 = CARTESIAN_POINT('',(1.2,3.100000000001,2.8));
#11951 = LINE('',#11952,#11953);
#11952 = CARTESIAN_POINT('',(0.6,3.100000000001,2.8));
#11953 = VECTOR('',#11954,1.);
#11954 = DIRECTION('',(1.,-8.9E-16,-3.3E-16));
#11955 = ORIENTED_EDGE('',*,*,#11956,.T.);
#11956 = EDGE_CURVE('',#11949,#11957,#11959,.T.);
#11957 = VERTEX_POINT('',#11958);
#11958 = CARTESIAN_POINT('',(1.2,3.1,0.75));
#11959 = LINE('',#11960,#11961);
#11960 = CARTESIAN_POINT('',(1.2,3.100000000001,3.1));
#11961 = VECTOR('',#11962,1.);
#11962 = DIRECTION('',(2.33E-15,1.44E-15,-1.));
#11963 = ORIENTED_EDGE('',*,*,#11964,.T.);
#11964 = EDGE_CURVE('',#11957,#11965,#11967,.T.);
#11965 = VERTEX_POINT('',#11966);
#11966 = CARTESIAN_POINT('',(0.8,3.1,0.75));
#11967 = LINE('',#11968,#11969);
#11968 = CARTESIAN_POINT('',(1.8,3.1,0.75));
#11969 = VECTOR('',#11970,1.);
#11970 = DIRECTION('',(-1.,4.4E-16,3.3E-16));
#11971 = ORIENTED_EDGE('',*,*,#11972,.F.);
#11972 = EDGE_CURVE('',#11973,#11965,#11975,.T.);
#11973 = VERTEX_POINT('',#11974);
#11974 = CARTESIAN_POINT('',(0.8,3.1,0.5));
#11975 = LINE('',#11976,#11977);
#11976 = CARTESIAN_POINT('',(0.8,3.1,-2.5E-15));
#11977 = VECTOR('',#11978,1.);
#11978 = DIRECTION('',(-1.E-15,-3.3E-16,1.));
#11979 = ORIENTED_EDGE('',*,*,#11980,.F.);
#11980 = EDGE_CURVE('',#11981,#11973,#11983,.T.);
#11981 = VERTEX_POINT('',#11982);
#11982 = CARTESIAN_POINT('',(-0.8,3.1,0.5));
#11983 = LINE('',#11984,#11985);
#11984 = CARTESIAN_POINT('',(-1.2,3.100000000001,0.5));
#11985 = VECTOR('',#11986,1.);
#11986 = DIRECTION('',(1.,-1.11E-15,-2.8E-16));
#11987 = ORIENTED_EDGE('',*,*,#11988,.T.);
#11988 = EDGE_CURVE('',#11981,#11989,#11991,.T.);
#11989 = VERTEX_POINT('',#11990);
#11990 = CARTESIAN_POINT('',(-0.8,3.1,0.75));
#11991 = LINE('',#11992,#11993);
#11992 = CARTESIAN_POINT('',(-0.8,3.1,-2.32E-15));
#11993 = VECTOR('',#11994,1.);
#11994 = DIRECTION('',(-1.E-15,-3.3E-16,1.));
#11995 = ORIENTED_EDGE('',*,*,#11996,.F.);
#11996 = EDGE_CURVE('',#11997,#11989,#11999,.T.);
#11997 = VERTEX_POINT('',#11998);
#11998 = CARTESIAN_POINT('',(-1.2,3.1,0.75));
#11999 = LINE('',#12000,#12001);
#12000 = CARTESIAN_POINT('',(-1.8,3.1,0.75));
#12001 = VECTOR('',#12002,1.);
#12002 = DIRECTION('',(1.,-4.4E-16,-3.3E-16));
#12003 = ORIENTED_EDGE('',*,*,#12004,.F.);
#12004 = EDGE_CURVE('',#11931,#11997,#12005,.T.);
#12005 = LINE('',#12006,#12007);
#12006 = CARTESIAN_POINT('',(-1.2,3.100000000001,3.1));
#12007 = VECTOR('',#12008,1.);
#12008 = DIRECTION('',(2.33E-15,1.44E-15,-1.));
#12009 = FACE_BOUND('',#12010,.T.);
#12010 = EDGE_LOOP('',(#12011,#12021,#12029,#12037,#12045,#12053));
#12011 = ORIENTED_EDGE('',*,*,#12012,.F.);
#12012 = EDGE_CURVE('',#12013,#12015,#12017,.T.);
#12013 = VERTEX_POINT('',#12014);
#12014 = CARTESIAN_POINT('',(0.6,3.1,2.5));
#12015 = VERTEX_POINT('',#12016);
#12016 = CARTESIAN_POINT('',(0.6,3.1,1.209917094366));
#12017 = LINE('',#12018,#12019);
#12018 = CARTESIAN_POINT('',(0.6,3.1,2.5));
#12019 = VECTOR('',#12020,1.);
#12020 = DIRECTION('',(6.7E-16,3.3E-16,-1.));
#12021 = ORIENTED_EDGE('',*,*,#12022,.T.);
#12022 = EDGE_CURVE('',#12013,#12023,#12025,.T.);
#12023 = VERTEX_POINT('',#12024);
#12024 = CARTESIAN_POINT('',(-0.6,3.1,2.5));
#12025 = LINE('',#12026,#12027);
#12026 = CARTESIAN_POINT('',(0.6,3.1,2.5));
#12027 = VECTOR('',#12028,1.);
#12028 = DIRECTION('',(-1.,5.6E-16,-2.8E-16));
#12029 = ORIENTED_EDGE('',*,*,#12030,.T.);
#12030 = EDGE_CURVE('',#12023,#12031,#12033,.T.);
#12031 = VERTEX_POINT('',#12032);
#12032 = CARTESIAN_POINT('',(-0.6,3.1,1.209917094366));
#12033 = LINE('',#12034,#12035);
#12034 = CARTESIAN_POINT('',(-0.6,3.1,2.5));
#12035 = VECTOR('',#12036,1.);
#12036 = DIRECTION('',(6.7E-16,3.3E-16,-1.));
#12037 = ORIENTED_EDGE('',*,*,#12038,.T.);
#12038 = EDGE_CURVE('',#12031,#12039,#12041,.T.);
#12039 = VERTEX_POINT('',#12040);
#12040 = CARTESIAN_POINT('',(-0.6,3.1,1.));
#12041 = LINE('',#12042,#12043);
#12042 = CARTESIAN_POINT('',(-0.6,3.1,2.5));
#12043 = VECTOR('',#12044,1.);
#12044 = DIRECTION('',(6.7E-16,3.3E-16,-1.));
#12045 = ORIENTED_EDGE('',*,*,#12046,.F.);
#12046 = EDGE_CURVE('',#12047,#12039,#12049,.T.);
#12047 = VERTEX_POINT('',#12048);
#12048 = CARTESIAN_POINT('',(0.6,3.1,1.));
#12049 = LINE('',#12050,#12051);
#12050 = CARTESIAN_POINT('',(0.6,3.1,1.));
#12051 = VECTOR('',#12052,1.);
#12052 = DIRECTION('',(-1.,5.6E-16,-2.8E-16));
#12053 = ORIENTED_EDGE('',*,*,#12054,.F.);
#12054 = EDGE_CURVE('',#12015,#12047,#12055,.T.);
#12055 = LINE('',#12056,#12057);
#12056 = CARTESIAN_POINT('',(0.6,3.1,2.5));
#12057 = VECTOR('',#12058,1.);
#12058 = DIRECTION('',(6.7E-16,3.3E-16,-1.));
#12059 = PLANE('',#12060);
#12060 = AXIS2_PLACEMENT_3D('',#12061,#12062,#12063);
#12061 = CARTESIAN_POINT('',(-1.2,3.100000000001,3.1));
#12062 = DIRECTION('',(-1.55E-15,1.,-1.67E-15));
#12063 = DIRECTION('',(2.55E-15,-1.67E-15,-1.));
#12064 = ADVANCED_FACE('',(#12065),#12083,.T.);
#12065 = FACE_BOUND('',#12066,.T.);
#12066 = EDGE_LOOP('',(#12067,#12075,#12076,#12077));
#12067 = ORIENTED_EDGE('',*,*,#12068,.F.);
#12068 = EDGE_CURVE('',#11900,#12069,#12071,.T.);
#12069 = VERTEX_POINT('',#12070);
#12070 = CARTESIAN_POINT('',(0.9,-0.955662432703,3.25));
#12071 = LINE('',#12072,#12073);
#12072 = CARTESIAN_POINT('',(0.9,-1.380801270189,2.513637933202));
#12073 = VECTOR('',#12074,1.);
#12074 = DIRECTION('',(-1.64E-15,0.5,0.866025403784));
#12075 = ORIENTED_EDGE('',*,*,#11916,.T.);
#12076 = ORIENTED_EDGE('',*,*,#11773,.F.);
#12077 = ORIENTED_EDGE('',*,*,#12078,.F.);
#12078 = EDGE_CURVE('',#12069,#11766,#12079,.T.);
#12079 = LINE('',#12080,#12081);
#12080 = CARTESIAN_POINT('',(9.526179507022,-0.955662432703,3.25));
#12081 = VECTOR('',#12082,1.);
#12082 = DIRECTION('',(-1.,7.8E-16,-6.E-17));
#12083 = PLANE('',#12084);
#12084 = AXIS2_PLACEMENT_3D('',#12085,#12086,#12087);
#12085 = CARTESIAN_POINT('',(9.526179507022,-1.1,3.));
#12086 = DIRECTION('',(2.1E-16,0.866025403784,-0.5));
#12087 = DIRECTION('',(-1.73E-15,0.5,0.866025403784));
#12088 = ADVANCED_FACE('',(#12089),#12107,.T.);
#12089 = FACE_BOUND('',#12090,.T.);
#12090 = EDGE_LOOP('',(#12091,#12099,#12100,#12101));
#12091 = ORIENTED_EDGE('',*,*,#12092,.F.);
#12092 = EDGE_CURVE('',#11622,#12093,#12095,.T.);
#12093 = VERTEX_POINT('',#12094);
#12094 = CARTESIAN_POINT('',(-1.2,2.5,2.8));
#12095 = LINE('',#12096,#12097);
#12096 = CARTESIAN_POINT('',(-1.05,2.5,2.8));
#12097 = VECTOR('',#12098,1.);
#12098 = DIRECTION('',(-1.,8.9E-16,3.3E-16));
#12099 = ORIENTED_EDGE('',*,*,#11621,.T.);
#12100 = ORIENTED_EDGE('',*,*,#11930,.F.);
#12101 = ORIENTED_EDGE('',*,*,#12102,.T.);
#12102 = EDGE_CURVE('',#11931,#12093,#12103,.T.);
#12103 = LINE('',#12104,#12105);
#12104 = CARTESIAN_POINT('',(-1.2,-1.112514950396,2.8));
#12105 = VECTOR('',#12106,1.);
#12106 = DIRECTION('',(4.4E-16,-1.,1.E-15));
#12107 = PLANE('',#12108);
#12108 = AXIS2_PLACEMENT_3D('',#12109,#12110,#12111);
#12109 = CARTESIAN_POINT('',(-0.9,-3.,2.8));
#12110 = DIRECTION('',(-1.44E-15,-7.8E-16,1.));
#12111 = DIRECTION('',(-1.,6.7E-16,-1.44E-15));
#12112 = ADVANCED_FACE('',(#12113),#12131,.T.);
#12113 = FACE_BOUND('',#12114,.T.);
#12114 = EDGE_LOOP('',(#12115,#12123,#12124,#12125));
#12115 = ORIENTED_EDGE('',*,*,#12116,.F.);
#12116 = EDGE_CURVE('',#12069,#12117,#12119,.T.);
#12117 = VERTEX_POINT('',#12118);
#12118 = CARTESIAN_POINT('',(0.9,-0.811324865405,2.999999999999));
#12119 = LINE('',#12120,#12121);
#12120 = CARTESIAN_POINT('',(0.9,-1.113776770689,3.523862066798));
#12121 = VECTOR('',#12122,1.);
#12122 = DIRECTION('',(8.6E-16,0.5,-0.866025403784));
#12123 = ORIENTED_EDGE('',*,*,#12078,.T.);
#12124 = ORIENTED_EDGE('',*,*,#11765,.F.);
#12125 = ORIENTED_EDGE('',*,*,#12126,.F.);
#12126 = EDGE_CURVE('',#12117,#11758,#12127,.T.);
#12127 = LINE('',#12128,#12129);
#12128 = CARTESIAN_POINT('',(9.526179507022,-0.811324865405,3.));
#12129 = VECTOR('',#12130,1.);
#12130 = DIRECTION('',(-1.,7.8E-16,-6.E-17));
#12131 = PLANE('',#12132);
#12132 = AXIS2_PLACEMENT_3D('',#12133,#12134,#12135);
#12133 = CARTESIAN_POINT('',(9.526179507022,-0.955662432703,3.25));
#12134 = DIRECTION('',(1.17E-15,-0.866025403784,-0.5));
#12135 = DIRECTION('',(9.6E-16,0.5,-0.866025403784));
#12136 = ADVANCED_FACE('',(#12137,#12219),#12253,.T.);
#12137 = FACE_BOUND('',#12138,.T.);
#12138 = EDGE_LOOP('',(#12139,#12147,#12155,#12163,#12171,#12179,#12187,
    #12195,#12203,#12211,#12217,#12218));
#12139 = ORIENTED_EDGE('',*,*,#12140,.F.);
#12140 = EDGE_CURVE('',#12141,#12093,#12143,.T.);
#12141 = VERTEX_POINT('',#12142);
#12142 = CARTESIAN_POINT('',(-1.2,2.5,0.75));
#12143 = LINE('',#12144,#12145);
#12144 = CARTESIAN_POINT('',(-1.2,2.5,0.6));
#12145 = VECTOR('',#12146,1.);
#12146 = DIRECTION('',(-2.33E-15,-1.44E-15,1.));
#12147 = ORIENTED_EDGE('',*,*,#12148,.F.);
#12148 = EDGE_CURVE('',#12149,#12141,#12151,.T.);
#12149 = VERTEX_POINT('',#12150);
#12150 = CARTESIAN_POINT('',(-0.8,2.5,0.75));
#12151 = LINE('',#12152,#12153);
#12152 = CARTESIAN_POINT('',(-0.6,2.5,0.75));
#12153 = VECTOR('',#12154,1.);
#12154 = DIRECTION('',(-1.,6.7E-16,-1.1E-16));
#12155 = ORIENTED_EDGE('',*,*,#12156,.F.);
#12156 = EDGE_CURVE('',#12157,#12149,#12159,.T.);
#12157 = VERTEX_POINT('',#12158);
#12158 = CARTESIAN_POINT('',(-0.8,2.5,0.6));
#12159 = LINE('',#12160,#12161);
#12160 = CARTESIAN_POINT('',(-0.8,2.5,0.3));
#12161 = VECTOR('',#12162,1.);
#12162 = DIRECTION('',(-1.E-15,1.22E-15,1.));
#12163 = ORIENTED_EDGE('',*,*,#12164,.T.);
#12164 = EDGE_CURVE('',#12157,#12165,#12167,.T.);
#12165 = VERTEX_POINT('',#12166);
#12166 = CARTESIAN_POINT('',(0.8,2.5,0.6));
#12167 = LINE('',#12168,#12169);
#12168 = CARTESIAN_POINT('',(-1.2,2.5,0.6));
#12169 = VECTOR('',#12170,1.);
#12170 = DIRECTION('',(1.,-1.11E-15,-2.8E-16));
#12171 = ORIENTED_EDGE('',*,*,#12172,.T.);
#12172 = EDGE_CURVE('',#12165,#12173,#12175,.T.);
#12173 = VERTEX_POINT('',#12174);
#12174 = CARTESIAN_POINT('',(0.8,2.5,0.75));
#12175 = LINE('',#12176,#12177);
#12176 = CARTESIAN_POINT('',(0.8,2.5,0.3));
#12177 = VECTOR('',#12178,1.);
#12178 = DIRECTION('',(-1.E-15,1.22E-15,1.));
#12179 = ORIENTED_EDGE('',*,*,#12180,.F.);
#12180 = EDGE_CURVE('',#12181,#12173,#12183,.T.);
#12181 = VERTEX_POINT('',#12182);
#12182 = CARTESIAN_POINT('',(1.2,2.5,0.75));
#12183 = LINE('',#12184,#12185);
#12184 = CARTESIAN_POINT('',(-0.6,2.5,0.75));
#12185 = VECTOR('',#12186,1.);
#12186 = DIRECTION('',(-1.,6.7E-16,-1.1E-16));
#12187 = ORIENTED_EDGE('',*,*,#12188,.T.);
#12188 = EDGE_CURVE('',#12181,#12189,#12191,.T.);
#12189 = VERTEX_POINT('',#12190);
#12190 = CARTESIAN_POINT('',(1.2,2.5,2.8));
#12191 = LINE('',#12192,#12193);
#12192 = CARTESIAN_POINT('',(1.2,2.5,0.6));
#12193 = VECTOR('',#12194,1.);
#12194 = DIRECTION('',(-2.33E-15,-1.44E-15,1.));
#12195 = ORIENTED_EDGE('',*,*,#12196,.T.);
#12196 = EDGE_CURVE('',#12189,#12197,#12199,.T.);
#12197 = VERTEX_POINT('',#12198);
#12198 = CARTESIAN_POINT('',(0.9,2.5,2.8));
#12199 = LINE('',#12200,#12201);
#12200 = CARTESIAN_POINT('',(0.6,2.5,2.8));
#12201 = VECTOR('',#12202,1.);
#12202 = DIRECTION('',(-1.,8.9E-16,3.3E-16));
#12203 = ORIENTED_EDGE('',*,*,#12204,.T.);
#12204 = EDGE_CURVE('',#12197,#12205,#12207,.T.);
#12205 = VERTEX_POINT('',#12206);
#12206 = CARTESIAN_POINT('',(0.9,2.5,2.999999999998));
#12207 = LINE('',#12208,#12209);
#12208 = CARTESIAN_POINT('',(0.9,2.5,1.7));
#12209 = VECTOR('',#12210,1.);
#12210 = DIRECTION('',(-1.67E-15,1.1E-16,1.));
#12211 = ORIENTED_EDGE('',*,*,#12212,.F.);
#12212 = EDGE_CURVE('',#11630,#12205,#12213,.T.);
#12213 = LINE('',#12214,#12215);
#12214 = CARTESIAN_POINT('',(-1.2,2.5,2.999999999998));
#12215 = VECTOR('',#12216,1.);
#12216 = DIRECTION('',(1.,-1.11E-15,-2.8E-16));
#12217 = ORIENTED_EDGE('',*,*,#11629,.T.);
#12218 = ORIENTED_EDGE('',*,*,#12092,.T.);
#12219 = FACE_BOUND('',#12220,.T.);
#12220 = EDGE_LOOP('',(#12221,#12231,#12239,#12247));
#12221 = ORIENTED_EDGE('',*,*,#12222,.F.);
#12222 = EDGE_CURVE('',#12223,#12225,#12227,.T.);
#12223 = VERTEX_POINT('',#12224);
#12224 = CARTESIAN_POINT('',(0.6,2.5,2.5));
#12225 = VERTEX_POINT('',#12226);
#12226 = CARTESIAN_POINT('',(-0.6,2.5,2.5));
#12227 = LINE('',#12228,#12229);
#12228 = CARTESIAN_POINT('',(0.6,2.5,2.5));
#12229 = VECTOR('',#12230,1.);
#12230 = DIRECTION('',(-1.,5.6E-16,-2.8E-16));
#12231 = ORIENTED_EDGE('',*,*,#12232,.F.);
#12232 = EDGE_CURVE('',#12233,#12223,#12235,.T.);
#12233 = VERTEX_POINT('',#12234);
#12234 = CARTESIAN_POINT('',(0.6,2.5,1.));
#12235 = LINE('',#12236,#12237);
#12236 = CARTESIAN_POINT('',(0.6,2.5,1.));
#12237 = VECTOR('',#12238,1.);
#12238 = DIRECTION('',(-6.7E-16,-3.3E-16,1.));
#12239 = ORIENTED_EDGE('',*,*,#12240,.T.);
#12240 = EDGE_CURVE('',#12233,#12241,#12243,.T.);
#12241 = VERTEX_POINT('',#12242);
#12242 = CARTESIAN_POINT('',(-0.6,2.5,1.));
#12243 = LINE('',#12244,#12245);
#12244 = CARTESIAN_POINT('',(0.6,2.5,1.));
#12245 = VECTOR('',#12246,1.);
#12246 = DIRECTION('',(-1.,5.6E-16,-2.8E-16));
#12247 = ORIENTED_EDGE('',*,*,#12248,.T.);
#12248 = EDGE_CURVE('',#12241,#12225,#12249,.T.);
#12249 = LINE('',#12250,#12251);
#12250 = CARTESIAN_POINT('',(-0.6,2.5,1.));
#12251 = VECTOR('',#12252,1.);
#12252 = DIRECTION('',(-6.7E-16,-3.3E-16,1.));
#12253 = PLANE('',#12254);
#12254 = AXIS2_PLACEMENT_3D('',#12255,#12256,#12257);
#12255 = CARTESIAN_POINT('',(-1.2,2.5,0.6));
#12256 = DIRECTION('',(1.55E-15,-1.,1.67E-15));
#12257 = DIRECTION('',(-2.55E-15,1.67E-15,1.));
#12258 = ADVANCED_FACE('',(#12259),#12277,.T.);
#12259 = FACE_BOUND('',#12260,.T.);
#12260 = EDGE_LOOP('',(#12261,#12262,#12263,#12271));
#12261 = ORIENTED_EDGE('',*,*,#12126,.T.);
#12262 = ORIENTED_EDGE('',*,*,#11757,.T.);
#12263 = ORIENTED_EDGE('',*,*,#12264,.F.);
#12264 = EDGE_CURVE('',#12265,#11750,#12267,.T.);
#12265 = VERTEX_POINT('',#12266);
#12266 = CARTESIAN_POINT('',(0.9,-0.607735026919,2.999999999999));
#12267 = LINE('',#12268,#12269);
#12268 = CARTESIAN_POINT('',(9.526179507022,-0.607735026919,3.));
#12269 = VECTOR('',#12270,1.);
#12270 = DIRECTION('',(-1.,7.8E-16,-6.E-17));
#12271 = ORIENTED_EDGE('',*,*,#12272,.T.);
#12272 = EDGE_CURVE('',#12265,#12117,#12273,.T.);
#12273 = LINE('',#12274,#12275);
#12274 = CARTESIAN_POINT('',(0.9,-0.25,2.999999999998));
#12275 = VECTOR('',#12276,1.);
#12276 = DIRECTION('',(1.33E-15,-1.,1.67E-15));
#12277 = PLANE('',#12278);
#12278 = AXIS2_PLACEMENT_3D('',#12279,#12280,#12281);
#12279 = CARTESIAN_POINT('',(-1.2,2.5,2.999999999998));
#12280 = DIRECTION('',(2.39E-15,7.8E-16,-1.));
#12281 = DIRECTION('',(1.78E-15,-1.,-7.8E-16));
#12282 = ADVANCED_FACE('',(#12283),#12301,.T.);
#12283 = FACE_BOUND('',#12284,.T.);
#12284 = EDGE_LOOP('',(#12285,#12293,#12294,#12295));
#12285 = ORIENTED_EDGE('',*,*,#12286,.T.);
#12286 = EDGE_CURVE('',#12287,#11638,#12289,.T.);
#12287 = VERTEX_POINT('',#12288);
#12288 = CARTESIAN_POINT('',(0.9,1.65,2.999999999999));
#12289 = LINE('',#12290,#12291);
#12290 = CARTESIAN_POINT('',(9.526179507022,1.65,3.));
#12291 = VECTOR('',#12292,1.);
#12292 = DIRECTION('',(-1.,7.8E-16,-6.E-17));
#12293 = ORIENTED_EDGE('',*,*,#11637,.T.);
#12294 = ORIENTED_EDGE('',*,*,#12212,.T.);
#12295 = ORIENTED_EDGE('',*,*,#12296,.T.);
#12296 = EDGE_CURVE('',#12205,#12287,#12297,.T.);
#12297 = LINE('',#12298,#12299);
#12298 = CARTESIAN_POINT('',(0.9,-0.25,2.999999999998));
#12299 = VECTOR('',#12300,1.);
#12300 = DIRECTION('',(1.33E-15,-1.,1.67E-15));
#12301 = PLANE('',#12302);
#12302 = AXIS2_PLACEMENT_3D('',#12303,#12304,#12305);
#12303 = CARTESIAN_POINT('',(-1.2,2.5,2.999999999998));
#12304 = DIRECTION('',(2.39E-15,7.8E-16,-1.));
#12305 = DIRECTION('',(1.78E-15,-1.,-7.8E-16));
#12306 = ADVANCED_FACE('',(#12307),#12325,.T.);
#12307 = FACE_BOUND('',#12308,.T.);
#12308 = EDGE_LOOP('',(#12309,#12317,#12318,#12319));
#12309 = ORIENTED_EDGE('',*,*,#12310,.F.);
#12310 = EDGE_CURVE('',#12265,#12311,#12313,.T.);
#12311 = VERTEX_POINT('',#12312);
#12312 = CARTESIAN_POINT('',(0.9,-0.463397459622,3.25));
#12313 = LINE('',#12314,#12315);
#12314 = CARTESIAN_POINT('',(0.9,-0.950069418743,2.407059440182));
#12315 = VECTOR('',#12316,1.);
#12316 = DIRECTION('',(-1.64E-15,0.5,0.866025403784));
#12317 = ORIENTED_EDGE('',*,*,#12264,.T.);
#12318 = ORIENTED_EDGE('',*,*,#11749,.F.);
#12319 = ORIENTED_EDGE('',*,*,#12320,.F.);
#12320 = EDGE_CURVE('',#12311,#11742,#12321,.T.);
#12321 = LINE('',#12322,#12323);
#12322 = CARTESIAN_POINT('',(9.526179507022,-0.463397459622,3.25));
#12323 = VECTOR('',#12324,1.);
#12324 = DIRECTION('',(-1.,7.8E-16,-6.E-17));
#12325 = PLANE('',#12326);
#12326 = AXIS2_PLACEMENT_3D('',#12327,#12328,#12329);
#12327 = CARTESIAN_POINT('',(9.526179507022,-0.607735026919,3.));
#12328 = DIRECTION('',(2.1E-16,0.866025403784,-0.5));
#12329 = DIRECTION('',(-1.73E-15,0.5,0.866025403784));
#12330 = ADVANCED_FACE('',(#12331),#12349,.T.);
#12331 = FACE_BOUND('',#12332,.T.);
#12332 = EDGE_LOOP('',(#12333,#12341,#12347,#12348));
#12333 = ORIENTED_EDGE('',*,*,#12334,.F.);
#12334 = EDGE_CURVE('',#12335,#12287,#12337,.T.);
#12335 = VERTEX_POINT('',#12336);
#12336 = CARTESIAN_POINT('',(0.9,1.505662432703,3.25));
#12337 = LINE('',#12338,#12339);
#12338 = CARTESIAN_POINT('',(0.9,1.039882486541,4.056754531899));
#12339 = VECTOR('',#12340,1.);
#12340 = DIRECTION('',(8.6E-16,0.5,-0.866025403784));
#12341 = ORIENTED_EDGE('',*,*,#12342,.T.);
#12342 = EDGE_CURVE('',#12335,#11646,#12343,.T.);
#12343 = LINE('',#12344,#12345);
#12344 = CARTESIAN_POINT('',(9.526179507022,1.505662432703,3.25));
#12345 = VECTOR('',#12346,1.);
#12346 = DIRECTION('',(-1.,7.8E-16,-6.E-17));
#12347 = ORIENTED_EDGE('',*,*,#11645,.F.);
#12348 = ORIENTED_EDGE('',*,*,#12286,.F.);
#12349 = PLANE('',#12350);
#12350 = AXIS2_PLACEMENT_3D('',#12351,#12352,#12353);
#12351 = CARTESIAN_POINT('',(9.526179507022,1.505662432703,3.25));
#12352 = DIRECTION('',(1.17E-15,-0.866025403784,-0.5));
#12353 = DIRECTION('',(9.6E-16,0.5,-0.866025403784));
#12354 = ADVANCED_FACE('',(#12355),#12373,.T.);
#12355 = FACE_BOUND('',#12356,.T.);
#12356 = EDGE_LOOP('',(#12357,#12365,#12366,#12367));
#12357 = ORIENTED_EDGE('',*,*,#12358,.F.);
#12358 = EDGE_CURVE('',#12311,#12359,#12361,.T.);
#12359 = VERTEX_POINT('',#12360);
#12360 = CARTESIAN_POINT('',(0.9,-0.319059892324,2.999999999999));
#12361 = LINE('',#12362,#12363);
#12362 = CARTESIAN_POINT('',(0.9,-0.683044919243,3.630440559818));
#12363 = VECTOR('',#12364,1.);
#12364 = DIRECTION('',(8.6E-16,0.5,-0.866025403784));
#12365 = ORIENTED_EDGE('',*,*,#12320,.T.);
#12366 = ORIENTED_EDGE('',*,*,#11741,.F.);
#12367 = ORIENTED_EDGE('',*,*,#12368,.F.);
#12368 = EDGE_CURVE('',#12359,#11734,#12369,.T.);
#12369 = LINE('',#12370,#12371);
#12370 = CARTESIAN_POINT('',(9.526179507022,-0.319059892324,3.));
#12371 = VECTOR('',#12372,1.);
#12372 = DIRECTION('',(-1.,7.8E-16,-6.E-17));
#12373 = PLANE('',#12374);
#12374 = AXIS2_PLACEMENT_3D('',#12375,#12376,#12377);
#12375 = CARTESIAN_POINT('',(9.526179507022,-0.463397459622,3.25));
#12376 = DIRECTION('',(1.17E-15,-0.866025403784,-0.5));
#12377 = DIRECTION('',(9.6E-16,0.5,-0.866025403784));
#12378 = ADVANCED_FACE('',(#12379),#12397,.T.);
#12379 = FACE_BOUND('',#12380,.T.);
#12380 = EDGE_LOOP('',(#12381,#12389,#12395,#12396));
#12381 = ORIENTED_EDGE('',*,*,#12382,.F.);
#12382 = EDGE_CURVE('',#12383,#12335,#12385,.T.);
#12383 = VERTEX_POINT('',#12384);
#12384 = CARTESIAN_POINT('',(0.9,1.361324865405,2.999999999999));
#12385 = LINE('',#12386,#12387);
#12386 = CARTESIAN_POINT('',(0.9,0.77285798704,1.980745468101));
#12387 = VECTOR('',#12388,1.);
#12388 = DIRECTION('',(-1.64E-15,0.5,0.866025403784));
#12389 = ORIENTED_EDGE('',*,*,#12390,.T.);
#12390 = EDGE_CURVE('',#12383,#11654,#12391,.T.);
#12391 = LINE('',#12392,#12393);
#12392 = CARTESIAN_POINT('',(9.526179507022,1.361324865405,3.));
#12393 = VECTOR('',#12394,1.);
#12394 = DIRECTION('',(-1.,7.8E-16,-6.E-17));
#12395 = ORIENTED_EDGE('',*,*,#11653,.F.);
#12396 = ORIENTED_EDGE('',*,*,#12342,.F.);
#12397 = PLANE('',#12398);
#12398 = AXIS2_PLACEMENT_3D('',#12399,#12400,#12401);
#12399 = CARTESIAN_POINT('',(9.526179507022,1.361324865405,3.));
#12400 = DIRECTION('',(2.1E-16,0.866025403784,-0.5));
#12401 = DIRECTION('',(-1.73E-15,0.5,0.866025403784));
#12402 = ADVANCED_FACE('',(#12403),#12421,.T.);
#12403 = FACE_BOUND('',#12404,.T.);
#12404 = EDGE_LOOP('',(#12405,#12406,#12407,#12415));
#12405 = ORIENTED_EDGE('',*,*,#12368,.T.);
#12406 = ORIENTED_EDGE('',*,*,#11733,.T.);
#12407 = ORIENTED_EDGE('',*,*,#12408,.F.);
#12408 = EDGE_CURVE('',#12409,#11726,#12411,.T.);
#12409 = VERTEX_POINT('',#12410);
#12410 = CARTESIAN_POINT('',(0.9,-0.115470053838,2.999999999999));
#12411 = LINE('',#12412,#12413);
#12412 = CARTESIAN_POINT('',(9.526179507022,-0.115470053838,3.));
#12413 = VECTOR('',#12414,1.);
#12414 = DIRECTION('',(-1.,7.8E-16,-6.E-17));
#12415 = ORIENTED_EDGE('',*,*,#12416,.T.);
#12416 = EDGE_CURVE('',#12409,#12359,#12417,.T.);
#12417 = LINE('',#12418,#12419);
#12418 = CARTESIAN_POINT('',(0.9,-0.25,2.999999999998));
#12419 = VECTOR('',#12420,1.);
#12420 = DIRECTION('',(1.33E-15,-1.,1.67E-15));
#12421 = PLANE('',#12422);
#12422 = AXIS2_PLACEMENT_3D('',#12423,#12424,#12425);
#12423 = CARTESIAN_POINT('',(-1.2,2.5,2.999999999998));
#12424 = DIRECTION('',(2.39E-15,7.8E-16,-1.));
#12425 = DIRECTION('',(1.78E-15,-1.,-7.8E-16));
#12426 = ADVANCED_FACE('',(#12427),#12445,.T.);
#12427 = FACE_BOUND('',#12428,.T.);
#12428 = EDGE_LOOP('',(#12429,#12437,#12438,#12439));
#12429 = ORIENTED_EDGE('',*,*,#12430,.T.);
#12430 = EDGE_CURVE('',#12431,#11662,#12433,.T.);
#12431 = VERTEX_POINT('',#12432);
#12432 = CARTESIAN_POINT('',(0.9,1.157735026919,2.999999999999));
#12433 = LINE('',#12434,#12435);
#12434 = CARTESIAN_POINT('',(9.526179507022,1.157735026919,3.));
#12435 = VECTOR('',#12436,1.);
#12436 = DIRECTION('',(-1.,7.8E-16,-6.E-17));
#12437 = ORIENTED_EDGE('',*,*,#11661,.T.);
#12438 = ORIENTED_EDGE('',*,*,#12390,.F.);
#12439 = ORIENTED_EDGE('',*,*,#12440,.T.);
#12440 = EDGE_CURVE('',#12383,#12431,#12441,.T.);
#12441 = LINE('',#12442,#12443);
#12442 = CARTESIAN_POINT('',(0.9,-0.25,2.999999999998));
#12443 = VECTOR('',#12444,1.);
#12444 = DIRECTION('',(1.33E-15,-1.,1.67E-15));
#12445 = PLANE('',#12446);
#12446 = AXIS2_PLACEMENT_3D('',#12447,#12448,#12449);
#12447 = CARTESIAN_POINT('',(-1.2,2.5,2.999999999998));
#12448 = DIRECTION('',(2.39E-15,7.8E-16,-1.));
#12449 = DIRECTION('',(1.78E-15,-1.,-7.8E-16));
#12450 = ADVANCED_FACE('',(#12451),#12469,.T.);
#12451 = FACE_BOUND('',#12452,.T.);
#12452 = EDGE_LOOP('',(#12453,#12461,#12462,#12463));
#12453 = ORIENTED_EDGE('',*,*,#12454,.F.);
#12454 = EDGE_CURVE('',#12409,#12455,#12457,.T.);
#12455 = VERTEX_POINT('',#12456);
#12456 = CARTESIAN_POINT('',(0.9,2.886751345948E-02,3.25));
#12457 = LINE('',#12458,#12459);
#12458 = CARTESIAN_POINT('',(0.9,-0.519337567297,2.300480947162));
#12459 = VECTOR('',#12460,1.);
#12460 = DIRECTION('',(-1.64E-15,0.5,0.866025403784));
#12461 = ORIENTED_EDGE('',*,*,#12408,.T.);
#12462 = ORIENTED_EDGE('',*,*,#11725,.F.);
#12463 = ORIENTED_EDGE('',*,*,#12464,.F.);
#12464 = EDGE_CURVE('',#12455,#11718,#12465,.T.);
#12465 = LINE('',#12466,#12467);
#12466 = CARTESIAN_POINT('',(9.526179507022,2.886751345947E-02,3.25));
#12467 = VECTOR('',#12468,1.);
#12468 = DIRECTION('',(-1.,7.8E-16,-6.E-17));
#12469 = PLANE('',#12470);
#12470 = AXIS2_PLACEMENT_3D('',#12471,#12472,#12473);
#12471 = CARTESIAN_POINT('',(9.526179507022,-0.115470053838,3.));
#12472 = DIRECTION('',(2.1E-16,0.866025403784,-0.5));
#12473 = DIRECTION('',(-1.73E-15,0.5,0.866025403784));
#12474 = ADVANCED_FACE('',(#12475),#12493,.T.);
#12475 = FACE_BOUND('',#12476,.T.);
#12476 = EDGE_LOOP('',(#12477,#12485,#12491,#12492));
#12477 = ORIENTED_EDGE('',*,*,#12478,.F.);
#12478 = EDGE_CURVE('',#12479,#12431,#12481,.T.);
#12479 = VERTEX_POINT('',#12480);
#12480 = CARTESIAN_POINT('',(0.9,1.013397459622,3.25));
#12481 = LINE('',#12482,#12483);
#12482 = CARTESIAN_POINT('',(0.9,0.609150635095,3.950176038879));
#12483 = VECTOR('',#12484,1.);
#12484 = DIRECTION('',(8.6E-16,0.5,-0.866025403784));
#12485 = ORIENTED_EDGE('',*,*,#12486,.T.);
#12486 = EDGE_CURVE('',#12479,#11670,#12487,.T.);
#12487 = LINE('',#12488,#12489);
#12488 = CARTESIAN_POINT('',(9.526179507022,1.013397459622,3.25));
#12489 = VECTOR('',#12490,1.);
#12490 = DIRECTION('',(-1.,7.8E-16,-6.E-17));
#12491 = ORIENTED_EDGE('',*,*,#11669,.F.);
#12492 = ORIENTED_EDGE('',*,*,#12430,.F.);
#12493 = PLANE('',#12494);
#12494 = AXIS2_PLACEMENT_3D('',#12495,#12496,#12497);
#12495 = CARTESIAN_POINT('',(9.526179507022,1.013397459622,3.25));
#12496 = DIRECTION('',(1.17E-15,-0.866025403784,-0.5));
#12497 = DIRECTION('',(9.6E-16,0.5,-0.866025403784));
#12498 = ADVANCED_FACE('',(#12499),#12517,.T.);
#12499 = FACE_BOUND('',#12500,.T.);
#12500 = EDGE_LOOP('',(#12501,#12509,#12510,#12511));
#12501 = ORIENTED_EDGE('',*,*,#12502,.F.);
#12502 = EDGE_CURVE('',#12455,#12503,#12505,.T.);
#12503 = VERTEX_POINT('',#12504);
#12504 = CARTESIAN_POINT('',(0.9,0.173205080757,2.999999999999));
#12505 = LINE('',#12506,#12507);
#12506 = CARTESIAN_POINT('',(0.9,-0.252313067797,3.737019052838));
#12507 = VECTOR('',#12508,1.);
#12508 = DIRECTION('',(8.6E-16,0.5,-0.866025403784));
#12509 = ORIENTED_EDGE('',*,*,#12464,.T.);
#12510 = ORIENTED_EDGE('',*,*,#11717,.F.);
#12511 = ORIENTED_EDGE('',*,*,#12512,.F.);
#12512 = EDGE_CURVE('',#12503,#11710,#12513,.T.);
#12513 = LINE('',#12514,#12515);
#12514 = CARTESIAN_POINT('',(9.526179507022,0.173205080757,3.));
#12515 = VECTOR('',#12516,1.);
#12516 = DIRECTION('',(-1.,7.8E-16,-6.E-17));
#12517 = PLANE('',#12518);
#12518 = AXIS2_PLACEMENT_3D('',#12519,#12520,#12521);
#12519 = CARTESIAN_POINT('',(9.526179507022,2.886751345947E-02,3.25));
#12520 = DIRECTION('',(1.17E-15,-0.866025403784,-0.5));
#12521 = DIRECTION('',(9.6E-16,0.5,-0.866025403784));
#12522 = ADVANCED_FACE('',(#12523),#12541,.T.);
#12523 = FACE_BOUND('',#12524,.T.);
#12524 = EDGE_LOOP('',(#12525,#12533,#12539,#12540));
#12525 = ORIENTED_EDGE('',*,*,#12526,.F.);
#12526 = EDGE_CURVE('',#12527,#12479,#12529,.T.);
#12527 = VERTEX_POINT('',#12528);
#12528 = CARTESIAN_POINT('',(0.9,0.869059892324,2.999999999999));
#12529 = LINE('',#12530,#12531);
#12530 = CARTESIAN_POINT('',(0.9,0.342126135594,2.087323961121));
#12531 = VECTOR('',#12532,1.);
#12532 = DIRECTION('',(-1.64E-15,0.5,0.866025403784));
#12533 = ORIENTED_EDGE('',*,*,#12534,.T.);
#12534 = EDGE_CURVE('',#12527,#11678,#12535,.T.);
#12535 = LINE('',#12536,#12537);
#12536 = CARTESIAN_POINT('',(9.526179507022,0.869059892324,3.));
#12537 = VECTOR('',#12538,1.);
#12538 = DIRECTION('',(-1.,7.8E-16,-6.E-17));
#12539 = ORIENTED_EDGE('',*,*,#11677,.F.);
#12540 = ORIENTED_EDGE('',*,*,#12486,.F.);
#12541 = PLANE('',#12542);
#12542 = AXIS2_PLACEMENT_3D('',#12543,#12544,#12545);
#12543 = CARTESIAN_POINT('',(9.526179507022,0.869059892324,3.));
#12544 = DIRECTION('',(2.1E-16,0.866025403784,-0.5));
#12545 = DIRECTION('',(-1.73E-15,0.5,0.866025403784));
#12546 = ADVANCED_FACE('',(#12547),#12565,.T.);
#12547 = FACE_BOUND('',#12548,.T.);
#12548 = EDGE_LOOP('',(#12549,#12550,#12551,#12559));
#12549 = ORIENTED_EDGE('',*,*,#12512,.T.);
#12550 = ORIENTED_EDGE('',*,*,#11709,.T.);
#12551 = ORIENTED_EDGE('',*,*,#12552,.F.);
#12552 = EDGE_CURVE('',#12553,#11702,#12555,.T.);
#12553 = VERTEX_POINT('',#12554);
#12554 = CARTESIAN_POINT('',(0.9,0.376794919243,2.999999999999));
#12555 = LINE('',#12556,#12557);
#12556 = CARTESIAN_POINT('',(9.526179507022,0.376794919243,3.));
#12557 = VECTOR('',#12558,1.);
#12558 = DIRECTION('',(-1.,7.8E-16,-6.E-17));
#12559 = ORIENTED_EDGE('',*,*,#12560,.T.);
#12560 = EDGE_CURVE('',#12553,#12503,#12561,.T.);
#12561 = LINE('',#12562,#12563);
#12562 = CARTESIAN_POINT('',(0.9,-0.25,2.999999999998));
#12563 = VECTOR('',#12564,1.);
#12564 = DIRECTION('',(1.33E-15,-1.,1.67E-15));
#12565 = PLANE('',#12566);
#12566 = AXIS2_PLACEMENT_3D('',#12567,#12568,#12569);
#12567 = CARTESIAN_POINT('',(-1.2,2.5,2.999999999998));
#12568 = DIRECTION('',(2.39E-15,7.8E-16,-1.));
#12569 = DIRECTION('',(1.78E-15,-1.,-7.8E-16));
#12570 = ADVANCED_FACE('',(#12571),#12589,.T.);
#12571 = FACE_BOUND('',#12572,.T.);
#12572 = EDGE_LOOP('',(#12573,#12581,#12582,#12583));
#12573 = ORIENTED_EDGE('',*,*,#12574,.T.);
#12574 = EDGE_CURVE('',#12575,#11686,#12577,.T.);
#12575 = VERTEX_POINT('',#12576);
#12576 = CARTESIAN_POINT('',(0.9,0.665470053838,2.999999999999));
#12577 = LINE('',#12578,#12579);
#12578 = CARTESIAN_POINT('',(9.526179507022,0.665470053838,3.));
#12579 = VECTOR('',#12580,1.);
#12580 = DIRECTION('',(-1.,7.8E-16,-6.E-17));
#12581 = ORIENTED_EDGE('',*,*,#11685,.T.);
#12582 = ORIENTED_EDGE('',*,*,#12534,.F.);
#12583 = ORIENTED_EDGE('',*,*,#12584,.T.);
#12584 = EDGE_CURVE('',#12527,#12575,#12585,.T.);
#12585 = LINE('',#12586,#12587);
#12586 = CARTESIAN_POINT('',(0.9,-0.25,2.999999999998));
#12587 = VECTOR('',#12588,1.);
#12588 = DIRECTION('',(1.33E-15,-1.,1.67E-15));
#12589 = PLANE('',#12590);
#12590 = AXIS2_PLACEMENT_3D('',#12591,#12592,#12593);
#12591 = CARTESIAN_POINT('',(-1.2,2.5,2.999999999998));
#12592 = DIRECTION('',(2.39E-15,7.8E-16,-1.));
#12593 = DIRECTION('',(1.78E-15,-1.,-7.8E-16));
#12594 = ADVANCED_FACE('',(#12595),#12613,.T.);
#12595 = FACE_BOUND('',#12596,.T.);
#12596 = EDGE_LOOP('',(#12597,#12605,#12606,#12607));
#12597 = ORIENTED_EDGE('',*,*,#12598,.F.);
#12598 = EDGE_CURVE('',#12553,#12599,#12601,.T.);
#12599 = VERTEX_POINT('',#12600);
#12600 = CARTESIAN_POINT('',(0.9,0.521132486541,3.25));
#12601 = LINE('',#12602,#12603);
#12602 = CARTESIAN_POINT('',(0.9,-8.86057158515E-02,2.193902454141));
#12603 = VECTOR('',#12604,1.);
#12604 = DIRECTION('',(-1.64E-15,0.5,0.866025403784));
#12605 = ORIENTED_EDGE('',*,*,#12552,.T.);
#12606 = ORIENTED_EDGE('',*,*,#11701,.F.);
#12607 = ORIENTED_EDGE('',*,*,#12608,.F.);
#12608 = EDGE_CURVE('',#12599,#11694,#12609,.T.);
#12609 = LINE('',#12610,#12611);
#12610 = CARTESIAN_POINT('',(9.526179507022,0.521132486541,3.25));
#12611 = VECTOR('',#12612,1.);
#12612 = DIRECTION('',(-1.,7.8E-16,-6.E-17));
#12613 = PLANE('',#12614);
#12614 = AXIS2_PLACEMENT_3D('',#12615,#12616,#12617);
#12615 = CARTESIAN_POINT('',(9.526179507022,0.376794919243,3.));
#12616 = DIRECTION('',(2.1E-16,0.866025403784,-0.5));
#12617 = DIRECTION('',(-1.73E-15,0.5,0.866025403784));
#12618 = ADVANCED_FACE('',(#12619),#12630,.T.);
#12619 = FACE_BOUND('',#12620,.T.);
#12620 = EDGE_LOOP('',(#12621,#12627,#12628,#12629));
#12621 = ORIENTED_EDGE('',*,*,#12622,.F.);
#12622 = EDGE_CURVE('',#12599,#12575,#12623,.T.);
#12623 = LINE('',#12624,#12625);
#12624 = CARTESIAN_POINT('',(0.9,0.178418783649,3.843597545859));
#12625 = VECTOR('',#12626,1.);
#12626 = DIRECTION('',(8.6E-16,0.5,-0.866025403784));
#12627 = ORIENTED_EDGE('',*,*,#12608,.T.);
#12628 = ORIENTED_EDGE('',*,*,#11693,.F.);
#12629 = ORIENTED_EDGE('',*,*,#12574,.F.);
#12630 = PLANE('',#12631);
#12631 = AXIS2_PLACEMENT_3D('',#12632,#12633,#12634);
#12632 = CARTESIAN_POINT('',(9.526179507022,0.521132486541,3.25));
#12633 = DIRECTION('',(1.17E-15,-0.866025403784,-0.5));
#12634 = DIRECTION('',(9.6E-16,0.5,-0.866025403784));
#12635 = ADVANCED_FACE('',(#12636),#12654,.T.);
#12636 = FACE_BOUND('',#12637,.T.);
#12637 = EDGE_LOOP('',(#12638,#12639,#12640,#12648));
#12638 = ORIENTED_EDGE('',*,*,#11812,.F.);
#12639 = ORIENTED_EDGE('',*,*,#11860,.T.);
#12640 = ORIENTED_EDGE('',*,*,#12641,.T.);
#12641 = EDGE_CURVE('',#11853,#12642,#12644,.T.);
#12642 = VERTEX_POINT('',#12643);
#12643 = CARTESIAN_POINT('',(0.7,-2.5,3.199999999998));
#12644 = LINE('',#12645,#12646);
#12645 = CARTESIAN_POINT('',(-0.9,-2.5,3.199999999998));
#12646 = VECTOR('',#12647,1.);
#12647 = DIRECTION('',(1.,-1.78E-15,1.05E-15));
#12648 = ORIENTED_EDGE('',*,*,#12649,.T.);
#12649 = EDGE_CURVE('',#12642,#11813,#12650,.T.);
#12650 = LINE('',#12651,#12652);
#12651 = CARTESIAN_POINT('',(0.7,-2.5,2.999999999998));
#12652 = VECTOR('',#12653,1.);
#12653 = DIRECTION('',(-1.67E-15,1.44E-15,1.));
#12654 = PLANE('',#12655);
#12655 = AXIS2_PLACEMENT_3D('',#12656,#12657,#12658);
#12656 = CARTESIAN_POINT('',(-1.2,-2.5,2.999999999998));
#12657 = DIRECTION('',(1.55E-15,-1.,1.67E-15));
#12658 = DIRECTION('',(-2.55E-15,1.67E-15,1.));
#12659 = ADVANCED_FACE('',(#12660),#12697,.T.);
#12660 = FACE_BOUND('',#12661,.T.);
#12661 = EDGE_LOOP('',(#12662,#12663,#12664,#12665,#12666,#12667,#12668,
    #12669,#12670,#12671,#12672,#12673,#12674,#12675,#12676,#12677,
    #12678,#12679,#12680,#12681,#12682,#12688,#12689,#12690,#12691));
#12662 = ORIENTED_EDGE('',*,*,#11899,.F.);
#12663 = ORIENTED_EDGE('',*,*,#12068,.T.);
#12664 = ORIENTED_EDGE('',*,*,#12116,.T.);
#12665 = ORIENTED_EDGE('',*,*,#12272,.F.);
#12666 = ORIENTED_EDGE('',*,*,#12310,.T.);
#12667 = ORIENTED_EDGE('',*,*,#12358,.T.);
#12668 = ORIENTED_EDGE('',*,*,#12416,.F.);
#12669 = ORIENTED_EDGE('',*,*,#12454,.T.);
#12670 = ORIENTED_EDGE('',*,*,#12502,.T.);
#12671 = ORIENTED_EDGE('',*,*,#12560,.F.);
#12672 = ORIENTED_EDGE('',*,*,#12598,.T.);
#12673 = ORIENTED_EDGE('',*,*,#12622,.T.);
#12674 = ORIENTED_EDGE('',*,*,#12584,.F.);
#12675 = ORIENTED_EDGE('',*,*,#12526,.T.);
#12676 = ORIENTED_EDGE('',*,*,#12478,.T.);
#12677 = ORIENTED_EDGE('',*,*,#12440,.F.);
#12678 = ORIENTED_EDGE('',*,*,#12382,.T.);
#12679 = ORIENTED_EDGE('',*,*,#12334,.T.);
#12680 = ORIENTED_EDGE('',*,*,#12296,.F.);
#12681 = ORIENTED_EDGE('',*,*,#12204,.F.);
#12682 = ORIENTED_EDGE('',*,*,#12683,.T.);
#12683 = EDGE_CURVE('',#12197,#11941,#12684,.T.);
#12684 = LINE('',#12685,#12686);
#12685 = CARTESIAN_POINT('',(0.9,-3.,2.8));
#12686 = VECTOR('',#12687,1.);
#12687 = DIRECTION('',(-1.33E-15,1.,-1.E-15));
#12688 = ORIENTED_EDGE('',*,*,#11940,.F.);
#12689 = ORIENTED_EDGE('',*,*,#11883,.F.);
#12690 = ORIENTED_EDGE('',*,*,#11828,.F.);
#12691 = ORIENTED_EDGE('',*,*,#12692,.F.);
#12692 = EDGE_CURVE('',#11902,#11821,#12693,.T.);
#12693 = LINE('',#12694,#12695);
#12694 = CARTESIAN_POINT('',(0.9,-2.3,2.999999999998));
#12695 = VECTOR('',#12696,1.);
#12696 = DIRECTION('',(-1.67E-15,1.44E-15,1.));
#12697 = PLANE('',#12698);
#12698 = AXIS2_PLACEMENT_3D('',#12699,#12700,#12701);
#12699 = CARTESIAN_POINT('',(0.9,-3.,2.8));
#12700 = DIRECTION('',(1.,-4.4E-16,-1.1E-16));
#12701 = DIRECTION('',(1.1E-16,-1.E-15,1.));
#12702 = ADVANCED_FACE('',(#12703),#12714,.T.);
#12703 = FACE_BOUND('',#12704,.T.);
#12704 = EDGE_LOOP('',(#12705,#12711,#12712,#12713));
#12705 = ORIENTED_EDGE('',*,*,#12706,.T.);
#12706 = EDGE_CURVE('',#12642,#11902,#12707,.T.);
#12707 = LINE('',#12708,#12709);
#12708 = CARTESIAN_POINT('',(0.533333333333,-2.666666666667,
    3.366666666665));
#12709 = VECTOR('',#12710,1.);
#12710 = DIRECTION('',(0.57735026919,0.57735026919,-0.57735026919));
#12711 = ORIENTED_EDGE('',*,*,#12692,.T.);
#12712 = ORIENTED_EDGE('',*,*,#11820,.T.);
#12713 = ORIENTED_EDGE('',*,*,#12649,.F.);
#12714 = PLANE('',#12715);
#12715 = AXIS2_PLACEMENT_3D('',#12716,#12717,#12718);
#12716 = CARTESIAN_POINT('',(0.8,-2.4,2.999999999998));
#12717 = DIRECTION('',(0.707106781187,-0.707106781187,2.2E-15));
#12718 = DIRECTION('',(-1.66563491861E-15,1.44563491861E-15,1.));
#12719 = ADVANCED_FACE('',(#12720),#12726,.T.);
#12720 = FACE_BOUND('',#12721,.F.);
#12721 = EDGE_LOOP('',(#12722,#12723,#12724,#12725));
#12722 = ORIENTED_EDGE('',*,*,#11852,.T.);
#12723 = ORIENTED_EDGE('',*,*,#12641,.T.);
#12724 = ORIENTED_EDGE('',*,*,#12706,.T.);
#12725 = ORIENTED_EDGE('',*,*,#11909,.F.);
#12726 = PLANE('',#12727);
#12727 = AXIS2_PLACEMENT_3D('',#12728,#12729,#12730);
#12728 = CARTESIAN_POINT('',(-0.9,-2.4,3.099999999998));
#12729 = DIRECTION('',(1.36E-15,-0.707106781187,-0.707106781187));
#12730 = DIRECTION('',(-1.,4.533347775863E-16,-2.376665222414E-15));
#12731 = ADVANCED_FACE('',(#12732),#12743,.F.);
#12732 = FACE_BOUND('',#12733,.F.);
#12733 = EDGE_LOOP('',(#12734,#12735,#12741,#12742));
#12734 = ORIENTED_EDGE('',*,*,#12140,.F.);
#12735 = ORIENTED_EDGE('',*,*,#12736,.F.);
#12736 = EDGE_CURVE('',#11997,#12141,#12737,.T.);
#12737 = LINE('',#12738,#12739);
#12738 = CARTESIAN_POINT('',(-1.2,1.247322696217,0.75));
#12739 = VECTOR('',#12740,1.);
#12740 = DIRECTION('',(-6.7E-16,-1.,5.6E-16));
#12741 = ORIENTED_EDGE('',*,*,#12004,.F.);
#12742 = ORIENTED_EDGE('',*,*,#12102,.T.);
#12743 = PLANE('',#12744);
#12744 = AXIS2_PLACEMENT_3D('',#12745,#12746,#12747);
#12745 = CARTESIAN_POINT('',(-1.2,0.774970099209,1.104489588366));
#12746 = DIRECTION('',(1.,-1.11E-15,-5.6E-16));
#12747 = DIRECTION('',(5.6E-16,-1.44E-15,1.));
#12748 = ADVANCED_FACE('',(#12749),#12760,.F.);
#12749 = FACE_BOUND('',#12750,.F.);
#12750 = EDGE_LOOP('',(#12751,#12752,#12753,#12754));
#12751 = ORIENTED_EDGE('',*,*,#11996,.F.);
#12752 = ORIENTED_EDGE('',*,*,#12736,.T.);
#12753 = ORIENTED_EDGE('',*,*,#12148,.F.);
#12754 = ORIENTED_EDGE('',*,*,#12755,.F.);
#12755 = EDGE_CURVE('',#11989,#12149,#12756,.T.);
#12756 = LINE('',#12757,#12758);
#12757 = CARTESIAN_POINT('',(-0.8,3.1,0.75));
#12758 = VECTOR('',#12759,1.);
#12759 = DIRECTION('',(8.9E-16,-1.,7.8E-16));
#12760 = PLANE('',#12761);
#12761 = AXIS2_PLACEMENT_3D('',#12762,#12763,#12764);
#12762 = CARTESIAN_POINT('',(-1.78E-15,1.719675293224,0.75));
#12763 = DIRECTION('',(-1.E-15,-5.6E-16,1.));
#12764 = DIRECTION('',(1.,-4.4E-16,1.E-15));
#12765 = ADVANCED_FACE('',(#12766),#12802,.F.);
#12766 = FACE_BOUND('',#12767,.F.);
#12767 = EDGE_LOOP('',(#12768,#12777,#12778,#12779,#12780,#12788,#12796)
  );
#12768 = ORIENTED_EDGE('',*,*,#12769,.F.);
#12769 = EDGE_CURVE('',#11981,#12770,#12772,.T.);
#12770 = VERTEX_POINT('',#12771);
#12771 = CARTESIAN_POINT('',(-0.8,2.600000000001,-5.E-15));
#12772 = CIRCLE('',#12773,0.5);
#12773 = AXIS2_PLACEMENT_3D('',#12774,#12775,#12776);
#12774 = CARTESIAN_POINT('',(-0.8,2.600000000001,0.5));
#12775 = DIRECTION('',(-1.,4.4E-16,-1.67E-15));
#12776 = DIRECTION('',(4.4E-16,1.,-2.33E-15));
#12777 = ORIENTED_EDGE('',*,*,#11988,.T.);
#12778 = ORIENTED_EDGE('',*,*,#12755,.T.);
#12779 = ORIENTED_EDGE('',*,*,#12156,.F.);
#12780 = ORIENTED_EDGE('',*,*,#12781,.F.);
#12781 = EDGE_CURVE('',#12782,#12157,#12784,.T.);
#12782 = VERTEX_POINT('',#12783);
#12783 = CARTESIAN_POINT('',(-0.8,0.85,0.6));
#12784 = LINE('',#12785,#12786);
#12785 = CARTESIAN_POINT('',(-0.8,1.65,0.6));
#12786 = VECTOR('',#12787,1.);
#12787 = DIRECTION('',(-6.7E-16,1.,-1.44E-15));
#12788 = ORIENTED_EDGE('',*,*,#12789,.F.);
#12789 = EDGE_CURVE('',#12790,#12782,#12792,.T.);
#12790 = VERTEX_POINT('',#12791);
#12791 = CARTESIAN_POINT('',(-0.8,0.85,-1.E-15));
#12792 = LINE('',#12793,#12794);
#12793 = CARTESIAN_POINT('',(-0.8,0.85,-5.7E-16));
#12794 = VECTOR('',#12795,1.);
#12795 = DIRECTION('',(-1.E-15,-3.3E-16,1.));
#12796 = ORIENTED_EDGE('',*,*,#12797,.F.);
#12797 = EDGE_CURVE('',#12770,#12790,#12798,.T.);
#12798 = LINE('',#12799,#12800);
#12799 = CARTESIAN_POINT('',(-0.8,3.1,-2.14E-15));
#12800 = VECTOR('',#12801,1.);
#12801 = DIRECTION('',(8.9E-16,-1.,7.8E-16));
#12802 = PLANE('',#12803);
#12803 = AXIS2_PLACEMENT_3D('',#12804,#12805,#12806);
#12804 = CARTESIAN_POINT('',(-0.8,3.1,-2.32E-15));
#12805 = DIRECTION('',(1.,-2.2E-16,1.1E-16));
#12806 = DIRECTION('',(-2.2E-16,-1.,7.8E-16));
#12807 = ADVANCED_FACE('',(#12808),#12827,.T.);
#12808 = FACE_BOUND('',#12809,.F.);
#12809 = EDGE_LOOP('',(#12810,#12811,#12819,#12826));
#12810 = ORIENTED_EDGE('',*,*,#12769,.T.);
#12811 = ORIENTED_EDGE('',*,*,#12812,.T.);
#12812 = EDGE_CURVE('',#12770,#12813,#12815,.T.);
#12813 = VERTEX_POINT('',#12814);
#12814 = CARTESIAN_POINT('',(0.8,2.600000000001,-4.E-15));
#12815 = LINE('',#12816,#12817);
#12816 = CARTESIAN_POINT('',(-1.2,2.600000000001,-4.57E-15));
#12817 = VECTOR('',#12818,1.);
#12818 = DIRECTION('',(1.,-1.11E-15,-2.8E-16));
#12819 = ORIENTED_EDGE('',*,*,#12820,.F.);
#12820 = EDGE_CURVE('',#11973,#12813,#12821,.T.);
#12821 = CIRCLE('',#12822,0.5);
#12822 = AXIS2_PLACEMENT_3D('',#12823,#12824,#12825);
#12823 = CARTESIAN_POINT('',(0.8,2.600000000001,0.5));
#12824 = DIRECTION('',(-1.,4.4E-16,-1.67E-15));
#12825 = DIRECTION('',(4.4E-16,1.,-2.33E-15));
#12826 = ORIENTED_EDGE('',*,*,#11980,.F.);
#12827 = CYLINDRICAL_SURFACE('',#12828,0.5);
#12828 = AXIS2_PLACEMENT_3D('',#12829,#12830,#12831);
#12829 = CARTESIAN_POINT('',(-1.2,2.600000000001,0.5));
#12830 = DIRECTION('',(-1.,8.9E-16,1.1E-16));
#12831 = DIRECTION('',(8.9E-16,1.,-1.89E-15));
#12832 = ADVANCED_FACE('',(#12833),#12844,.T.);
#12833 = FACE_BOUND('',#12834,.T.);
#12834 = EDGE_LOOP('',(#12835,#12836,#12837,#12843));
#12835 = ORIENTED_EDGE('',*,*,#12683,.F.);
#12836 = ORIENTED_EDGE('',*,*,#12196,.F.);
#12837 = ORIENTED_EDGE('',*,*,#12838,.F.);
#12838 = EDGE_CURVE('',#11949,#12189,#12839,.T.);
#12839 = LINE('',#12840,#12841);
#12840 = CARTESIAN_POINT('',(1.2,-1.112514950396,2.8));
#12841 = VECTOR('',#12842,1.);
#12842 = DIRECTION('',(4.4E-16,-1.,1.E-15));
#12843 = ORIENTED_EDGE('',*,*,#11948,.F.);
#12844 = PLANE('',#12845);
#12845 = AXIS2_PLACEMENT_3D('',#12846,#12847,#12848);
#12846 = CARTESIAN_POINT('',(2.4,-3.,2.8));
#12847 = DIRECTION('',(-1.44E-15,-7.8E-16,1.));
#12848 = DIRECTION('',(-1.,6.7E-16,-1.44E-15));
#12849 = ADVANCED_FACE('',(#12850),#12883,.T.);
#12850 = FACE_BOUND('',#12851,.T.);
#12851 = EDGE_LOOP('',(#12852,#12853,#12854,#12860,#12861,#12869,#12877)
  );
#12852 = ORIENTED_EDGE('',*,*,#12820,.F.);
#12853 = ORIENTED_EDGE('',*,*,#11972,.T.);
#12854 = ORIENTED_EDGE('',*,*,#12855,.T.);
#12855 = EDGE_CURVE('',#11965,#12173,#12856,.T.);
#12856 = LINE('',#12857,#12858);
#12857 = CARTESIAN_POINT('',(0.8,3.1,0.75));
#12858 = VECTOR('',#12859,1.);
#12859 = DIRECTION('',(8.9E-16,-1.,7.8E-16));
#12860 = ORIENTED_EDGE('',*,*,#12172,.F.);
#12861 = ORIENTED_EDGE('',*,*,#12862,.F.);
#12862 = EDGE_CURVE('',#12863,#12165,#12865,.T.);
#12863 = VERTEX_POINT('',#12864);
#12864 = CARTESIAN_POINT('',(0.8,0.85,0.6));
#12865 = LINE('',#12866,#12867);
#12866 = CARTESIAN_POINT('',(0.8,1.65,0.6));
#12867 = VECTOR('',#12868,1.);
#12868 = DIRECTION('',(-6.7E-16,1.,-1.44E-15));
#12869 = ORIENTED_EDGE('',*,*,#12870,.F.);
#12870 = EDGE_CURVE('',#12871,#12863,#12873,.T.);
#12871 = VERTEX_POINT('',#12872);
#12872 = CARTESIAN_POINT('',(0.8,0.85,-1.E-15));
#12873 = LINE('',#12874,#12875);
#12874 = CARTESIAN_POINT('',(0.8,0.85,-7.5E-16));
#12875 = VECTOR('',#12876,1.);
#12876 = DIRECTION('',(-1.E-15,-3.3E-16,1.));
#12877 = ORIENTED_EDGE('',*,*,#12878,.F.);
#12878 = EDGE_CURVE('',#12813,#12871,#12879,.T.);
#12879 = LINE('',#12880,#12881);
#12880 = CARTESIAN_POINT('',(0.8,3.1,-2.68E-15));
#12881 = VECTOR('',#12882,1.);
#12882 = DIRECTION('',(8.9E-16,-1.,7.8E-16));
#12883 = PLANE('',#12884);
#12884 = AXIS2_PLACEMENT_3D('',#12885,#12886,#12887);
#12885 = CARTESIAN_POINT('',(0.8,3.1,-2.5E-15));
#12886 = DIRECTION('',(1.,-2.2E-16,1.1E-16));
#12887 = DIRECTION('',(-2.2E-16,-1.,7.8E-16));
#12888 = ADVANCED_FACE('',(#12889),#12900,.T.);
#12889 = FACE_BOUND('',#12890,.T.);
#12890 = EDGE_LOOP('',(#12891,#12892,#12898,#12899));
#12891 = ORIENTED_EDGE('',*,*,#12188,.F.);
#12892 = ORIENTED_EDGE('',*,*,#12893,.F.);
#12893 = EDGE_CURVE('',#11957,#12181,#12894,.T.);
#12894 = LINE('',#12895,#12896);
#12895 = CARTESIAN_POINT('',(1.2,1.247322696217,0.75));
#12896 = VECTOR('',#12897,1.);
#12897 = DIRECTION('',(-6.7E-16,-1.,5.6E-16));
#12898 = ORIENTED_EDGE('',*,*,#11956,.F.);
#12899 = ORIENTED_EDGE('',*,*,#12838,.T.);
#12900 = PLANE('',#12901);
#12901 = AXIS2_PLACEMENT_3D('',#12902,#12903,#12904);
#12902 = CARTESIAN_POINT('',(1.2,0.774970099209,1.104489588366));
#12903 = DIRECTION('',(1.,-1.11E-15,-5.6E-16));
#12904 = DIRECTION('',(5.6E-16,-1.44E-15,1.));
#12905 = ADVANCED_FACE('',(#12906),#12912,.F.);
#12906 = FACE_BOUND('',#12907,.F.);
#12907 = EDGE_LOOP('',(#12908,#12909,#12910,#12911));
#12908 = ORIENTED_EDGE('',*,*,#12855,.T.);
#12909 = ORIENTED_EDGE('',*,*,#12180,.F.);
#12910 = ORIENTED_EDGE('',*,*,#12893,.F.);
#12911 = ORIENTED_EDGE('',*,*,#11964,.T.);
#12912 = PLANE('',#12913);
#12913 = AXIS2_PLACEMENT_3D('',#12914,#12915,#12916);
#12914 = CARTESIAN_POINT('',(-1.78E-15,1.719675293224,0.75));
#12915 = DIRECTION('',(-1.E-15,-5.6E-16,1.));
#12916 = DIRECTION('',(1.,-4.4E-16,1.E-15));
#12917 = ADVANCED_FACE('',(#12918),#12945,.T.);
#12918 = FACE_BOUND('',#12919,.T.);
#12919 = EDGE_LOOP('',(#12920,#12921,#12929,#12938));
#12920 = ORIENTED_EDGE('',*,*,#12012,.T.);
#12921 = ORIENTED_EDGE('',*,*,#12922,.T.);
#12922 = EDGE_CURVE('',#12015,#12923,#12925,.T.);
#12923 = VERTEX_POINT('',#12924);
#12924 = CARTESIAN_POINT('',(0.6,3.588840966857,1.254525522281));
#12925 = LINE('',#12926,#12927);
#12926 = CARTESIAN_POINT('',(0.6,2.991323630351,1.199999999993));
#12927 = VECTOR('',#12928,1.);
#12928 = DIRECTION('',(-2.5E-16,0.995862227502,9.087587047949E-02));
#12929 = ORIENTED_EDGE('',*,*,#12930,.T.);
#12930 = EDGE_CURVE('',#12923,#12931,#12933,.T.);
#12931 = VERTEX_POINT('',#12932);
#12932 = CARTESIAN_POINT('',(0.6,3.235125962887,2.120668839071));
#12933 = CIRCLE('',#12934,1.6);
#12934 = AXIS2_PLACEMENT_3D('',#12935,#12936,#12937);
#12935 = CARTESIAN_POINT('',(0.6,1.995461863956,1.109119076621));
#12936 = DIRECTION('',(1.,2.2E-16,3.3E-16));
#12937 = DIRECTION('',(-2.2E-16,1.,-3.3E-16));
#12938 = ORIENTED_EDGE('',*,*,#12939,.F.);
#12939 = EDGE_CURVE('',#12013,#12931,#12940,.T.);
#12940 = CIRCLE('',#12941,0.6);
#12941 = AXIS2_PLACEMENT_3D('',#12942,#12943,#12944);
#12942 = CARTESIAN_POINT('',(0.6,3.7,2.5));
#12943 = DIRECTION('',(1.,2.2E-16,3.3E-16));
#12944 = DIRECTION('',(-2.2E-16,1.,-3.3E-16));
#12945 = PLANE('',#12946);
#12946 = AXIS2_PLACEMENT_3D('',#12947,#12948,#12949);
#12947 = CARTESIAN_POINT('',(0.6,3.038884217096,1.863754103903));
#12948 = DIRECTION('',(1.,-4.4E-16,1.1E-16));
#12949 = DIRECTION('',(-1.1E-16,-1.1E-16,1.));
#12950 = ADVANCED_FACE('',(#12951),#12985,.F.);
#12951 = FACE_BOUND('',#12952,.F.);
#12952 = EDGE_LOOP('',(#12953,#12962,#12963,#12969,#12970,#12978));
#12953 = ORIENTED_EDGE('',*,*,#12954,.F.);
#12954 = EDGE_CURVE('',#12223,#12955,#12957,.T.);
#12955 = VERTEX_POINT('',#12956);
#12956 = CARTESIAN_POINT('',(0.6,2.770251925796,1.741337678159));
#12957 = CIRCLE('',#12958,1.2);
#12958 = AXIS2_PLACEMENT_3D('',#12959,#12960,#12961);
#12959 = CARTESIAN_POINT('',(0.6,3.7,2.5));
#12960 = DIRECTION('',(1.,2.2E-16,3.3E-16));
#12961 = DIRECTION('',(-2.2E-16,1.,-3.3E-16));
#12962 = ORIENTED_EDGE('',*,*,#12232,.F.);
#12963 = ORIENTED_EDGE('',*,*,#12964,.F.);
#12964 = EDGE_CURVE('',#12047,#12233,#12965,.T.);
#12965 = LINE('',#12966,#12967);
#12966 = CARTESIAN_POINT('',(0.6,3.1,1.));
#12967 = VECTOR('',#12968,1.);
#12968 = DIRECTION('',(5.6E-16,-1.,5.6E-16));
#12969 = ORIENTED_EDGE('',*,*,#12054,.F.);
#12970 = ORIENTED_EDGE('',*,*,#12971,.F.);
#12971 = EDGE_CURVE('',#12972,#12015,#12974,.T.);
#12972 = VERTEX_POINT('',#12973);
#12973 = CARTESIAN_POINT('',(0.6,2.991323630351,1.199999999993));
#12974 = LINE('',#12975,#12976);
#12975 = CARTESIAN_POINT('',(0.6,2.991323630351,1.199999999993));
#12976 = VECTOR('',#12977,1.);
#12977 = DIRECTION('',(-2.5E-16,0.995862227502,9.087587047949E-02));
#12978 = ORIENTED_EDGE('',*,*,#12979,.T.);
#12979 = EDGE_CURVE('',#12972,#12955,#12980,.T.);
#12980 = CIRCLE('',#12981,1.);
#12981 = AXIS2_PLACEMENT_3D('',#12982,#12983,#12984);
#12982 = CARTESIAN_POINT('',(0.6,1.995461863956,1.109119076621));
#12983 = DIRECTION('',(1.,2.2E-16,3.3E-16));
#12984 = DIRECTION('',(-2.2E-16,1.,-3.3E-16));
#12985 = PLANE('',#12986);
#12986 = AXIS2_PLACEMENT_3D('',#12987,#12988,#12989);
#12987 = CARTESIAN_POINT('',(0.6,2.8,1.75));
#12988 = DIRECTION('',(1.,-5.6E-16,0.));
#12989 = DIRECTION('',(-1.848E-31,-3.3E-16,1.));
#12990 = ADVANCED_FACE('',(#12991),#13002,.T.);
#12991 = FACE_BOUND('',#12992,.T.);
#12992 = EDGE_LOOP('',(#12993,#12994,#13000,#13001));
#12993 = ORIENTED_EDGE('',*,*,#12046,.T.);
#12994 = ORIENTED_EDGE('',*,*,#12995,.T.);
#12995 = EDGE_CURVE('',#12039,#12241,#12996,.T.);
#12996 = LINE('',#12997,#12998);
#12997 = CARTESIAN_POINT('',(-0.6,3.1,1.));
#12998 = VECTOR('',#12999,1.);
#12999 = DIRECTION('',(5.6E-16,-1.,5.6E-16));
#13000 = ORIENTED_EDGE('',*,*,#12240,.F.);
#13001 = ORIENTED_EDGE('',*,*,#12964,.F.);
#13002 = PLANE('',#13003);
#13003 = AXIS2_PLACEMENT_3D('',#13004,#13005,#13006);
#13004 = CARTESIAN_POINT('',(0.6,3.1,1.));
#13005 = DIRECTION('',(-7.2E-16,3.3E-16,1.));
#13006 = DIRECTION('',(1.1E-16,-1.,3.3E-16));
#13007 = ADVANCED_FACE('',(#13008),#13035,.F.);
#13008 = FACE_BOUND('',#13009,.F.);
#13009 = EDGE_LOOP('',(#13010,#13011,#13019,#13028));
#13010 = ORIENTED_EDGE('',*,*,#12030,.T.);
#13011 = ORIENTED_EDGE('',*,*,#13012,.T.);
#13012 = EDGE_CURVE('',#12031,#13013,#13015,.T.);
#13013 = VERTEX_POINT('',#13014);
#13014 = CARTESIAN_POINT('',(-0.6,3.588840966857,1.254525522281));
#13015 = LINE('',#13016,#13017);
#13016 = CARTESIAN_POINT('',(-0.6,2.991323630351,1.199999999993));
#13017 = VECTOR('',#13018,1.);
#13018 = DIRECTION('',(-2.5E-16,0.995862227502,9.087587047949E-02));
#13019 = ORIENTED_EDGE('',*,*,#13020,.T.);
#13020 = EDGE_CURVE('',#13013,#13021,#13023,.T.);
#13021 = VERTEX_POINT('',#13022);
#13022 = CARTESIAN_POINT('',(-0.6,3.235125962887,2.120668839071));
#13023 = CIRCLE('',#13024,1.6);
#13024 = AXIS2_PLACEMENT_3D('',#13025,#13026,#13027);
#13025 = CARTESIAN_POINT('',(-0.6,1.995461863956,1.109119076621));
#13026 = DIRECTION('',(1.,2.2E-16,3.3E-16));
#13027 = DIRECTION('',(-2.2E-16,1.,-3.3E-16));
#13028 = ORIENTED_EDGE('',*,*,#13029,.F.);
#13029 = EDGE_CURVE('',#12023,#13021,#13030,.T.);
#13030 = CIRCLE('',#13031,0.6);
#13031 = AXIS2_PLACEMENT_3D('',#13032,#13033,#13034);
#13032 = CARTESIAN_POINT('',(-0.6,3.7,2.5));
#13033 = DIRECTION('',(1.,2.2E-16,3.3E-16));
#13034 = DIRECTION('',(-2.2E-16,1.,-3.3E-16));
#13035 = PLANE('',#13036);
#13036 = AXIS2_PLACEMENT_3D('',#13037,#13038,#13039);
#13037 = CARTESIAN_POINT('',(-0.6,3.038884217096,1.863754103903));
#13038 = DIRECTION('',(1.,-4.4E-16,1.1E-16));
#13039 = DIRECTION('',(-1.1E-16,-1.1E-16,1.));
#13040 = ADVANCED_FACE('',(#13041),#13070,.T.);
#13041 = FACE_BOUND('',#13042,.T.);
#13042 = EDGE_LOOP('',(#13043,#13052,#13053,#13054,#13055,#13063));
#13043 = ORIENTED_EDGE('',*,*,#13044,.F.);
#13044 = EDGE_CURVE('',#12225,#13045,#13047,.T.);
#13045 = VERTEX_POINT('',#13046);
#13046 = CARTESIAN_POINT('',(-0.6,2.770251925796,1.741337678159));
#13047 = CIRCLE('',#13048,1.2);
#13048 = AXIS2_PLACEMENT_3D('',#13049,#13050,#13051);
#13049 = CARTESIAN_POINT('',(-0.6,3.7,2.5));
#13050 = DIRECTION('',(1.,2.2E-16,3.3E-16));
#13051 = DIRECTION('',(-2.2E-16,1.,-3.3E-16));
#13052 = ORIENTED_EDGE('',*,*,#12248,.F.);
#13053 = ORIENTED_EDGE('',*,*,#12995,.F.);
#13054 = ORIENTED_EDGE('',*,*,#12038,.F.);
#13055 = ORIENTED_EDGE('',*,*,#13056,.F.);
#13056 = EDGE_CURVE('',#13057,#12031,#13059,.T.);
#13057 = VERTEX_POINT('',#13058);
#13058 = CARTESIAN_POINT('',(-0.6,2.991323630351,1.199999999993));
#13059 = LINE('',#13060,#13061);
#13060 = CARTESIAN_POINT('',(-0.6,2.991323630351,1.199999999993));
#13061 = VECTOR('',#13062,1.);
#13062 = DIRECTION('',(-2.5E-16,0.995862227502,9.087587047949E-02));
#13063 = ORIENTED_EDGE('',*,*,#13064,.T.);
#13064 = EDGE_CURVE('',#13057,#13045,#13065,.T.);
#13065 = CIRCLE('',#13066,1.);
#13066 = AXIS2_PLACEMENT_3D('',#13067,#13068,#13069);
#13067 = CARTESIAN_POINT('',(-0.6,1.995461863956,1.109119076621));
#13068 = DIRECTION('',(1.,2.2E-16,3.3E-16));
#13069 = DIRECTION('',(-2.2E-16,1.,-3.3E-16));
#13070 = PLANE('',#13071);
#13071 = AXIS2_PLACEMENT_3D('',#13072,#13073,#13074);
#13072 = CARTESIAN_POINT('',(-0.6,2.8,1.75));
#13073 = DIRECTION('',(1.,-5.6E-16,0.));
#13074 = DIRECTION('',(-1.848E-31,-3.3E-16,1.));
#13075 = ADVANCED_FACE('',(#13076),#13087,.F.);
#13076 = FACE_BOUND('',#13077,.T.);
#13077 = EDGE_LOOP('',(#13078,#13079,#13080,#13086));
#13078 = ORIENTED_EDGE('',*,*,#12022,.F.);
#13079 = ORIENTED_EDGE('',*,*,#12939,.T.);
#13080 = ORIENTED_EDGE('',*,*,#13081,.F.);
#13081 = EDGE_CURVE('',#13021,#12931,#13082,.T.);
#13082 = LINE('',#13083,#13084);
#13083 = CARTESIAN_POINT('',(-0.6,3.235125962887,2.120668839071));
#13084 = VECTOR('',#13085,1.);
#13085 = DIRECTION('',(1.,-4.4E-16,3.9E-16));
#13086 = ORIENTED_EDGE('',*,*,#13029,.F.);
#13087 = CYLINDRICAL_SURFACE('',#13088,0.6);
#13088 = AXIS2_PLACEMENT_3D('',#13089,#13090,#13091);
#13089 = CARTESIAN_POINT('',(-0.6,3.7,2.5));
#13090 = DIRECTION('',(-1.,2.2E-16,-5.6E-16));
#13091 = DIRECTION('',(2.2E-16,1.,-5.6E-16));
#13092 = ADVANCED_FACE('',(#13093),#13136,.T.);
#13093 = FACE_BOUND('',#13094,.T.);
#13094 = EDGE_LOOP('',(#13095,#13103,#13111,#13119,#13127,#13133,#13134,
    #13135));
#13095 = ORIENTED_EDGE('',*,*,#13096,.F.);
#13096 = EDGE_CURVE('',#13097,#12782,#13099,.T.);
#13097 = VERTEX_POINT('',#13098);
#13098 = CARTESIAN_POINT('',(-0.45,0.5,0.6));
#13099 = LINE('',#13100,#13101);
#13100 = CARTESIAN_POINT('',(-0.7375,0.7875,0.6));
#13101 = VECTOR('',#13102,1.);
#13102 = DIRECTION('',(-0.707106781187,0.707106781187,-2.08E-15));
#13103 = ORIENTED_EDGE('',*,*,#13104,.T.);
#13104 = EDGE_CURVE('',#13097,#13105,#13107,.T.);
#13105 = VERTEX_POINT('',#13106);
#13106 = CARTESIAN_POINT('',(-0.45,0.2,0.6));
#13107 = LINE('',#13108,#13109);
#13108 = CARTESIAN_POINT('',(-0.45,-0.4,0.6));
#13109 = VECTOR('',#13110,1.);
#13110 = DIRECTION('',(1.67E-15,-1.,1.78E-15));
#13111 = ORIENTED_EDGE('',*,*,#13112,.T.);
#13112 = EDGE_CURVE('',#13105,#13113,#13115,.T.);
#13113 = VERTEX_POINT('',#13114);
#13114 = CARTESIAN_POINT('',(0.45,0.2,0.6));
#13115 = LINE('',#13116,#13117);
#13116 = CARTESIAN_POINT('',(-1.2,0.2,0.6));
#13117 = VECTOR('',#13118,1.);
#13118 = DIRECTION('',(1.,-1.11E-15,-2.8E-16));
#13119 = ORIENTED_EDGE('',*,*,#13120,.F.);
#13120 = EDGE_CURVE('',#13121,#13113,#13123,.T.);
#13121 = VERTEX_POINT('',#13122);
#13122 = CARTESIAN_POINT('',(0.45,0.5,0.6));
#13123 = LINE('',#13124,#13125);
#13124 = CARTESIAN_POINT('',(0.45,-0.4,0.6));
#13125 = VECTOR('',#13126,1.);
#13126 = DIRECTION('',(1.67E-15,-1.,1.78E-15));
#13127 = ORIENTED_EDGE('',*,*,#13128,.T.);
#13128 = EDGE_CURVE('',#13121,#12863,#13129,.T.);
#13129 = LINE('',#13130,#13131);
#13130 = CARTESIAN_POINT('',(0.1375,0.1875,0.6));
#13131 = VECTOR('',#13132,1.);
#13132 = DIRECTION('',(0.707106781187,0.707106781187,4.E-17));
#13133 = ORIENTED_EDGE('',*,*,#12862,.T.);
#13134 = ORIENTED_EDGE('',*,*,#12164,.F.);
#13135 = ORIENTED_EDGE('',*,*,#12781,.F.);
#13136 = PLANE('',#13137);
#13137 = AXIS2_PLACEMENT_3D('',#13138,#13139,#13140);
#13138 = CARTESIAN_POINT('',(-1.2,0.2,0.6));
#13139 = DIRECTION('',(-2.39E-15,-7.8E-16,1.));
#13140 = DIRECTION('',(-1.78E-15,1.,7.8E-16));
#13141 = ADVANCED_FACE('',(#13142),#13153,.T.);
#13142 = FACE_BOUND('',#13143,.F.);
#13143 = EDGE_LOOP('',(#13144,#13145,#13146,#13152));
#13144 = ORIENTED_EDGE('',*,*,#12222,.F.);
#13145 = ORIENTED_EDGE('',*,*,#12954,.T.);
#13146 = ORIENTED_EDGE('',*,*,#13147,.F.);
#13147 = EDGE_CURVE('',#13045,#12955,#13148,.T.);
#13148 = LINE('',#13149,#13150);
#13149 = CARTESIAN_POINT('',(-0.6,2.770251925796,1.741337678159));
#13150 = VECTOR('',#13151,1.);
#13151 = DIRECTION('',(1.,-4.4E-16,3.9E-16));
#13152 = ORIENTED_EDGE('',*,*,#13044,.F.);
#13153 = CYLINDRICAL_SURFACE('',#13154,1.2);
#13154 = AXIS2_PLACEMENT_3D('',#13155,#13156,#13157);
#13155 = CARTESIAN_POINT('',(-0.6,3.7,2.5));
#13156 = DIRECTION('',(-1.,2.2E-16,-5.6E-16));
#13157 = DIRECTION('',(2.2E-16,1.,-5.6E-16));
#13158 = ADVANCED_FACE('',(#13159),#13202,.F.);
#13159 = FACE_BOUND('',#13160,.F.);
#13160 = EDGE_LOOP('',(#13161,#13169,#13177,#13185,#13193,#13199,#13200,
    #13201));
#13161 = ORIENTED_EDGE('',*,*,#13162,.T.);
#13162 = EDGE_CURVE('',#12790,#13163,#13165,.T.);
#13163 = VERTEX_POINT('',#13164);
#13164 = CARTESIAN_POINT('',(-0.45,0.5,-2.E-15));
#13165 = LINE('',#13166,#13167);
#13166 = CARTESIAN_POINT('',(-0.8,0.85,-3.9E-16));
#13167 = VECTOR('',#13168,1.);
#13168 = DIRECTION('',(0.707106781187,-0.707106781187,3.1E-16));
#13169 = ORIENTED_EDGE('',*,*,#13170,.T.);
#13170 = EDGE_CURVE('',#13163,#13171,#13173,.T.);
#13171 = VERTEX_POINT('',#13172);
#13172 = CARTESIAN_POINT('',(-0.45,0.3,-1.E-15));
#13173 = LINE('',#13174,#13175);
#13174 = CARTESIAN_POINT('',(-0.45,-0.35,7.8E-16));
#13175 = VECTOR('',#13176,1.);
#13176 = DIRECTION('',(1.67E-15,-1.,1.78E-15));
#13177 = ORIENTED_EDGE('',*,*,#13178,.T.);
#13178 = EDGE_CURVE('',#13171,#13179,#13181,.T.);
#13179 = VERTEX_POINT('',#13180);
#13180 = CARTESIAN_POINT('',(0.45,0.3,0.));
#13181 = LINE('',#13182,#13183);
#13182 = CARTESIAN_POINT('',(-1.2,0.3,-2.3E-16));
#13183 = VECTOR('',#13184,1.);
#13184 = DIRECTION('',(1.,-1.11E-15,-2.8E-16));
#13185 = ORIENTED_EDGE('',*,*,#13186,.F.);
#13186 = EDGE_CURVE('',#13187,#13179,#13189,.T.);
#13187 = VERTEX_POINT('',#13188);
#13188 = CARTESIAN_POINT('',(0.45,0.5,-1.E-15));
#13189 = LINE('',#13190,#13191);
#13190 = CARTESIAN_POINT('',(0.45,-0.35,8.8E-16));
#13191 = VECTOR('',#13192,1.);
#13192 = DIRECTION('',(1.67E-15,-1.,1.78E-15));
#13193 = ORIENTED_EDGE('',*,*,#13194,.F.);
#13194 = EDGE_CURVE('',#12871,#13187,#13195,.T.);
#13195 = LINE('',#13196,#13197);
#13196 = CARTESIAN_POINT('',(0.8,0.85,-9.3E-16));
#13197 = VECTOR('',#13198,1.);
#13198 = DIRECTION('',(-0.707106781187,-0.707106781187,7.9E-16));
#13199 = ORIENTED_EDGE('',*,*,#12878,.F.);
#13200 = ORIENTED_EDGE('',*,*,#12812,.F.);
#13201 = ORIENTED_EDGE('',*,*,#12797,.T.);
#13202 = PLANE('',#13203);
#13203 = AXIS2_PLACEMENT_3D('',#13204,#13205,#13206);
#13204 = CARTESIAN_POINT('',(-1.2,0.3,-2.3E-16));
#13205 = DIRECTION('',(-2.39E-15,-7.8E-16,1.));
#13206 = DIRECTION('',(-1.78E-15,1.,7.8E-16));
#13207 = ADVANCED_FACE('',(#13208),#13219,.F.);
#13208 = FACE_BOUND('',#13209,.F.);
#13209 = EDGE_LOOP('',(#13210,#13211,#13212,#13213));
#13210 = ORIENTED_EDGE('',*,*,#13162,.F.);
#13211 = ORIENTED_EDGE('',*,*,#12789,.T.);
#13212 = ORIENTED_EDGE('',*,*,#13096,.F.);
#13213 = ORIENTED_EDGE('',*,*,#13214,.T.);
#13214 = EDGE_CURVE('',#13097,#13163,#13215,.T.);
#13215 = LINE('',#13216,#13217);
#13216 = CARTESIAN_POINT('',(-0.45,0.5,0.75));
#13217 = VECTOR('',#13218,1.);
#13218 = DIRECTION('',(2.E-15,1.44E-15,-1.));
#13219 = PLANE('',#13220);
#13220 = AXIS2_PLACEMENT_3D('',#13221,#13222,#13223);
#13221 = CARTESIAN_POINT('',(-0.8,0.85,-5.7E-16));
#13222 = DIRECTION('',(0.707106781187,0.707106781187,-3.1E-16));
#13223 = DIRECTION('',(0.707106781187,-0.707106781187,4.7E-16));
#13224 = ADVANCED_FACE('',(#13225),#13236,.T.);
#13225 = FACE_BOUND('',#13226,.T.);
#13226 = EDGE_LOOP('',(#13227,#13228,#13229,#13230));
#13227 = ORIENTED_EDGE('',*,*,#13194,.F.);
#13228 = ORIENTED_EDGE('',*,*,#12870,.T.);
#13229 = ORIENTED_EDGE('',*,*,#13128,.F.);
#13230 = ORIENTED_EDGE('',*,*,#13231,.T.);
#13231 = EDGE_CURVE('',#13121,#13187,#13232,.T.);
#13232 = LINE('',#13233,#13234);
#13233 = CARTESIAN_POINT('',(0.45,0.5,0.75));
#13234 = VECTOR('',#13235,1.);
#13235 = DIRECTION('',(2.E-15,1.44E-15,-1.));
#13236 = PLANE('',#13237);
#13237 = AXIS2_PLACEMENT_3D('',#13238,#13239,#13240);
#13238 = CARTESIAN_POINT('',(0.8,0.85,-7.5E-16));
#13239 = DIRECTION('',(0.707106781187,-0.707106781187,4.7E-16));
#13240 = DIRECTION('',(-0.707106781187,-0.707106781187,6.3E-16));
#13241 = ADVANCED_FACE('',(#13242),#13253,.T.);
#13242 = FACE_BOUND('',#13243,.F.);
#13243 = EDGE_LOOP('',(#13244,#13250,#13251,#13252));
#13244 = ORIENTED_EDGE('',*,*,#13245,.T.);
#13245 = EDGE_CURVE('',#13013,#12923,#13246,.T.);
#13246 = LINE('',#13247,#13248);
#13247 = CARTESIAN_POINT('',(-0.6,3.588840966857,1.254525522281));
#13248 = VECTOR('',#13249,1.);
#13249 = DIRECTION('',(1.,-4.4E-16,3.9E-16));
#13250 = ORIENTED_EDGE('',*,*,#12930,.T.);
#13251 = ORIENTED_EDGE('',*,*,#13081,.F.);
#13252 = ORIENTED_EDGE('',*,*,#13020,.F.);
#13253 = CYLINDRICAL_SURFACE('',#13254,1.6);
#13254 = AXIS2_PLACEMENT_3D('',#13255,#13256,#13257);
#13255 = CARTESIAN_POINT('',(-0.6,1.995461863956,1.109119076621));
#13256 = DIRECTION('',(-1.,2.2E-16,-5.6E-16));
#13257 = DIRECTION('',(2.2E-16,1.,-5.6E-16));
#13258 = ADVANCED_FACE('',(#13259),#13272,.F.);
#13259 = FACE_BOUND('',#13260,.F.);
#13260 = EDGE_LOOP('',(#13261,#13267,#13268,#13269,#13270,#13271));
#13261 = ORIENTED_EDGE('',*,*,#13262,.T.);
#13262 = EDGE_CURVE('',#13057,#12972,#13263,.T.);
#13263 = LINE('',#13264,#13265);
#13264 = CARTESIAN_POINT('',(-0.6,2.991323630351,1.199999999993));
#13265 = VECTOR('',#13266,1.);
#13266 = DIRECTION('',(1.,-4.4E-16,3.9E-16));
#13267 = ORIENTED_EDGE('',*,*,#12971,.T.);
#13268 = ORIENTED_EDGE('',*,*,#12922,.T.);
#13269 = ORIENTED_EDGE('',*,*,#13245,.F.);
#13270 = ORIENTED_EDGE('',*,*,#13012,.F.);
#13271 = ORIENTED_EDGE('',*,*,#13056,.F.);
#13272 = PLANE('',#13273);
#13273 = AXIS2_PLACEMENT_3D('',#13274,#13275,#13276);
#13274 = CARTESIAN_POINT('',(-0.6,2.991323630351,1.199999999993));
#13275 = DIRECTION('',(-4.3E-16,-9.087587047949E-02,0.995862227502));
#13276 = DIRECTION('',(1.7E-16,0.995862227502,9.087587047949E-02));
#13277 = ADVANCED_FACE('',(#13278),#13284,.F.);
#13278 = FACE_BOUND('',#13279,.T.);
#13279 = EDGE_LOOP('',(#13280,#13281,#13282,#13283));
#13280 = ORIENTED_EDGE('',*,*,#13262,.T.);
#13281 = ORIENTED_EDGE('',*,*,#12979,.T.);
#13282 = ORIENTED_EDGE('',*,*,#13147,.F.);
#13283 = ORIENTED_EDGE('',*,*,#13064,.F.);
#13284 = CYLINDRICAL_SURFACE('',#13285,1.);
#13285 = AXIS2_PLACEMENT_3D('',#13286,#13287,#13288);
#13286 = CARTESIAN_POINT('',(-0.6,1.995461863956,1.109119076621));
#13287 = DIRECTION('',(-1.,2.2E-16,-5.6E-16));
#13288 = DIRECTION('',(2.2E-16,1.,-5.6E-16));
#13289 = ADVANCED_FACE('',(#13290),#13326,.F.);
#13290 = FACE_BOUND('',#13291,.F.);
#13291 = EDGE_LOOP('',(#13292,#13293,#13294,#13295,#13303,#13311,#13319)
  );
#13292 = ORIENTED_EDGE('',*,*,#13120,.F.);
#13293 = ORIENTED_EDGE('',*,*,#13231,.T.);
#13294 = ORIENTED_EDGE('',*,*,#13186,.T.);
#13295 = ORIENTED_EDGE('',*,*,#13296,.F.);
#13296 = EDGE_CURVE('',#13297,#13179,#13299,.T.);
#13297 = VERTEX_POINT('',#13298);
#13298 = CARTESIAN_POINT('',(0.45,0.3,-3.));
#13299 = LINE('',#13300,#13301);
#13300 = CARTESIAN_POINT('',(0.45,0.3,0.375));
#13301 = VECTOR('',#13302,1.);
#13302 = DIRECTION('',(-2.E-15,-4.4E-16,1.));
#13303 = ORIENTED_EDGE('',*,*,#13304,.F.);
#13304 = EDGE_CURVE('',#13305,#13297,#13307,.T.);
#13305 = VERTEX_POINT('',#13306);
#13306 = CARTESIAN_POINT('',(0.45,-0.3,-3.));
#13307 = LINE('',#13308,#13309);
#13308 = CARTESIAN_POINT('',(0.45,-1.,-3.));
#13309 = VECTOR('',#13310,1.);
#13310 = DIRECTION('',(-1.67E-15,1.,-1.22E-15));
#13311 = ORIENTED_EDGE('',*,*,#13312,.F.);
#13312 = EDGE_CURVE('',#13313,#13305,#13315,.T.);
#13313 = VERTEX_POINT('',#13314);
#13314 = CARTESIAN_POINT('',(0.45,-0.3,0.1));
#13315 = LINE('',#13316,#13317);
#13316 = CARTESIAN_POINT('',(0.45,-0.3,-1.425));
#13317 = VECTOR('',#13318,1.);
#13318 = DIRECTION('',(2.E-15,4.4E-16,-1.));
#13319 = ORIENTED_EDGE('',*,*,#13320,.T.);
#13320 = EDGE_CURVE('',#13313,#13113,#13321,.T.);
#13321 = CIRCLE('',#13322,0.5);
#13322 = AXIS2_PLACEMENT_3D('',#13323,#13324,#13325);
#13323 = CARTESIAN_POINT('',(0.45,0.2,0.1));
#13324 = DIRECTION('',(-1.,-1.22E-15,-2.33E-15));
#13325 = DIRECTION('',(-1.22E-15,1.,-2.E-15));
#13326 = PLANE('',#13327);
#13327 = AXIS2_PLACEMENT_3D('',#13328,#13329,#13330);
#13328 = CARTESIAN_POINT('',(0.45,-1.,0.75));
#13329 = DIRECTION('',(-1.,5.6E-16,2.2E-16));
#13330 = DIRECTION('',(-2.2E-16,1.22E-15,-1.));
#13331 = ADVANCED_FACE('',(#13332),#13351,.T.);
#13332 = FACE_BOUND('',#13333,.F.);
#13333 = EDGE_LOOP('',(#13334,#13343,#13344,#13345));
#13334 = ORIENTED_EDGE('',*,*,#13335,.T.);
#13335 = EDGE_CURVE('',#13336,#13105,#13338,.T.);
#13336 = VERTEX_POINT('',#13337);
#13337 = CARTESIAN_POINT('',(-0.45,-0.3,0.1));
#13338 = CIRCLE('',#13339,0.5);
#13339 = AXIS2_PLACEMENT_3D('',#13340,#13341,#13342);
#13340 = CARTESIAN_POINT('',(-0.45,0.2,1.E-01));
#13341 = DIRECTION('',(-1.,-1.22E-15,-2.33E-15));
#13342 = DIRECTION('',(-1.22E-15,1.,-2.E-15));
#13343 = ORIENTED_EDGE('',*,*,#13112,.T.);
#13344 = ORIENTED_EDGE('',*,*,#13320,.F.);
#13345 = ORIENTED_EDGE('',*,*,#13346,.F.);
#13346 = EDGE_CURVE('',#13336,#13313,#13347,.T.);
#13347 = LINE('',#13348,#13349);
#13348 = CARTESIAN_POINT('',(-1.2,-0.3,0.1));
#13349 = VECTOR('',#13350,1.);
#13350 = DIRECTION('',(1.,-1.11E-15,-2.8E-16));
#13351 = CYLINDRICAL_SURFACE('',#13352,0.5);
#13352 = AXIS2_PLACEMENT_3D('',#13353,#13354,#13355);
#13353 = CARTESIAN_POINT('',(-1.2,0.2,0.1));
#13354 = DIRECTION('',(-1.,8.9E-16,1.1E-16));
#13355 = DIRECTION('',(8.9E-16,1.,-1.89E-15));
#13356 = ADVANCED_FACE('',(#13357),#13385,.T.);
#13357 = FACE_BOUND('',#13358,.T.);
#13358 = EDGE_LOOP('',(#13359,#13360,#13361,#13362,#13370,#13378,#13384)
  );
#13359 = ORIENTED_EDGE('',*,*,#13104,.F.);
#13360 = ORIENTED_EDGE('',*,*,#13214,.T.);
#13361 = ORIENTED_EDGE('',*,*,#13170,.T.);
#13362 = ORIENTED_EDGE('',*,*,#13363,.F.);
#13363 = EDGE_CURVE('',#13364,#13171,#13366,.T.);
#13364 = VERTEX_POINT('',#13365);
#13365 = CARTESIAN_POINT('',(-0.45,0.3,-3.));
#13366 = LINE('',#13367,#13368);
#13367 = CARTESIAN_POINT('',(-0.45,0.3,0.375));
#13368 = VECTOR('',#13369,1.);
#13369 = DIRECTION('',(-2.E-15,-4.4E-16,1.));
#13370 = ORIENTED_EDGE('',*,*,#13371,.F.);
#13371 = EDGE_CURVE('',#13372,#13364,#13374,.T.);
#13372 = VERTEX_POINT('',#13373);
#13373 = CARTESIAN_POINT('',(-0.45,-0.3,-3.));
#13374 = LINE('',#13375,#13376);
#13375 = CARTESIAN_POINT('',(-0.45,-1.,-3.));
#13376 = VECTOR('',#13377,1.);
#13377 = DIRECTION('',(-1.67E-15,1.,-1.22E-15));
#13378 = ORIENTED_EDGE('',*,*,#13379,.F.);
#13379 = EDGE_CURVE('',#13336,#13372,#13380,.T.);
#13380 = LINE('',#13381,#13382);
#13381 = CARTESIAN_POINT('',(-0.45,-0.3,-1.425));
#13382 = VECTOR('',#13383,1.);
#13383 = DIRECTION('',(2.E-15,4.4E-16,-1.));
#13384 = ORIENTED_EDGE('',*,*,#13335,.T.);
#13385 = PLANE('',#13386);
#13386 = AXIS2_PLACEMENT_3D('',#13387,#13388,#13389);
#13387 = CARTESIAN_POINT('',(-0.45,-1.,0.75));
#13388 = DIRECTION('',(-1.,5.6E-16,2.2E-16));
#13389 = DIRECTION('',(-2.2E-16,1.22E-15,-1.));
#13390 = ADVANCED_FACE('',(#13391),#13418,.T.);
#13391 = FACE_BOUND('',#13392,.T.);
#13392 = EDGE_LOOP('',(#13393,#13394,#13395,#13396,#13404,#13412));
#13393 = ORIENTED_EDGE('',*,*,#13363,.T.);
#13394 = ORIENTED_EDGE('',*,*,#13178,.T.);
#13395 = ORIENTED_EDGE('',*,*,#13296,.F.);
#13396 = ORIENTED_EDGE('',*,*,#13397,.F.);
#13397 = EDGE_CURVE('',#13398,#13297,#13400,.T.);
#13398 = VERTEX_POINT('',#13399);
#13399 = CARTESIAN_POINT('',(0.201471862576,0.3,-3.6));
#13400 = LINE('',#13401,#13402);
#13401 = CARTESIAN_POINT('',(0.859511633129,0.3,-2.01135146135));
#13402 = VECTOR('',#13403,1.);
#13403 = DIRECTION('',(0.382683432365,-7.9E-16,0.923879532511));
#13404 = ORIENTED_EDGE('',*,*,#13405,.F.);
#13405 = EDGE_CURVE('',#13406,#13398,#13408,.T.);
#13406 = VERTEX_POINT('',#13407);
#13407 = CARTESIAN_POINT('',(-0.201471862576,0.3,-3.6));
#13408 = LINE('',#13409,#13410);
#13409 = CARTESIAN_POINT('',(-1.2,0.3,-3.6));
#13410 = VECTOR('',#13411,1.);
#13411 = DIRECTION('',(1.,-1.11E-15,-2.8E-16));
#13412 = ORIENTED_EDGE('',*,*,#13413,.T.);
#13413 = EDGE_CURVE('',#13406,#13364,#13414,.T.);
#13414 = LINE('',#13415,#13416);
#13415 = CARTESIAN_POINT('',(-1.035247564417,0.3,-1.587087392638));
#13416 = VECTOR('',#13417,1.);
#13417 = DIRECTION('',(-0.382683432365,-3.E-17,0.923879532511));
#13418 = PLANE('',#13419);
#13419 = AXIS2_PLACEMENT_3D('',#13420,#13421,#13422);
#13420 = CARTESIAN_POINT('',(-1.2,0.3,-2.3E-16));
#13421 = DIRECTION('',(-1.55E-15,1.,-1.67E-15));
#13422 = DIRECTION('',(2.55E-15,-1.67E-15,-1.));
#13423 = ADVANCED_FACE('',(#13424),#13451,.T.);
#13424 = FACE_BOUND('',#13425,.T.);
#13425 = EDGE_LOOP('',(#13426,#13434,#13442,#13448,#13449,#13450));
#13426 = ORIENTED_EDGE('',*,*,#13427,.T.);
#13427 = EDGE_CURVE('',#13372,#13428,#13430,.T.);
#13428 = VERTEX_POINT('',#13429);
#13429 = CARTESIAN_POINT('',(-0.201471862576,-0.3,-3.6));
#13430 = LINE('',#13431,#13432);
#13431 = CARTESIAN_POINT('',(-0.39885146135,-0.3,-3.123483495706));
#13432 = VECTOR('',#13433,1.);
#13433 = DIRECTION('',(0.382683432365,3.E-17,-0.923879532511));
#13434 = ORIENTED_EDGE('',*,*,#13435,.T.);
#13435 = EDGE_CURVE('',#13428,#13436,#13438,.T.);
#13436 = VERTEX_POINT('',#13437);
#13437 = CARTESIAN_POINT('',(0.201471862576,-0.3,-3.6));
#13438 = LINE('',#13439,#13440);
#13439 = CARTESIAN_POINT('',(-1.2,-0.3,-3.6));
#13440 = VECTOR('',#13441,1.);
#13441 = DIRECTION('',(1.,-1.11E-15,-2.8E-16));
#13442 = ORIENTED_EDGE('',*,*,#13443,.F.);
#13443 = EDGE_CURVE('',#13305,#13436,#13444,.T.);
#13444 = LINE('',#13445,#13446);
#13445 = CARTESIAN_POINT('',(0.223115530061,-0.3,-3.547747564417));
#13446 = VECTOR('',#13447,1.);
#13447 = DIRECTION('',(-0.382683432365,7.9E-16,-0.923879532511));
#13448 = ORIENTED_EDGE('',*,*,#13312,.F.);
#13449 = ORIENTED_EDGE('',*,*,#13346,.F.);
#13450 = ORIENTED_EDGE('',*,*,#13379,.T.);
#13451 = PLANE('',#13452);
#13452 = AXIS2_PLACEMENT_3D('',#13453,#13454,#13455);
#13453 = CARTESIAN_POINT('',(-1.2,-0.3,-3.6));
#13454 = DIRECTION('',(1.55E-15,-1.,1.67E-15));
#13455 = DIRECTION('',(-2.55E-15,1.67E-15,1.));
#13456 = ADVANCED_FACE('',(#13457),#13468,.F.);
#13457 = FACE_BOUND('',#13458,.F.);
#13458 = EDGE_LOOP('',(#13459,#13460,#13461,#13462));
#13459 = ORIENTED_EDGE('',*,*,#13443,.F.);
#13460 = ORIENTED_EDGE('',*,*,#13304,.T.);
#13461 = ORIENTED_EDGE('',*,*,#13397,.F.);
#13462 = ORIENTED_EDGE('',*,*,#13463,.F.);
#13463 = EDGE_CURVE('',#13436,#13398,#13464,.T.);
#13464 = LINE('',#13465,#13466);
#13465 = CARTESIAN_POINT('',(0.201471862576,-1.,-3.6));
#13466 = VECTOR('',#13467,1.);
#13467 = DIRECTION('',(-1.67E-15,1.,-1.22E-15));
#13468 = PLANE('',#13469);
#13469 = AXIS2_PLACEMENT_3D('',#13470,#13471,#13472);
#13470 = CARTESIAN_POINT('',(0.45,-1.,-3.));
#13471 = DIRECTION('',(-0.923879532511,1.3E-16,0.382683432365));
#13472 = DIRECTION('',(-0.382683432365,1.43E-15,-0.923879532511));
#13473 = ADVANCED_FACE('',(#13474),#13485,.T.);
#13474 = FACE_BOUND('',#13475,.T.);
#13475 = EDGE_LOOP('',(#13476,#13477,#13478,#13479));
#13476 = ORIENTED_EDGE('',*,*,#13427,.F.);
#13477 = ORIENTED_EDGE('',*,*,#13371,.T.);
#13478 = ORIENTED_EDGE('',*,*,#13413,.F.);
#13479 = ORIENTED_EDGE('',*,*,#13480,.F.);
#13480 = EDGE_CURVE('',#13428,#13406,#13481,.T.);
#13481 = LINE('',#13482,#13483);
#13482 = CARTESIAN_POINT('',(-0.201471862576,-1.,-3.6));
#13483 = VECTOR('',#13484,1.);
#13484 = DIRECTION('',(-1.67E-15,1.,-1.22E-15));
#13485 = PLANE('',#13486);
#13486 = AXIS2_PLACEMENT_3D('',#13487,#13488,#13489);
#13487 = CARTESIAN_POINT('',(-0.45,-1.,-3.));
#13488 = DIRECTION('',(-0.923879532511,9.E-16,-0.382683432365));
#13489 = DIRECTION('',(0.382683432365,8.3E-16,-0.923879532511));
#13490 = ADVANCED_FACE('',(#13491),#13497,.T.);
#13491 = FACE_BOUND('',#13492,.T.);
#13492 = EDGE_LOOP('',(#13493,#13494,#13495,#13496));
#13493 = ORIENTED_EDGE('',*,*,#13480,.T.);
#13494 = ORIENTED_EDGE('',*,*,#13405,.T.);
#13495 = ORIENTED_EDGE('',*,*,#13463,.F.);
#13496 = ORIENTED_EDGE('',*,*,#13435,.F.);
#13497 = PLANE('',#13498);
#13498 = AXIS2_PLACEMENT_3D('',#13499,#13500,#13501);
#13499 = CARTESIAN_POINT('',(-1.2,0.3,-3.6));
#13500 = DIRECTION('',(2.39E-15,7.8E-16,-1.));
#13501 = DIRECTION('',(1.78E-15,-1.,-7.8E-16));
#13502 = ( GEOMETRIC_REPRESENTATION_CONTEXT(3) 
GLOBAL_UNCERTAINTY_ASSIGNED_CONTEXT((#13506)) 
GLOBAL_UNIT_ASSIGNED_CONTEXT((#13503,#13504,#13505)) 
REPRESENTATION_CONTEXT('Context #1',
  '3D Context with UNIT and UNCERTAINTY') );
#13503 = ( LENGTH_UNIT() NAMED_UNIT(*) SI_UNIT(.MILLI.,.METRE.) );
#13504 = ( NAMED_UNIT(*) PLANE_ANGLE_UNIT() SI_UNIT($,.RADIAN.) );
#13505 = ( NAMED_UNIT(*) SI_UNIT($,.STERADIAN.) SOLID_ANGLE_UNIT() );
#13506 = UNCERTAINTY_MEASURE_WITH_UNIT(LENGTH_MEASURE(2.E-07),#13503,
  'distance_accuracy_value','confusion accuracy');
#13507 = CONTEXT_DEPENDENT_SHAPE_REPRESENTATION(#13508,#13510);
#13508 = ( REPRESENTATION_RELATIONSHIP('','',#11587,#10) 
REPRESENTATION_RELATIONSHIP_WITH_TRANSFORMATION(#13509) 
SHAPE_REPRESENTATION_RELATIONSHIP() );
#13509 = ITEM_DEFINED_TRANSFORMATION('','',#11,#43);
#13510 = PRODUCT_DEFINITION_SHAPE('Placement','Placement of an item',
  #13511);
#13511 = NEXT_ASSEMBLY_USAGE_OCCURRENCE('488','Body038','',#5,#11582,$);
#13512 = PRODUCT_RELATED_PRODUCT_CATEGORY('part',$,(#11584));
#13513 = SHAPE_DEFINITION_REPRESENTATION(#13514,#13520);
#13514 = PRODUCT_DEFINITION_SHAPE('','',#13515);
#13515 = PRODUCT_DEFINITION('design','',#13516,#13519);
#13516 = PRODUCT_DEFINITION_FORMATION('','',#13517);
#13517 = PRODUCT('Body039','Body039','',(#13518));
#13518 = PRODUCT_CONTEXT('',#2,'mechanical');
#13519 = PRODUCT_DEFINITION_CONTEXT('part definition',#2,'design');
#13520 = ADVANCED_BREP_SHAPE_REPRESENTATION('',(#11,#13521),#13846);
#13521 = MANIFOLD_SOLID_BREP('',#13522);
#13522 = CLOSED_SHELL('',(#13523,#13574,#13605,#13663,#13721,#13738,
    #13763,#13775,#13800,#13817,#13834));
#13523 = ADVANCED_FACE('',(#13524,#13558),#13569,.T.);
#13524 = FACE_BOUND('',#13525,.T.);
#13525 = EDGE_LOOP('',(#13526,#13536,#13544,#13552));
#13526 = ORIENTED_EDGE('',*,*,#13527,.T.);
#13527 = EDGE_CURVE('',#13528,#13530,#13532,.T.);
#13528 = VERTEX_POINT('',#13529);
#13529 = CARTESIAN_POINT('',(-1.5,2.,5.4));
#13530 = VERTEX_POINT('',#13531);
#13531 = CARTESIAN_POINT('',(-1.5,-2.,5.4));
#13532 = LINE('',#13533,#13534);
#13533 = CARTESIAN_POINT('',(-1.5,2.,5.4));
#13534 = VECTOR('',#13535,1.);
#13535 = DIRECTION('',(0.,-1.,7.730669073875E-16));
#13536 = ORIENTED_EDGE('',*,*,#13537,.T.);
#13537 = EDGE_CURVE('',#13530,#13538,#13540,.T.);
#13538 = VERTEX_POINT('',#13539);
#13539 = CARTESIAN_POINT('',(1.5,-2.,5.4));
#13540 = LINE('',#13541,#13542);
#13541 = CARTESIAN_POINT('',(-1.5,-2.,5.4));
#13542 = VECTOR('',#13543,1.);
#13543 = DIRECTION('',(1.,0.,0.));
#13544 = ORIENTED_EDGE('',*,*,#13545,.F.);
#13545 = EDGE_CURVE('',#13546,#13538,#13548,.T.);
#13546 = VERTEX_POINT('',#13547);
#13547 = CARTESIAN_POINT('',(1.5,2.,5.4));
#13548 = LINE('',#13549,#13550);
#13549 = CARTESIAN_POINT('',(1.5,2.,5.4));
#13550 = VECTOR('',#13551,1.);
#13551 = DIRECTION('',(0.,-1.,7.730669073875E-16));
#13552 = ORIENTED_EDGE('',*,*,#13553,.F.);
#13553 = EDGE_CURVE('',#13528,#13546,#13554,.T.);
#13554 = LINE('',#13555,#13556);
#13555 = CARTESIAN_POINT('',(-1.5,2.,5.4));
#13556 = VECTOR('',#13557,1.);
#13557 = DIRECTION('',(1.,0.,0.));
#13558 = FACE_BOUND('',#13559,.T.);
#13559 = EDGE_LOOP('',(#13560));
#13560 = ORIENTED_EDGE('',*,*,#13561,.T.);
#13561 = EDGE_CURVE('',#13562,#13562,#13564,.T.);
#13562 = VERTEX_POINT('',#13563);
#13563 = CARTESIAN_POINT('',(0.625,5.995204332976E-16,5.4));
#13564 = CIRCLE('',#13565,0.625);
#13565 = AXIS2_PLACEMENT_3D('',#13566,#13567,#13568);
#13566 = CARTESIAN_POINT('',(0.,5.995204332976E-16,5.4));
#13567 = DIRECTION('',(0.,-1.110223024625E-16,-1.));
#13568 = DIRECTION('',(1.,0.,0.));
#13569 = PLANE('',#13570);
#13570 = AXIS2_PLACEMENT_3D('',#13571,#13572,#13573);
#13571 = CARTESIAN_POINT('',(-1.5,2.,5.4));
#13572 = DIRECTION('',(0.,7.730669073875E-16,1.));
#13573 = DIRECTION('',(1.,0.,0.));
#13574 = ADVANCED_FACE('',(#13575),#13600,.T.);
#13575 = FACE_BOUND('',#13576,.T.);
#13576 = EDGE_LOOP('',(#13577,#13587,#13593,#13594));
#13577 = ORIENTED_EDGE('',*,*,#13578,.T.);
#13578 = EDGE_CURVE('',#13579,#13581,#13583,.T.);
#13579 = VERTEX_POINT('',#13580);
#13580 = CARTESIAN_POINT('',(-1.5,2.,1.1));
#13581 = VERTEX_POINT('',#13582);
#13582 = CARTESIAN_POINT('',(-1.5,-2.,1.1));
#13583 = LINE('',#13584,#13585);
#13584 = CARTESIAN_POINT('',(-1.5,2.,1.1));
#13585 = VECTOR('',#13586,1.);
#13586 = DIRECTION('',(0.,-1.,7.730669073875E-16));
#13587 = ORIENTED_EDGE('',*,*,#13588,.T.);
#13588 = EDGE_CURVE('',#13581,#13530,#13589,.T.);
#13589 = LINE('',#13590,#13591);
#13590 = CARTESIAN_POINT('',(-1.5,-2.,1.1));
#13591 = VECTOR('',#13592,1.);
#13592 = DIRECTION('',(0.,3.330669073875E-16,1.));
#13593 = ORIENTED_EDGE('',*,*,#13527,.F.);
#13594 = ORIENTED_EDGE('',*,*,#13595,.F.);
#13595 = EDGE_CURVE('',#13579,#13528,#13596,.T.);
#13596 = LINE('',#13597,#13598);
#13597 = CARTESIAN_POINT('',(-1.5,2.,1.1));
#13598 = VECTOR('',#13599,1.);
#13599 = DIRECTION('',(0.,3.330669073875E-16,1.));
#13600 = PLANE('',#13601);
#13601 = AXIS2_PLACEMENT_3D('',#13602,#13603,#13604);
#13602 = CARTESIAN_POINT('',(-1.5,2.,1.1));
#13603 = DIRECTION('',(-1.,0.,0.));
#13604 = DIRECTION('',(0.,7.730669073875E-16,1.));
#13605 = ADVANCED_FACE('',(#13606,#13624),#13658,.T.);
#13606 = FACE_BOUND('',#13607,.T.);
#13607 = EDGE_LOOP('',(#13608,#13609,#13617,#13623));
#13608 = ORIENTED_EDGE('',*,*,#13553,.T.);
#13609 = ORIENTED_EDGE('',*,*,#13610,.T.);
#13610 = EDGE_CURVE('',#13546,#13611,#13613,.T.);
#13611 = VERTEX_POINT('',#13612);
#13612 = CARTESIAN_POINT('',(1.5,2.,1.1));
#13613 = LINE('',#13614,#13615);
#13614 = CARTESIAN_POINT('',(1.5,2.,5.4));
#13615 = VECTOR('',#13616,1.);
#13616 = DIRECTION('',(0.,-3.330669073875E-16,-1.));
#13617 = ORIENTED_EDGE('',*,*,#13618,.T.);
#13618 = EDGE_CURVE('',#13611,#13579,#13619,.T.);
#13619 = LINE('',#13620,#13621);
#13620 = CARTESIAN_POINT('',(1.5,2.,1.1));
#13621 = VECTOR('',#13622,1.);
#13622 = DIRECTION('',(-1.,-4.996003610813E-32,-1.5E-16));
#13623 = ORIENTED_EDGE('',*,*,#13595,.T.);
#13624 = FACE_BOUND('',#13625,.F.);
#13625 = EDGE_LOOP('',(#13626,#13636,#13644,#13652));
#13626 = ORIENTED_EDGE('',*,*,#13627,.T.);
#13627 = EDGE_CURVE('',#13628,#13630,#13632,.T.);
#13628 = VERTEX_POINT('',#13629);
#13629 = CARTESIAN_POINT('',(-1.,2.,3.9));
#13630 = VERTEX_POINT('',#13631);
#13631 = CARTESIAN_POINT('',(1.,2.,3.9));
#13632 = LINE('',#13633,#13634);
#13633 = CARTESIAN_POINT('',(-1.,2.,3.9));
#13634 = VECTOR('',#13635,1.);
#13635 = DIRECTION('',(1.,0.,0.));
#13636 = ORIENTED_EDGE('',*,*,#13637,.T.);
#13637 = EDGE_CURVE('',#13630,#13638,#13640,.T.);
#13638 = VERTEX_POINT('',#13639);
#13639 = CARTESIAN_POINT('',(1.,2.,1.9));
#13640 = LINE('',#13641,#13642);
#13641 = CARTESIAN_POINT('',(1.,2.,3.9));
#13642 = VECTOR('',#13643,1.);
#13643 = DIRECTION('',(0.,-3.330669073875E-16,-1.));
#13644 = ORIENTED_EDGE('',*,*,#13645,.T.);
#13645 = EDGE_CURVE('',#13638,#13646,#13648,.T.);
#13646 = VERTEX_POINT('',#13647);
#13647 = CARTESIAN_POINT('',(-1.,2.,1.9));
#13648 = LINE('',#13649,#13650);
#13649 = CARTESIAN_POINT('',(1.,2.,1.9));
#13650 = VECTOR('',#13651,1.);
#13651 = DIRECTION('',(-1.,0.,0.));
#13652 = ORIENTED_EDGE('',*,*,#13653,.T.);
#13653 = EDGE_CURVE('',#13646,#13628,#13654,.T.);
#13654 = LINE('',#13655,#13656);
#13655 = CARTESIAN_POINT('',(-1.,2.,1.9));
#13656 = VECTOR('',#13657,1.);
#13657 = DIRECTION('',(0.,3.330669073875E-16,1.));
#13658 = PLANE('',#13659);
#13659 = AXIS2_PLACEMENT_3D('',#13660,#13661,#13662);
#13660 = CARTESIAN_POINT('',(-4.E-17,2.,3.12610619469));
#13661 = DIRECTION('',(0.,1.,-5.530669073875E-16));
#13662 = DIRECTION('',(0.,5.530669073875E-16,1.));
#13663 = ADVANCED_FACE('',(#13664,#13682),#13716,.F.);
#13664 = FACE_BOUND('',#13665,.F.);
#13665 = EDGE_LOOP('',(#13666,#13667,#13675,#13681));
#13666 = ORIENTED_EDGE('',*,*,#13537,.T.);
#13667 = ORIENTED_EDGE('',*,*,#13668,.T.);
#13668 = EDGE_CURVE('',#13538,#13669,#13671,.T.);
#13669 = VERTEX_POINT('',#13670);
#13670 = CARTESIAN_POINT('',(1.5,-2.,1.1));
#13671 = LINE('',#13672,#13673);
#13672 = CARTESIAN_POINT('',(1.5,-2.,5.4));
#13673 = VECTOR('',#13674,1.);
#13674 = DIRECTION('',(0.,-3.330669073875E-16,-1.));
#13675 = ORIENTED_EDGE('',*,*,#13676,.T.);
#13676 = EDGE_CURVE('',#13669,#13581,#13677,.T.);
#13677 = LINE('',#13678,#13679);
#13678 = CARTESIAN_POINT('',(1.5,-2.,1.1));
#13679 = VECTOR('',#13680,1.);
#13680 = DIRECTION('',(-1.,-4.996003610813E-32,-1.5E-16));
#13681 = ORIENTED_EDGE('',*,*,#13588,.T.);
#13682 = FACE_BOUND('',#13683,.T.);
#13683 = EDGE_LOOP('',(#13684,#13694,#13702,#13710));
#13684 = ORIENTED_EDGE('',*,*,#13685,.T.);
#13685 = EDGE_CURVE('',#13686,#13688,#13690,.T.);
#13686 = VERTEX_POINT('',#13687);
#13687 = CARTESIAN_POINT('',(-1.,-2.,3.9));
#13688 = VERTEX_POINT('',#13689);
#13689 = CARTESIAN_POINT('',(1.,-2.,3.9));
#13690 = LINE('',#13691,#13692);
#13691 = CARTESIAN_POINT('',(-1.,-2.,3.9));
#13692 = VECTOR('',#13693,1.);
#13693 = DIRECTION('',(1.,0.,0.));
#13694 = ORIENTED_EDGE('',*,*,#13695,.T.);
#13695 = EDGE_CURVE('',#13688,#13696,#13698,.T.);
#13696 = VERTEX_POINT('',#13697);
#13697 = CARTESIAN_POINT('',(1.,-2.,1.9));
#13698 = LINE('',#13699,#13700);
#13699 = CARTESIAN_POINT('',(1.,-2.,3.9));
#13700 = VECTOR('',#13701,1.);
#13701 = DIRECTION('',(0.,-3.330669073875E-16,-1.));
#13702 = ORIENTED_EDGE('',*,*,#13703,.T.);
#13703 = EDGE_CURVE('',#13696,#13704,#13706,.T.);
#13704 = VERTEX_POINT('',#13705);
#13705 = CARTESIAN_POINT('',(-1.,-2.,1.9));
#13706 = LINE('',#13707,#13708);
#13707 = CARTESIAN_POINT('',(1.,-2.,1.9));
#13708 = VECTOR('',#13709,1.);
#13709 = DIRECTION('',(-1.,0.,0.));
#13710 = ORIENTED_EDGE('',*,*,#13711,.T.);
#13711 = EDGE_CURVE('',#13704,#13686,#13712,.T.);
#13712 = LINE('',#13713,#13714);
#13713 = CARTESIAN_POINT('',(-1.,-2.,1.9));
#13714 = VECTOR('',#13715,1.);
#13715 = DIRECTION('',(0.,3.330669073875E-16,1.));
#13716 = PLANE('',#13717);
#13717 = AXIS2_PLACEMENT_3D('',#13718,#13719,#13720);
#13718 = CARTESIAN_POINT('',(-4.E-17,-2.,3.12610619469));
#13719 = DIRECTION('',(0.,1.,-5.530669073875E-16));
#13720 = DIRECTION('',(0.,5.530669073875E-16,1.));
#13721 = ADVANCED_FACE('',(#13722),#13733,.T.);
#13722 = FACE_BOUND('',#13723,.T.);
#13723 = EDGE_LOOP('',(#13724,#13725,#13726,#13732));
#13724 = ORIENTED_EDGE('',*,*,#13545,.T.);
#13725 = ORIENTED_EDGE('',*,*,#13668,.T.);
#13726 = ORIENTED_EDGE('',*,*,#13727,.F.);
#13727 = EDGE_CURVE('',#13611,#13669,#13728,.T.);
#13728 = LINE('',#13729,#13730);
#13729 = CARTESIAN_POINT('',(1.5,2.,1.1));
#13730 = VECTOR('',#13731,1.);
#13731 = DIRECTION('',(0.,-1.,7.730669073875E-16));
#13732 = ORIENTED_EDGE('',*,*,#13610,.F.);
#13733 = PLANE('',#13734);
#13734 = AXIS2_PLACEMENT_3D('',#13735,#13736,#13737);
#13735 = CARTESIAN_POINT('',(1.5,2.,5.4));
#13736 = DIRECTION('',(1.,0.,0.));
#13737 = DIRECTION('',(0.,-7.730669073875E-16,-1.));
#13738 = ADVANCED_FACE('',(#13739),#13758,.F.);
#13739 = FACE_BOUND('',#13740,.T.);
#13740 = EDGE_LOOP('',(#13741,#13742,#13750,#13757));
#13741 = ORIENTED_EDGE('',*,*,#13561,.F.);
#13742 = ORIENTED_EDGE('',*,*,#13743,.T.);
#13743 = EDGE_CURVE('',#13562,#13744,#13746,.T.);
#13744 = VERTEX_POINT('',#13745);
#13745 = CARTESIAN_POINT('',(0.625,4.329869796038E-16,3.9));
#13746 = LINE('',#13747,#13748);
#13747 = CARTESIAN_POINT('',(0.625,8.881784197001E-16,6.));
#13748 = VECTOR('',#13749,1.);
#13749 = DIRECTION('',(-7.401486830834E-17,-1.110223024625E-16,-1.));
#13750 = ORIENTED_EDGE('',*,*,#13751,.T.);
#13751 = EDGE_CURVE('',#13744,#13744,#13752,.T.);
#13752 = CIRCLE('',#13753,0.625);
#13753 = AXIS2_PLACEMENT_3D('',#13754,#13755,#13756);
#13754 = CARTESIAN_POINT('',(0.,4.329869796038E-16,3.9));
#13755 = DIRECTION('',(0.,-1.110223024625E-16,-1.));
#13756 = DIRECTION('',(1.,0.,0.));
#13757 = ORIENTED_EDGE('',*,*,#13743,.F.);
#13758 = CYLINDRICAL_SURFACE('',#13759,0.625);
#13759 = AXIS2_PLACEMENT_3D('',#13760,#13761,#13762);
#13760 = CARTESIAN_POINT('',(0.,8.881784197001E-16,6.));
#13761 = DIRECTION('',(-0.,-1.110223024625E-16,-1.));
#13762 = DIRECTION('',(1.,0.,0.));
#13763 = ADVANCED_FACE('',(#13764),#13770,.T.);
#13764 = FACE_BOUND('',#13765,.T.);
#13765 = EDGE_LOOP('',(#13766,#13767,#13768,#13769));
#13766 = ORIENTED_EDGE('',*,*,#13727,.T.);
#13767 = ORIENTED_EDGE('',*,*,#13676,.T.);
#13768 = ORIENTED_EDGE('',*,*,#13578,.F.);
#13769 = ORIENTED_EDGE('',*,*,#13618,.F.);
#13770 = PLANE('',#13771);
#13771 = AXIS2_PLACEMENT_3D('',#13772,#13773,#13774);
#13772 = CARTESIAN_POINT('',(1.5,2.,1.1));
#13773 = DIRECTION('',(1.5E-16,-7.730669073875E-16,-1.));
#13774 = DIRECTION('',(-1.,-4.996003610813E-32,-1.5E-16));
#13775 = ADVANCED_FACE('',(#13776,#13792),#13795,.F.);
#13776 = FACE_BOUND('',#13777,.F.);
#13777 = EDGE_LOOP('',(#13778,#13784,#13785,#13791));
#13778 = ORIENTED_EDGE('',*,*,#13779,.T.);
#13779 = EDGE_CURVE('',#13628,#13686,#13780,.T.);
#13780 = LINE('',#13781,#13782);
#13781 = CARTESIAN_POINT('',(-1.,2.,3.9));
#13782 = VECTOR('',#13783,1.);
#13783 = DIRECTION('',(0.,-1.,7.730669073875E-16));
#13784 = ORIENTED_EDGE('',*,*,#13685,.T.);
#13785 = ORIENTED_EDGE('',*,*,#13786,.F.);
#13786 = EDGE_CURVE('',#13630,#13688,#13787,.T.);
#13787 = LINE('',#13788,#13789);
#13788 = CARTESIAN_POINT('',(1.,2.,3.9));
#13789 = VECTOR('',#13790,1.);
#13790 = DIRECTION('',(0.,-1.,7.730669073875E-16));
#13791 = ORIENTED_EDGE('',*,*,#13627,.F.);
#13792 = FACE_BOUND('',#13793,.F.);
#13793 = EDGE_LOOP('',(#13794));
#13794 = ORIENTED_EDGE('',*,*,#13751,.T.);
#13795 = PLANE('',#13796);
#13796 = AXIS2_PLACEMENT_3D('',#13797,#13798,#13799);
#13797 = CARTESIAN_POINT('',(-1.,2.,3.9));
#13798 = DIRECTION('',(0.,7.730669073875E-16,1.));
#13799 = DIRECTION('',(1.,0.,0.));
#13800 = ADVANCED_FACE('',(#13801),#13812,.F.);
#13801 = FACE_BOUND('',#13802,.F.);
#13802 = EDGE_LOOP('',(#13803,#13804,#13805,#13811));
#13803 = ORIENTED_EDGE('',*,*,#13786,.T.);
#13804 = ORIENTED_EDGE('',*,*,#13695,.T.);
#13805 = ORIENTED_EDGE('',*,*,#13806,.F.);
#13806 = EDGE_CURVE('',#13638,#13696,#13807,.T.);
#13807 = LINE('',#13808,#13809);
#13808 = CARTESIAN_POINT('',(1.,2.,1.9));
#13809 = VECTOR('',#13810,1.);
#13810 = DIRECTION('',(0.,-1.,7.730669073875E-16));
#13811 = ORIENTED_EDGE('',*,*,#13637,.F.);
#13812 = PLANE('',#13813);
#13813 = AXIS2_PLACEMENT_3D('',#13814,#13815,#13816);
#13814 = CARTESIAN_POINT('',(1.,2.,3.9));
#13815 = DIRECTION('',(1.,0.,0.));
#13816 = DIRECTION('',(0.,-7.730669073875E-16,-1.));
#13817 = ADVANCED_FACE('',(#13818),#13829,.F.);
#13818 = FACE_BOUND('',#13819,.F.);
#13819 = EDGE_LOOP('',(#13820,#13821,#13822,#13828));
#13820 = ORIENTED_EDGE('',*,*,#13806,.T.);
#13821 = ORIENTED_EDGE('',*,*,#13703,.T.);
#13822 = ORIENTED_EDGE('',*,*,#13823,.F.);
#13823 = EDGE_CURVE('',#13646,#13704,#13824,.T.);
#13824 = LINE('',#13825,#13826);
#13825 = CARTESIAN_POINT('',(-1.,2.,1.9));
#13826 = VECTOR('',#13827,1.);
#13827 = DIRECTION('',(0.,-1.,7.730669073875E-16));
#13828 = ORIENTED_EDGE('',*,*,#13645,.F.);
#13829 = PLANE('',#13830);
#13830 = AXIS2_PLACEMENT_3D('',#13831,#13832,#13833);
#13831 = CARTESIAN_POINT('',(1.,2.,1.9));
#13832 = DIRECTION('',(0.,-7.730669073875E-16,-1.));
#13833 = DIRECTION('',(-1.,0.,0.));
#13834 = ADVANCED_FACE('',(#13835),#13841,.F.);
#13835 = FACE_BOUND('',#13836,.F.);
#13836 = EDGE_LOOP('',(#13837,#13838,#13839,#13840));
#13837 = ORIENTED_EDGE('',*,*,#13823,.T.);
#13838 = ORIENTED_EDGE('',*,*,#13711,.T.);
#13839 = ORIENTED_EDGE('',*,*,#13779,.F.);
#13840 = ORIENTED_EDGE('',*,*,#13653,.F.);
#13841 = PLANE('',#13842);
#13842 = AXIS2_PLACEMENT_3D('',#13843,#13844,#13845);
#13843 = CARTESIAN_POINT('',(-1.,2.,1.9));
#13844 = DIRECTION('',(-1.,0.,0.));
#13845 = DIRECTION('',(0.,7.730669073875E-16,1.));
#13846 = ( GEOMETRIC_REPRESENTATION_CONTEXT(3) 
GLOBAL_UNCERTAINTY_ASSIGNED_CONTEXT((#13850)) 
GLOBAL_UNIT_ASSIGNED_CONTEXT((#13847,#13848,#13849)) 
REPRESENTATION_CONTEXT('Context #1',
  '3D Context with UNIT and UNCERTAINTY') );
#13847 = ( LENGTH_UNIT() NAMED_UNIT(*) SI_UNIT(.MILLI.,.METRE.) );
#13848 = ( NAMED_UNIT(*) PLANE_ANGLE_UNIT() SI_UNIT($,.RADIAN.) );
#13849 = ( NAMED_UNIT(*) SI_UNIT($,.STERADIAN.) SOLID_ANGLE_UNIT() );
#13850 = UNCERTAINTY_MEASURE_WITH_UNIT(LENGTH_MEASURE(1.E-07),#13847,
  'distance_accuracy_value','confusion accuracy');
#13851 = CONTEXT_DEPENDENT_SHAPE_REPRESENTATION(#13852,#13854);
#13852 = ( REPRESENTATION_RELATIONSHIP('','',#13520,#10) 
REPRESENTATION_RELATIONSHIP_WITH_TRANSFORMATION(#13853) 
SHAPE_REPRESENTATION_RELATIONSHIP() );
#13853 = ITEM_DEFINED_TRANSFORMATION('','',#11,#47);
#13854 = PRODUCT_DEFINITION_SHAPE('Placement','Placement of an item',
  #13855);
#13855 = NEXT_ASSEMBLY_USAGE_OCCURRENCE('489','Body039','',#5,#13515,$);
#13856 = PRODUCT_RELATED_PRODUCT_CATEGORY('part',$,(#13517));
#13857 = SHAPE_DEFINITION_REPRESENTATION(#13858,#13864);
#13858 = PRODUCT_DEFINITION_SHAPE('','',#13859);
#13859 = PRODUCT_DEFINITION('design','',#13860,#13863);
#13860 = PRODUCT_DEFINITION_FORMATION('','',#13861);
#13861 = PRODUCT('Body040','Body040','',(#13862));
#13862 = PRODUCT_CONTEXT('',#2,'mechanical');
#13863 = PRODUCT_DEFINITION_CONTEXT('part definition',#2,'design');
#13864 = ADVANCED_BREP_SHAPE_REPRESENTATION('',(#11,#13865),#14269);
#13865 = MANIFOLD_SOLID_BREP('',#13866);
#13866 = CLOSED_SHELL('',(#13867,#13892,#13958,#13993,#14072,#14090,
    #14110,#14173,#14195,#14225,#14235,#14260));
#13867 = ADVANCED_FACE('',(#13868),#13887,.T.);
#13868 = FACE_BOUND('',#13869,.F.);
#13869 = EDGE_LOOP('',(#13870,#13881));
#13870 = ORIENTED_EDGE('',*,*,#13871,.F.);
#13871 = EDGE_CURVE('',#13872,#13874,#13876,.T.);
#13872 = VERTEX_POINT('',#13873);
#13873 = CARTESIAN_POINT('',(1.010193130046,-0.6849240107,8.05));
#13874 = VERTEX_POINT('',#13875);
#13875 = CARTESIAN_POINT('',(-0.6849240107,1.010193130046,8.05));
#13876 = CIRCLE('',#13877,1.220496235318);
#13877 = AXIS2_PLACEMENT_3D('',#13878,#13879,#13880);
#13878 = CARTESIAN_POINT('',(0.,0.,8.05));
#13879 = DIRECTION('',(-0.,0.,1.));
#13880 = DIRECTION('',(0.707106781187,-0.707106781187,0.));
#13881 = ORIENTED_EDGE('',*,*,#13882,.F.);
#13882 = EDGE_CURVE('',#13874,#13872,#13883,.T.);
#13883 = LINE('',#13884,#13885);
#13884 = CARTESIAN_POINT('',(-176.6140607369,176.93932985631,8.05));
#13885 = VECTOR('',#13886,1.);
#13886 = DIRECTION('',(0.707106781187,-0.707106781187,0.));
#13887 = PLANE('',#13888);
#13888 = AXIS2_PLACEMENT_3D('',#13889,#13890,#13891);
#13889 = CARTESIAN_POINT('',(0.,0.,8.05));
#13890 = DIRECTION('',(0.,0.,1.));
#13891 = DIRECTION('',(0.707106781187,-0.707106781187,-0.));
#13892 = ADVANCED_FACE('',(#13893),#13949,.F.);
#13893 = FACE_BOUND('',#13894,.F.);
#13894 = EDGE_LOOP('',(#13895,#13918,#13919,#13942));
#13895 = ORIENTED_EDGE('',*,*,#13896,.F.);
#13896 = EDGE_CURVE('',#13872,#13897,#13899,.T.);
#13897 = VERTEX_POINT('',#13898);
#13898 = CARTESIAN_POINT('',(1.153277776717,-0.828008657371,
    7.86743114855));
#13899 = B_SPLINE_CURVE_WITH_KNOTS('',5,(#13900,#13901,#13902,#13903,
    #13904,#13905,#13906,#13907,#13908,#13909,#13910,#13911,#13912,
    #13913,#13914,#13915,#13916,#13917),.UNSPECIFIED.,.F.,.F.,(6,4,4,4,6
    ),(0.,0.250129965149,0.500168146575,0.750114408968,1.),
  .UNSPECIFIED.);
#13900 = CARTESIAN_POINT('',(1.010193130046,-0.6849240107,8.05));
#13901 = CARTESIAN_POINT('',(1.020873145873,-0.695604026527,8.05));
#13902 = CARTESIAN_POINT('',(1.031547763316,-0.706278643971,
    8.048624861379));
#13903 = CARTESIAN_POINT('',(1.042095136391,-0.716826017045,
    8.045874209795));
#13904 = CARTESIAN_POINT('',(1.052393941672,-0.727124822327,
    8.041779356199));
#13905 = CARTESIAN_POINT('',(1.072264358631,-0.746995239285,
    8.031025748242));
#13906 = CARTESIAN_POINT('',(1.081836284791,-0.756567165446,
    8.02436790921));
#13907 = CARTESIAN_POINT('',(1.090933626767,-0.765664507421,
    8.016489073427));
#13908 = CARTESIAN_POINT('',(1.099451750022,-0.774182630677,
    8.007479985852));
#13909 = CARTESIAN_POINT('',(1.115147785187,-0.789878665841,
    7.987434570241));
#13910 = CARTESIAN_POINT('',(1.122326229984,-0.797057110638,
    7.976398936322));
#13911 = CARTESIAN_POINT('',(1.12874711615,-0.803477996804,
    7.964463052152));
#13912 = CARTESIAN_POINT('',(1.134336511123,-0.809067391778,
    7.951765039258));
#13913 = CARTESIAN_POINT('',(1.143743946494,-0.818474827148,
    7.925153550379));
#13914 = CARTESIAN_POINT('',(1.147562441742,-0.822293322396,
    7.911240299379));
#13915 = CARTESIAN_POINT('',(1.150442593512,-0.825173474166,
    7.896870508491));
#13916 = CARTESIAN_POINT('',(1.152351208205,-0.827082088859,
    7.882210850582));
#13917 = CARTESIAN_POINT('',(1.153277776717,-0.828008657371,
    7.86743114855));
#13918 = ORIENTED_EDGE('',*,*,#13871,.T.);
#13919 = ORIENTED_EDGE('',*,*,#13920,.T.);
#13920 = EDGE_CURVE('',#13874,#13921,#13923,.T.);
#13921 = VERTEX_POINT('',#13922);
#13922 = CARTESIAN_POINT('',(-0.828008657371,1.153277776717,
    7.86743114855));
#13923 = B_SPLINE_CURVE_WITH_KNOTS('',5,(#13924,#13925,#13926,#13927,
    #13928,#13929,#13930,#13931,#13932,#13933,#13934,#13935,#13936,
    #13937,#13938,#13939,#13940,#13941),.UNSPECIFIED.,.F.,.F.,(6,4,4,4,6
    ),(0.,0.250129965149,0.500168146575,0.750114408968,1.),
  .UNSPECIFIED.);
#13924 = CARTESIAN_POINT('',(-0.6849240107,1.010193130046,8.05));
#13925 = CARTESIAN_POINT('',(-0.695604026527,1.020873145873,8.05));
#13926 = CARTESIAN_POINT('',(-0.706278643971,1.031547763316,
    8.048624861379));
#13927 = CARTESIAN_POINT('',(-0.716826017045,1.042095136391,
    8.045874209795));
#13928 = CARTESIAN_POINT('',(-0.727124822327,1.052393941672,
    8.041779356199));
#13929 = CARTESIAN_POINT('',(-0.746995239285,1.072264358631,
    8.031025748242));
#13930 = CARTESIAN_POINT('',(-0.756567165446,1.081836284791,
    8.02436790921));
#13931 = CARTESIAN_POINT('',(-0.765664507421,1.090933626767,
    8.016489073427));
#13932 = CARTESIAN_POINT('',(-0.774182630677,1.099451750022,
    8.007479985852));
#13933 = CARTESIAN_POINT('',(-0.789878665841,1.115147785187,
    7.987434570241));
#13934 = CARTESIAN_POINT('',(-0.797057110638,1.122326229984,
    7.976398936322));
#13935 = CARTESIAN_POINT('',(-0.803477996804,1.12874711615,
    7.964463052152));
#13936 = CARTESIAN_POINT('',(-0.809067391778,1.134336511123,
    7.951765039258));
#13937 = CARTESIAN_POINT('',(-0.818474827148,1.143743946494,
    7.925153550378));
#13938 = CARTESIAN_POINT('',(-0.822293322396,1.147562441742,
    7.911240299379));
#13939 = CARTESIAN_POINT('',(-0.825173474166,1.150442593512,
    7.896870508491));
#13940 = CARTESIAN_POINT('',(-0.827082088859,1.152351208205,
    7.882210850582));
#13941 = CARTESIAN_POINT('',(-0.828008657371,1.153277776717,
    7.86743114855));
#13942 = ORIENTED_EDGE('',*,*,#13943,.F.);
#13943 = EDGE_CURVE('',#13897,#13921,#13944,.T.);
#13944 = CIRCLE('',#13945,1.419735174936);
#13945 = AXIS2_PLACEMENT_3D('',#13946,#13947,#13948);
#13946 = CARTESIAN_POINT('',(0.,0.,7.86743114855));
#13947 = DIRECTION('',(-0.,0.,1.));
#13948 = DIRECTION('',(0.707106781187,-0.707106781187,0.));
#13949 = SURFACE_OF_REVOLUTION('',#13950,#13955);
#13950 = CIRCLE('',#13951,0.2);
#13951 = AXIS2_PLACEMENT_3D('',#13952,#13953,#13954);
#13952 = CARTESIAN_POINT('',(0.863021164406,-0.863021164406,7.85));
#13953 = DIRECTION('',(0.707106781187,0.707106781187,0.));
#13954 = DIRECTION('',(7.8E-16,-7.8E-16,1.));
#13955 = AXIS1_PLACEMENT('',#13956,#13957);
#13956 = CARTESIAN_POINT('',(0.,0.,6.95));
#13957 = DIRECTION('',(0.,0.,1.));
#13958 = ADVANCED_FACE('',(#13959),#13988,.F.);
#13959 = FACE_BOUND('',#13960,.F.);
#13960 = EDGE_LOOP('',(#13961,#13971,#13978,#13979,#13980,#13981));
#13961 = ORIENTED_EDGE('',*,*,#13962,.F.);
#13962 = EDGE_CURVE('',#13963,#13965,#13967,.T.);
#13963 = VERTEX_POINT('',#13964);
#13964 = CARTESIAN_POINT('',(-0.844770779208,1.170039898554,7.6));
#13965 = VERTEX_POINT('',#13966);
#13966 = CARTESIAN_POINT('',(1.170039898554,-0.844770779208,7.6));
#13967 = LINE('',#13968,#13969);
#13968 = CARTESIAN_POINT('',(-353.3907560336,353.71602515294,7.6));
#13969 = VECTOR('',#13970,1.);
#13970 = DIRECTION('',(0.707106781187,-0.707106781187,0.));
#13971 = ORIENTED_EDGE('',*,*,#13972,.F.);
#13972 = EDGE_CURVE('',#13921,#13963,#13973,.T.);
#13973 = HYPERBOLA('',#13974,2.628912029635,0.23);
#13974 = AXIS2_PLACEMENT_3D('',#13975,#13976,#13977);
#13975 = CARTESIAN_POINT('',(0.162634559673,0.162634559673,
    24.095078454142));
#13976 = DIRECTION('',(0.707106781187,0.707106781187,0.));
#13977 = DIRECTION('',(0.,0.,-1.));
#13978 = ORIENTED_EDGE('',*,*,#13920,.F.);
#13979 = ORIENTED_EDGE('',*,*,#13882,.T.);
#13980 = ORIENTED_EDGE('',*,*,#13896,.T.);
#13981 = ORIENTED_EDGE('',*,*,#13982,.F.);
#13982 = EDGE_CURVE('',#13965,#13897,#13983,.T.);
#13983 = HYPERBOLA('',#13984,2.628912029635,0.23);
#13984 = AXIS2_PLACEMENT_3D('',#13985,#13986,#13987);
#13985 = CARTESIAN_POINT('',(0.162634559673,0.162634559673,
    24.095078454142));
#13986 = DIRECTION('',(0.707106781187,0.707106781187,0.));
#13987 = DIRECTION('',(0.,0.,-1.));
#13988 = PLANE('',#13989);
#13989 = AXIS2_PLACEMENT_3D('',#13990,#13991,#13992);
#13990 = CARTESIAN_POINT('',(-353.3907560336,353.71602515294,7.6));
#13991 = DIRECTION('',(0.707106781187,0.707106781187,0.));
#13992 = DIRECTION('',(0.,0.,1.));
#13993 = ADVANCED_FACE('',(#13994),#14067,.T.);
#13994 = FACE_BOUND('',#13995,.F.);
#13995 = EDGE_LOOP('',(#13996,#13997,#13998,#13999,#14008,#14017,#14026,
    #14035,#14044,#14052,#14059,#14060));
#13996 = ORIENTED_EDGE('',*,*,#13982,.T.);
#13997 = ORIENTED_EDGE('',*,*,#13943,.T.);
#13998 = ORIENTED_EDGE('',*,*,#13972,.T.);
#13999 = ORIENTED_EDGE('',*,*,#14000,.F.);
#14000 = EDGE_CURVE('',#14001,#13963,#14003,.T.);
#14001 = VERTEX_POINT('',#14002);
#14002 = CARTESIAN_POINT('',(-1.170039898554,0.844770779208,7.6));
#14003 = CIRCLE('',#14004,1.443132368708);
#14004 = AXIS2_PLACEMENT_3D('',#14005,#14006,#14007);
#14005 = CARTESIAN_POINT('',(0.,0.,7.6));
#14006 = DIRECTION('',(0.,-0.,-1.));
#14007 = DIRECTION('',(0.707106781187,-0.707106781187,0.));
#14008 = ORIENTED_EDGE('',*,*,#14009,.F.);
#14009 = EDGE_CURVE('',#14010,#14001,#14012,.T.);
#14010 = VERTEX_POINT('',#14011);
#14011 = CARTESIAN_POINT('',(-1.153277776717,0.828008657371,
    7.86743114855));
#14012 = HYPERBOLA('',#14013,2.628912029635,0.23);
#14013 = AXIS2_PLACEMENT_3D('',#14014,#14015,#14016);
#14014 = CARTESIAN_POINT('',(-0.162634559673,-0.162634559673,
    24.095078454142));
#14015 = DIRECTION('',(0.707106781187,0.707106781187,0.));
#14016 = DIRECTION('',(0.,0.,-1.));
#14017 = ORIENTED_EDGE('',*,*,#14018,.T.);
#14018 = EDGE_CURVE('',#14010,#14019,#14021,.T.);
#14019 = VERTEX_POINT('',#14020);
#14020 = CARTESIAN_POINT('',(0.828008657371,-1.153277776717,
    7.86743114855));
#14021 = CIRCLE('',#14022,1.419735174936);
#14022 = AXIS2_PLACEMENT_3D('',#14023,#14024,#14025);
#14023 = CARTESIAN_POINT('',(0.,0.,7.86743114855));
#14024 = DIRECTION('',(-0.,0.,1.));
#14025 = DIRECTION('',(0.707106781187,-0.707106781187,0.));
#14026 = ORIENTED_EDGE('',*,*,#14027,.F.);
#14027 = EDGE_CURVE('',#14028,#14019,#14030,.T.);
#14028 = VERTEX_POINT('',#14029);
#14029 = CARTESIAN_POINT('',(0.844770779208,-1.170039898554,7.6));
#14030 = HYPERBOLA('',#14031,2.628912029635,0.23);
#14031 = AXIS2_PLACEMENT_3D('',#14032,#14033,#14034);
#14032 = CARTESIAN_POINT('',(-0.162634559673,-0.162634559673,
    24.095078454142));
#14033 = DIRECTION('',(0.707106781187,0.707106781187,0.));
#14034 = DIRECTION('',(0.,0.,-1.));
#14035 = ORIENTED_EDGE('',*,*,#14036,.F.);
#14036 = EDGE_CURVE('',#14037,#14028,#14039,.T.);
#14037 = VERTEX_POINT('',#14038);
#14038 = CARTESIAN_POINT('',(1.020448684063,-1.020448684063,7.6));
#14039 = CIRCLE('',#14040,1.443132368708);
#14040 = AXIS2_PLACEMENT_3D('',#14041,#14042,#14043);
#14041 = CARTESIAN_POINT('',(0.,0.,7.6));
#14042 = DIRECTION('',(0.,-0.,-1.));
#14043 = DIRECTION('',(0.707106781187,-0.707106781187,0.));
#14044 = ORIENTED_EDGE('',*,*,#14045,.T.);
#14045 = EDGE_CURVE('',#14037,#14046,#14048,.T.);
#14046 = VERTEX_POINT('',#14047);
#14047 = CARTESIAN_POINT('',(1.06066017178,-1.06066017178,6.95));
#14048 = LINE('',#14049,#14050);
#14049 = CARTESIAN_POINT('',(1.003904369687,-1.003904369687,
    7.86743114855));
#14050 = VECTOR('',#14051,1.);
#14051 = DIRECTION('',(6.162841671622E-02,-6.162841671622E-02,
    -0.996194698092));
#14052 = ORIENTED_EDGE('',*,*,#14053,.F.);
#14053 = EDGE_CURVE('',#14046,#14046,#14054,.T.);
#14054 = CIRCLE('',#14055,1.5);
#14055 = AXIS2_PLACEMENT_3D('',#14056,#14057,#14058);
#14056 = CARTESIAN_POINT('',(0.,0.,6.95));
#14057 = DIRECTION('',(-0.,0.,1.));
#14058 = DIRECTION('',(0.707106781187,-0.707106781187,0.));
#14059 = ORIENTED_EDGE('',*,*,#14045,.F.);
#14060 = ORIENTED_EDGE('',*,*,#14061,.F.);
#14061 = EDGE_CURVE('',#13965,#14037,#14062,.T.);
#14062 = CIRCLE('',#14063,1.443132368708);
#14063 = AXIS2_PLACEMENT_3D('',#14064,#14065,#14066);
#14064 = CARTESIAN_POINT('',(0.,0.,7.6));
#14065 = DIRECTION('',(0.,-0.,-1.));
#14066 = DIRECTION('',(0.707106781187,-0.707106781187,0.));
#14067 = CONICAL_SURFACE('',#14068,1.419735174936,8.726646259972E-02);
#14068 = AXIS2_PLACEMENT_3D('',#14069,#14070,#14071);
#14069 = CARTESIAN_POINT('',(0.,0.,7.86743114855));
#14070 = DIRECTION('',(-0.,0.,-1.));
#14071 = DIRECTION('',(0.707106781187,-0.707106781187,-0.));
#14072 = ADVANCED_FACE('',(#14073),#14085,.T.);
#14073 = FACE_BOUND('',#14074,.T.);
#14074 = EDGE_LOOP('',(#14075,#14076,#14077,#14083,#14084));
#14075 = ORIENTED_EDGE('',*,*,#13962,.F.);
#14076 = ORIENTED_EDGE('',*,*,#14000,.F.);
#14077 = ORIENTED_EDGE('',*,*,#14078,.T.);
#14078 = EDGE_CURVE('',#14001,#14028,#14079,.T.);
#14079 = LINE('',#14080,#14081);
#14080 = CARTESIAN_POINT('',(-353.7160251529,353.3907560336,7.6));
#14081 = VECTOR('',#14082,1.);
#14082 = DIRECTION('',(0.707106781187,-0.707106781187,0.));
#14083 = ORIENTED_EDGE('',*,*,#14036,.F.);
#14084 = ORIENTED_EDGE('',*,*,#14061,.F.);
#14085 = PLANE('',#14086);
#14086 = AXIS2_PLACEMENT_3D('',#14087,#14088,#14089);
#14087 = CARTESIAN_POINT('',(-353.7160251529,353.3907560336,7.6));
#14088 = DIRECTION('',(0.,0.,1.));
#14089 = DIRECTION('',(0.707106781187,-0.707106781187,0.));
#14090 = ADVANCED_FACE('',(#14091,#14094),#14105,.F.);
#14091 = FACE_BOUND('',#14092,.F.);
#14092 = EDGE_LOOP('',(#14093));
#14093 = ORIENTED_EDGE('',*,*,#14053,.T.);
#14094 = FACE_BOUND('',#14095,.F.);
#14095 = EDGE_LOOP('',(#14096));
#14096 = ORIENTED_EDGE('',*,*,#14097,.F.);
#14097 = EDGE_CURVE('',#14098,#14098,#14100,.T.);
#14098 = VERTEX_POINT('',#14099);
#14099 = CARTESIAN_POINT('',(0.636396103068,-0.636396103068,6.95));
#14100 = CIRCLE('',#14101,0.9);
#14101 = AXIS2_PLACEMENT_3D('',#14102,#14103,#14104);
#14102 = CARTESIAN_POINT('',(0.,0.,6.95));
#14103 = DIRECTION('',(-0.,0.,1.));
#14104 = DIRECTION('',(0.707106781187,-0.707106781187,0.));
#14105 = PLANE('',#14106);
#14106 = AXIS2_PLACEMENT_3D('',#14107,#14108,#14109);
#14107 = CARTESIAN_POINT('',(0.,0.,6.95));
#14108 = DIRECTION('',(0.,0.,1.));
#14109 = DIRECTION('',(0.707106781187,-0.707106781187,0.));
#14110 = ADVANCED_FACE('',(#14111),#14168,.T.);
#14111 = FACE_BOUND('',#14112,.T.);
#14112 = EDGE_LOOP('',(#14113,#14114,#14115,#14138,#14146,#14167));
#14113 = ORIENTED_EDGE('',*,*,#14078,.F.);
#14114 = ORIENTED_EDGE('',*,*,#14009,.F.);
#14115 = ORIENTED_EDGE('',*,*,#14116,.F.);
#14116 = EDGE_CURVE('',#14117,#14010,#14119,.T.);
#14117 = VERTEX_POINT('',#14118);
#14118 = CARTESIAN_POINT('',(-1.010193130046,0.6849240107,8.05));
#14119 = B_SPLINE_CURVE_WITH_KNOTS('',5,(#14120,#14121,#14122,#14123,
    #14124,#14125,#14126,#14127,#14128,#14129,#14130,#14131,#14132,
    #14133,#14134,#14135,#14136,#14137),.UNSPECIFIED.,.F.,.F.,(6,4,4,4,6
    ),(0.,0.250129965149,0.500168146575,0.750114408968,1.),
  .UNSPECIFIED.);
#14120 = CARTESIAN_POINT('',(-1.010193130046,0.6849240107,8.05));
#14121 = CARTESIAN_POINT('',(-1.020873145873,0.695604026527,8.05));
#14122 = CARTESIAN_POINT('',(-1.031547763316,0.706278643971,
    8.048624861379));
#14123 = CARTESIAN_POINT('',(-1.042095136391,0.716826017045,
    8.045874209795));
#14124 = CARTESIAN_POINT('',(-1.052393941672,0.727124822327,
    8.041779356199));
#14125 = CARTESIAN_POINT('',(-1.072264358631,0.746995239285,
    8.031025748242));
#14126 = CARTESIAN_POINT('',(-1.081836284791,0.756567165446,
    8.02436790921));
#14127 = CARTESIAN_POINT('',(-1.090933626767,0.765664507421,
    8.016489073427));
#14128 = CARTESIAN_POINT('',(-1.099451750022,0.774182630677,
    8.007479985852));
#14129 = CARTESIAN_POINT('',(-1.115147785187,0.789878665841,
    7.987434570241));
#14130 = CARTESIAN_POINT('',(-1.122326229984,0.797057110638,
    7.976398936322));
#14131 = CARTESIAN_POINT('',(-1.12874711615,0.803477996804,
    7.964463052152));
#14132 = CARTESIAN_POINT('',(-1.134336511123,0.809067391778,
    7.951765039258));
#14133 = CARTESIAN_POINT('',(-1.143743946494,0.818474827148,
    7.925153550379));
#14134 = CARTESIAN_POINT('',(-1.147562441742,0.822293322396,
    7.911240299379));
#14135 = CARTESIAN_POINT('',(-1.150442593512,0.825173474166,
    7.896870508491));
#14136 = CARTESIAN_POINT('',(-1.152351208205,0.827082088859,
    7.882210850582));
#14137 = CARTESIAN_POINT('',(-1.153277776717,0.828008657371,
    7.86743114855));
#14138 = ORIENTED_EDGE('',*,*,#14139,.T.);
#14139 = EDGE_CURVE('',#14117,#14140,#14142,.T.);
#14140 = VERTEX_POINT('',#14141);
#14141 = CARTESIAN_POINT('',(0.6849240107,-1.010193130046,8.05));
#14142 = LINE('',#14143,#14144);
#14143 = CARTESIAN_POINT('',(-176.9393298563,176.61406073696,8.05));
#14144 = VECTOR('',#14145,1.);
#14145 = DIRECTION('',(0.707106781187,-0.707106781187,0.));
#14146 = ORIENTED_EDGE('',*,*,#14147,.T.);
#14147 = EDGE_CURVE('',#14140,#14019,#14148,.T.);
#14148 = B_SPLINE_CURVE_WITH_KNOTS('',5,(#14149,#14150,#14151,#14152,
    #14153,#14154,#14155,#14156,#14157,#14158,#14159,#14160,#14161,
    #14162,#14163,#14164,#14165,#14166),.UNSPECIFIED.,.F.,.F.,(6,4,4,4,6
    ),(0.,0.250129965149,0.500168146575,0.750114408968,1.),
  .UNSPECIFIED.);
#14149 = CARTESIAN_POINT('',(0.6849240107,-1.010193130046,8.05));
#14150 = CARTESIAN_POINT('',(0.695604026527,-1.020873145873,8.05));
#14151 = CARTESIAN_POINT('',(0.706278643971,-1.031547763316,
    8.048624861379));
#14152 = CARTESIAN_POINT('',(0.716826017045,-1.042095136391,
    8.045874209795));
#14153 = CARTESIAN_POINT('',(0.727124822327,-1.052393941672,
    8.041779356199));
#14154 = CARTESIAN_POINT('',(0.746995239285,-1.072264358631,
    8.031025748242));
#14155 = CARTESIAN_POINT('',(0.756567165446,-1.081836284791,
    8.02436790921));
#14156 = CARTESIAN_POINT('',(0.765664507421,-1.090933626767,
    8.016489073427));
#14157 = CARTESIAN_POINT('',(0.774182630677,-1.099451750022,
    8.007479985852));
#14158 = CARTESIAN_POINT('',(0.789878665841,-1.115147785187,
    7.987434570241));
#14159 = CARTESIAN_POINT('',(0.797057110638,-1.122326229984,
    7.976398936322));
#14160 = CARTESIAN_POINT('',(0.803477996804,-1.12874711615,
    7.964463052152));
#14161 = CARTESIAN_POINT('',(0.809067391778,-1.134336511123,
    7.951765039258));
#14162 = CARTESIAN_POINT('',(0.818474827148,-1.143743946494,
    7.925153550379));
#14163 = CARTESIAN_POINT('',(0.822293322396,-1.147562441742,
    7.911240299379));
#14164 = CARTESIAN_POINT('',(0.825173474166,-1.150442593512,
    7.896870508491));
#14165 = CARTESIAN_POINT('',(0.827082088859,-1.152351208205,
    7.882210850582));
#14166 = CARTESIAN_POINT('',(0.828008657371,-1.153277776717,
    7.86743114855));
#14167 = ORIENTED_EDGE('',*,*,#14027,.F.);
#14168 = PLANE('',#14169);
#14169 = AXIS2_PLACEMENT_3D('',#14170,#14171,#14172);
#14170 = CARTESIAN_POINT('',(-353.7160251529,353.3907560336,7.6));
#14171 = DIRECTION('',(0.707106781187,0.707106781187,0.));
#14172 = DIRECTION('',(0.,0.,1.));
#14173 = ADVANCED_FACE('',(#14174),#14186,.F.);
#14174 = FACE_BOUND('',#14175,.F.);
#14175 = EDGE_LOOP('',(#14176,#14183,#14184,#14185));
#14176 = ORIENTED_EDGE('',*,*,#14177,.T.);
#14177 = EDGE_CURVE('',#14117,#14140,#14178,.T.);
#14178 = CIRCLE('',#14179,1.220496235318);
#14179 = AXIS2_PLACEMENT_3D('',#14180,#14181,#14182);
#14180 = CARTESIAN_POINT('',(0.,0.,8.05));
#14181 = DIRECTION('',(-0.,0.,1.));
#14182 = DIRECTION('',(0.707106781187,-0.707106781187,0.));
#14183 = ORIENTED_EDGE('',*,*,#14147,.T.);
#14184 = ORIENTED_EDGE('',*,*,#14018,.F.);
#14185 = ORIENTED_EDGE('',*,*,#14116,.F.);
#14186 = SURFACE_OF_REVOLUTION('',#14187,#14192);
#14187 = CIRCLE('',#14188,0.2);
#14188 = AXIS2_PLACEMENT_3D('',#14189,#14190,#14191);
#14189 = CARTESIAN_POINT('',(0.863021164406,-0.863021164406,7.85));
#14190 = DIRECTION('',(0.707106781187,0.707106781187,0.));
#14191 = DIRECTION('',(7.8E-16,-7.8E-16,1.));
#14192 = AXIS1_PLACEMENT('',#14193,#14194);
#14193 = CARTESIAN_POINT('',(0.,0.,6.95));
#14194 = DIRECTION('',(0.,0.,1.));
#14195 = ADVANCED_FACE('',(#14196),#14216,.F.);
#14196 = FACE_BOUND('',#14197,.F.);
#14197 = EDGE_LOOP('',(#14198,#14199,#14208,#14215));
#14198 = ORIENTED_EDGE('',*,*,#14097,.T.);
#14199 = ORIENTED_EDGE('',*,*,#14200,.T.);
#14200 = EDGE_CURVE('',#14098,#14201,#14203,.T.);
#14201 = VERTEX_POINT('',#14202);
#14202 = CARTESIAN_POINT('',(0.565685424949,-0.565685424949,6.85));
#14203 = CIRCLE('',#14204,1.E-01);
#14204 = AXIS2_PLACEMENT_3D('',#14205,#14206,#14207);
#14205 = CARTESIAN_POINT('',(0.636396103068,-0.636396103068,6.85));
#14206 = DIRECTION('',(-0.707106781187,-0.707106781187,0.));
#14207 = DIRECTION('',(0.,0.,1.));
#14208 = ORIENTED_EDGE('',*,*,#14209,.F.);
#14209 = EDGE_CURVE('',#14201,#14201,#14210,.T.);
#14210 = CIRCLE('',#14211,0.8);
#14211 = AXIS2_PLACEMENT_3D('',#14212,#14213,#14214);
#14212 = CARTESIAN_POINT('',(0.,0.,6.85));
#14213 = DIRECTION('',(-0.,0.,1.));
#14214 = DIRECTION('',(0.707106781187,-0.707106781187,0.));
#14215 = ORIENTED_EDGE('',*,*,#14200,.F.);
#14216 = SURFACE_OF_REVOLUTION('',#14217,#14222);
#14217 = CIRCLE('',#14218,1.E-01);
#14218 = AXIS2_PLACEMENT_3D('',#14219,#14220,#14221);
#14219 = CARTESIAN_POINT('',(0.636396103068,-0.636396103068,6.85));
#14220 = DIRECTION('',(-0.707106781187,-0.707106781187,0.));
#14221 = DIRECTION('',(0.,0.,1.));
#14222 = AXIS1_PLACEMENT('',#14223,#14224);
#14223 = CARTESIAN_POINT('',(0.,0.,6.95));
#14224 = DIRECTION('',(0.,0.,1.));
#14225 = ADVANCED_FACE('',(#14226),#14230,.T.);
#14226 = FACE_BOUND('',#14227,.F.);
#14227 = EDGE_LOOP('',(#14228,#14229));
#14228 = ORIENTED_EDGE('',*,*,#14139,.T.);
#14229 = ORIENTED_EDGE('',*,*,#14177,.F.);
#14230 = PLANE('',#14231);
#14231 = AXIS2_PLACEMENT_3D('',#14232,#14233,#14234);
#14232 = CARTESIAN_POINT('',(0.,0.,8.05));
#14233 = DIRECTION('',(0.,0.,1.));
#14234 = DIRECTION('',(0.707106781187,-0.707106781187,-0.));
#14235 = ADVANCED_FACE('',(#14236),#14255,.T.);
#14236 = FACE_BOUND('',#14237,.F.);
#14237 = EDGE_LOOP('',(#14238,#14239,#14247,#14254));
#14238 = ORIENTED_EDGE('',*,*,#14209,.T.);
#14239 = ORIENTED_EDGE('',*,*,#14240,.T.);
#14240 = EDGE_CURVE('',#14201,#14241,#14243,.T.);
#14241 = VERTEX_POINT('',#14242);
#14242 = CARTESIAN_POINT('',(0.565685424949,-0.565685424949,3.95));
#14243 = LINE('',#14244,#14245);
#14244 = CARTESIAN_POINT('',(0.565685424949,-0.565685424949,6.85));
#14245 = VECTOR('',#14246,1.);
#14246 = DIRECTION('',(0.,0.,-1.));
#14247 = ORIENTED_EDGE('',*,*,#14248,.F.);
#14248 = EDGE_CURVE('',#14241,#14241,#14249,.T.);
#14249 = CIRCLE('',#14250,0.8);
#14250 = AXIS2_PLACEMENT_3D('',#14251,#14252,#14253);
#14251 = CARTESIAN_POINT('',(0.,0.,3.95));
#14252 = DIRECTION('',(-0.,0.,1.));
#14253 = DIRECTION('',(0.707106781187,-0.707106781187,0.));
#14254 = ORIENTED_EDGE('',*,*,#14240,.F.);
#14255 = CYLINDRICAL_SURFACE('',#14256,0.8);
#14256 = AXIS2_PLACEMENT_3D('',#14257,#14258,#14259);
#14257 = CARTESIAN_POINT('',(0.,0.,6.85));
#14258 = DIRECTION('',(-0.,0.,-1.));
#14259 = DIRECTION('',(0.707106781187,-0.707106781187,-0.));
#14260 = ADVANCED_FACE('',(#14261),#14264,.F.);
#14261 = FACE_BOUND('',#14262,.F.);
#14262 = EDGE_LOOP('',(#14263));
#14263 = ORIENTED_EDGE('',*,*,#14248,.T.);
#14264 = PLANE('',#14265);
#14265 = AXIS2_PLACEMENT_3D('',#14266,#14267,#14268);
#14266 = CARTESIAN_POINT('',(0.,0.,3.95));
#14267 = DIRECTION('',(0.,0.,1.));
#14268 = DIRECTION('',(0.707106781187,-0.707106781187,0.));
#14269 = ( GEOMETRIC_REPRESENTATION_CONTEXT(3) 
GLOBAL_UNCERTAINTY_ASSIGNED_CONTEXT((#14273)) 
GLOBAL_UNIT_ASSIGNED_CONTEXT((#14270,#14271,#14272)) 
REPRESENTATION_CONTEXT('Context #1',
  '3D Context with UNIT and UNCERTAINTY') );
#14270 = ( LENGTH_UNIT() NAMED_UNIT(*) SI_UNIT(.MILLI.,.METRE.) );
#14271 = ( NAMED_UNIT(*) PLANE_ANGLE_UNIT() SI_UNIT($,.RADIAN.) );
#14272 = ( NAMED_UNIT(*) SI_UNIT($,.STERADIAN.) SOLID_ANGLE_UNIT() );
#14273 = UNCERTAINTY_MEASURE_WITH_UNIT(LENGTH_MEASURE(2.E-06),#14270,
  'distance_accuracy_value','confusion accuracy');
#14274 = CONTEXT_DEPENDENT_SHAPE_REPRESENTATION(#14275,#14277);
#14275 = ( REPRESENTATION_RELATIONSHIP('','',#13864,#10) 
REPRESENTATION_RELATIONSHIP_WITH_TRANSFORMATION(#14276) 
SHAPE_REPRESENTATION_RELATIONSHIP() );
#14276 = ITEM_DEFINED_TRANSFORMATION('','',#11,#51);
#14277 = PRODUCT_DEFINITION_SHAPE('Placement','Placement of an item',
  #14278);
#14278 = NEXT_ASSEMBLY_USAGE_OCCURRENCE('490','Body040','',#5,#13859,$);
#14279 = PRODUCT_RELATED_PRODUCT_CATEGORY('part',$,(#13861));
#14280 = SHAPE_DEFINITION_REPRESENTATION(#14281,#14287);
#14281 = PRODUCT_DEFINITION_SHAPE('','',#14282);
#14282 = PRODUCT_DEFINITION('design','',#14283,#14286);
#14283 = PRODUCT_DEFINITION_FORMATION('','',#14284);
#14284 = PRODUCT('Body041','Body041','',(#14285));
#14285 = PRODUCT_CONTEXT('',#2,'mechanical');
#14286 = PRODUCT_DEFINITION_CONTEXT('part definition',#2,'design');
#14287 = ADVANCED_BREP_SHAPE_REPRESENTATION('',(#11,#14288),#16202);
#14288 = MANIFOLD_SOLID_BREP('',#14289);
#14289 = CLOSED_SHELL('',(#14290,#14499,#14546,#14570,#14595,#14626,
    #14764,#14788,#14812,#14836,#14958,#14982,#15006,#15030,#15054,
    #15078,#15102,#15126,#15150,#15174,#15198,#15222,#15246,#15270,
    #15294,#15318,#15335,#15359,#15402,#15419,#15431,#15448,#15465,
    #15507,#15532,#15549,#15588,#15605,#15617,#15650,#15690,#15707,
    #15740,#15775,#15792,#15841,#15858,#15907,#15924,#15941,#15958,
    #15977,#15989,#16031,#16056,#16090,#16123,#16156,#16173,#16190));
#14290 = ADVANCED_FACE('',(#14291),#14494,.T.);
#14291 = FACE_BOUND('',#14292,.T.);
#14292 = EDGE_LOOP('',(#14293,#14303,#14312,#14320,#14328,#14336,#14344,
    #14352,#14360,#14368,#14376,#14384,#14392,#14400,#14408,#14416,
    #14424,#14432,#14440,#14448,#14456,#14464,#14472,#14480,#14488));
#14293 = ORIENTED_EDGE('',*,*,#14294,.F.);
#14294 = EDGE_CURVE('',#14295,#14297,#14299,.T.);
#14295 = VERTEX_POINT('',#14296);
#14296 = CARTESIAN_POINT('',(-0.9,2.600000000001,3.6));
#14297 = VERTEX_POINT('',#14298);
#14298 = CARTESIAN_POINT('',(-0.9,-2.3,3.6));
#14299 = LINE('',#14300,#14301);
#14300 = CARTESIAN_POINT('',(-0.9,-2.75,3.6));
#14301 = VECTOR('',#14302,1.);
#14302 = DIRECTION('',(1.33E-15,-1.,1.67E-15));
#14303 = ORIENTED_EDGE('',*,*,#14304,.T.);
#14304 = EDGE_CURVE('',#14295,#14305,#14307,.T.);
#14305 = VERTEX_POINT('',#14306);
#14306 = CARTESIAN_POINT('',(-0.9,3.100000000001,3.1));
#14307 = CIRCLE('',#14308,0.5);
#14308 = AXIS2_PLACEMENT_3D('',#14309,#14310,#14311);
#14309 = CARTESIAN_POINT('',(-0.9,2.600000000001,3.1));
#14310 = DIRECTION('',(-1.,-6.7E-16,-2.11E-15));
#14311 = DIRECTION('',(-6.7E-16,1.,-2.11E-15));
#14312 = ORIENTED_EDGE('',*,*,#14313,.F.);
#14313 = EDGE_CURVE('',#14314,#14305,#14316,.T.);
#14314 = VERTEX_POINT('',#14315);
#14315 = CARTESIAN_POINT('',(-0.9,3.100000000001,2.8));
#14316 = LINE('',#14317,#14318);
#14317 = CARTESIAN_POINT('',(-0.9,3.100000000001,3.7));
#14318 = VECTOR('',#14319,1.);
#14319 = DIRECTION('',(-1.67E-15,1.1E-16,1.));
#14320 = ORIENTED_EDGE('',*,*,#14321,.F.);
#14321 = EDGE_CURVE('',#14322,#14314,#14324,.T.);
#14322 = VERTEX_POINT('',#14323);
#14323 = CARTESIAN_POINT('',(-0.9,2.5,2.8));
#14324 = LINE('',#14325,#14326);
#14325 = CARTESIAN_POINT('',(-0.9,-3.,2.8));
#14326 = VECTOR('',#14327,1.);
#14327 = DIRECTION('',(-1.33E-15,1.,-1.E-15));
#14328 = ORIENTED_EDGE('',*,*,#14329,.F.);
#14329 = EDGE_CURVE('',#14330,#14322,#14332,.T.);
#14330 = VERTEX_POINT('',#14331);
#14331 = CARTESIAN_POINT('',(-0.9,2.5,2.999999999998));
#14332 = LINE('',#14333,#14334);
#14333 = CARTESIAN_POINT('',(-0.9,2.5,2.45));
#14334 = VECTOR('',#14335,1.);
#14335 = DIRECTION('',(1.67E-15,-1.1E-16,-1.));
#14336 = ORIENTED_EDGE('',*,*,#14337,.F.);
#14337 = EDGE_CURVE('',#14338,#14330,#14340,.T.);
#14338 = VERTEX_POINT('',#14339);
#14339 = CARTESIAN_POINT('',(-0.9,1.65,2.999999999999));
#14340 = LINE('',#14341,#14342);
#14341 = CARTESIAN_POINT('',(-0.9,-0.25,2.999999999998));
#14342 = VECTOR('',#14343,1.);
#14343 = DIRECTION('',(-1.33E-15,1.,-1.67E-15));
#14344 = ORIENTED_EDGE('',*,*,#14345,.T.);
#14345 = EDGE_CURVE('',#14338,#14346,#14348,.T.);
#14346 = VERTEX_POINT('',#14347);
#14347 = CARTESIAN_POINT('',(-0.9,1.505662432703,3.25));
#14348 = LINE('',#14349,#14350);
#14349 = CARTESIAN_POINT('',(-0.9,0.715122960121,4.619254531899));
#14350 = VECTOR('',#14351,1.);
#14351 = DIRECTION('',(-8.6E-16,-0.5,0.866025403784));
#14352 = ORIENTED_EDGE('',*,*,#14353,.T.);
#14353 = EDGE_CURVE('',#14346,#14354,#14356,.T.);
#14354 = VERTEX_POINT('',#14355);
#14355 = CARTESIAN_POINT('',(-0.9,1.361324865405,2.999999999999));
#14356 = LINE('',#14357,#14358);
#14357 = CARTESIAN_POINT('',(-0.9,1.097617513459,2.543245468101));
#14358 = VECTOR('',#14359,1.);
#14359 = DIRECTION('',(1.64E-15,-0.5,-0.866025403784));
#14360 = ORIENTED_EDGE('',*,*,#14361,.F.);
#14361 = EDGE_CURVE('',#14362,#14354,#14364,.T.);
#14362 = VERTEX_POINT('',#14363);
#14363 = CARTESIAN_POINT('',(-0.9,1.157735026919,2.999999999999));
#14364 = LINE('',#14365,#14366);
#14365 = CARTESIAN_POINT('',(-0.9,-0.25,2.999999999998));
#14366 = VECTOR('',#14367,1.);
#14367 = DIRECTION('',(-1.33E-15,1.,-1.67E-15));
#14368 = ORIENTED_EDGE('',*,*,#14369,.T.);
#14369 = EDGE_CURVE('',#14362,#14370,#14372,.T.);
#14370 = VERTEX_POINT('',#14371);
#14371 = CARTESIAN_POINT('',(-0.9,1.013397459622,3.25));
#14372 = LINE('',#14373,#14374);
#14373 = CARTESIAN_POINT('',(-0.9,0.284391108675,4.512676038879));
#14374 = VECTOR('',#14375,1.);
#14375 = DIRECTION('',(-8.6E-16,-0.5,0.866025403784));
#14376 = ORIENTED_EDGE('',*,*,#14377,.T.);
#14377 = EDGE_CURVE('',#14370,#14378,#14380,.T.);
#14378 = VERTEX_POINT('',#14379);
#14379 = CARTESIAN_POINT('',(-0.9,0.869059892324,2.999999999999));
#14380 = LINE('',#14381,#14382);
#14381 = CARTESIAN_POINT('',(-0.9,0.666885662014,2.649823961121));
#14382 = VECTOR('',#14383,1.);
#14383 = DIRECTION('',(1.64E-15,-0.5,-0.866025403784));
#14384 = ORIENTED_EDGE('',*,*,#14385,.F.);
#14385 = EDGE_CURVE('',#14386,#14378,#14388,.T.);
#14386 = VERTEX_POINT('',#14387);
#14387 = CARTESIAN_POINT('',(-0.9,0.665470053838,2.999999999999));
#14388 = LINE('',#14389,#14390);
#14389 = CARTESIAN_POINT('',(-0.9,-0.25,2.999999999998));
#14390 = VECTOR('',#14391,1.);
#14391 = DIRECTION('',(-1.33E-15,1.,-1.67E-15));
#14392 = ORIENTED_EDGE('',*,*,#14393,.T.);
#14393 = EDGE_CURVE('',#14386,#14394,#14396,.T.);
#14394 = VERTEX_POINT('',#14395);
#14395 = CARTESIAN_POINT('',(-0.9,0.521132486541,3.25));
#14396 = LINE('',#14397,#14398);
#14397 = CARTESIAN_POINT('',(-0.9,-0.14634074277,4.406097545859));
#14398 = VECTOR('',#14399,1.);
#14399 = DIRECTION('',(-8.6E-16,-0.5,0.866025403784));
#14400 = ORIENTED_EDGE('',*,*,#14401,.T.);
#14401 = EDGE_CURVE('',#14394,#14402,#14404,.T.);
#14402 = VERTEX_POINT('',#14403);
#14403 = CARTESIAN_POINT('',(-0.9,0.376794919243,2.999999999999));
#14404 = LINE('',#14405,#14406);
#14405 = CARTESIAN_POINT('',(-0.9,0.236153810568,2.756402454141));
#14406 = VECTOR('',#14407,1.);
#14407 = DIRECTION('',(1.64E-15,-0.5,-0.866025403784));
#14408 = ORIENTED_EDGE('',*,*,#14409,.F.);
#14409 = EDGE_CURVE('',#14410,#14402,#14412,.T.);
#14410 = VERTEX_POINT('',#14411);
#14411 = CARTESIAN_POINT('',(-0.9,0.173205080757,2.999999999999));
#14412 = LINE('',#14413,#14414);
#14413 = CARTESIAN_POINT('',(-0.9,-0.25,2.999999999998));
#14414 = VECTOR('',#14415,1.);
#14415 = DIRECTION('',(-1.33E-15,1.,-1.67E-15));
#14416 = ORIENTED_EDGE('',*,*,#14417,.T.);
#14417 = EDGE_CURVE('',#14410,#14418,#14420,.T.);
#14418 = VERTEX_POINT('',#14419);
#14419 = CARTESIAN_POINT('',(-0.9,2.886751345948E-02,3.25));
#14420 = LINE('',#14421,#14422);
#14421 = CARTESIAN_POINT('',(-0.9,-0.577072594216,4.299519052838));
#14422 = VECTOR('',#14423,1.);
#14423 = DIRECTION('',(-8.6E-16,-0.5,0.866025403784));
#14424 = ORIENTED_EDGE('',*,*,#14425,.T.);
#14425 = EDGE_CURVE('',#14418,#14426,#14428,.T.);
#14426 = VERTEX_POINT('',#14427);
#14427 = CARTESIAN_POINT('',(-0.9,-0.115470053838,2.999999999999));
#14428 = LINE('',#14429,#14430);
#14429 = CARTESIAN_POINT('',(-0.9,-0.194578040878,2.862980947162));
#14430 = VECTOR('',#14431,1.);
#14431 = DIRECTION('',(1.64E-15,-0.5,-0.866025403784));
#14432 = ORIENTED_EDGE('',*,*,#14433,.F.);
#14433 = EDGE_CURVE('',#14434,#14426,#14436,.T.);
#14434 = VERTEX_POINT('',#14435);
#14435 = CARTESIAN_POINT('',(-0.9,-0.319059892324,2.999999999999));
#14436 = LINE('',#14437,#14438);
#14437 = CARTESIAN_POINT('',(-0.9,-0.25,2.999999999998));
#14438 = VECTOR('',#14439,1.);
#14439 = DIRECTION('',(-1.33E-15,1.,-1.67E-15));
#14440 = ORIENTED_EDGE('',*,*,#14441,.T.);
#14441 = EDGE_CURVE('',#14434,#14442,#14444,.T.);
#14442 = VERTEX_POINT('',#14443);
#14443 = CARTESIAN_POINT('',(-0.9,-0.463397459622,3.25));
#14444 = LINE('',#14445,#14446);
#14445 = CARTESIAN_POINT('',(-0.9,-1.007804445662,4.192940559818));
#14446 = VECTOR('',#14447,1.);
#14447 = DIRECTION('',(-8.6E-16,-0.5,0.866025403784));
#14448 = ORIENTED_EDGE('',*,*,#14449,.T.);
#14449 = EDGE_CURVE('',#14442,#14450,#14452,.T.);
#14450 = VERTEX_POINT('',#14451);
#14451 = CARTESIAN_POINT('',(-0.9,-0.607735026919,2.999999999999));
#14452 = LINE('',#14453,#14454);
#14453 = CARTESIAN_POINT('',(-0.9,-0.625309892324,2.969559440182));
#14454 = VECTOR('',#14455,1.);
#14455 = DIRECTION('',(1.64E-15,-0.5,-0.866025403784));
#14456 = ORIENTED_EDGE('',*,*,#14457,.F.);
#14457 = EDGE_CURVE('',#14458,#14450,#14460,.T.);
#14458 = VERTEX_POINT('',#14459);
#14459 = CARTESIAN_POINT('',(-0.9,-0.811324865405,2.999999999999));
#14460 = LINE('',#14461,#14462);
#14461 = CARTESIAN_POINT('',(-0.9,-0.25,2.999999999998));
#14462 = VECTOR('',#14463,1.);
#14463 = DIRECTION('',(-1.33E-15,1.,-1.67E-15));
#14464 = ORIENTED_EDGE('',*,*,#14465,.T.);
#14465 = EDGE_CURVE('',#14458,#14466,#14468,.T.);
#14466 = VERTEX_POINT('',#14467);
#14467 = CARTESIAN_POINT('',(-0.9,-0.955662432703,3.25));
#14468 = LINE('',#14469,#14470);
#14469 = CARTESIAN_POINT('',(-0.9,-1.438536297108,4.086362066798));
#14470 = VECTOR('',#14471,1.);
#14471 = DIRECTION('',(-8.6E-16,-0.5,0.866025403784));
#14472 = ORIENTED_EDGE('',*,*,#14473,.T.);
#14473 = EDGE_CURVE('',#14466,#14474,#14476,.T.);
#14474 = VERTEX_POINT('',#14475);
#14475 = CARTESIAN_POINT('',(-0.9,-1.1,2.999999999999));
#14476 = LINE('',#14477,#14478);
#14477 = CARTESIAN_POINT('',(-0.9,-1.05604174377,3.076137933202));
#14478 = VECTOR('',#14479,1.);
#14479 = DIRECTION('',(1.64E-15,-0.5,-0.866025403784));
#14480 = ORIENTED_EDGE('',*,*,#14481,.F.);
#14481 = EDGE_CURVE('',#14482,#14474,#14484,.T.);
#14482 = VERTEX_POINT('',#14483);
#14483 = CARTESIAN_POINT('',(-0.9,-2.3,2.999999999998));
#14484 = LINE('',#14485,#14486);
#14485 = CARTESIAN_POINT('',(-0.9,-0.25,2.999999999998));
#14486 = VECTOR('',#14487,1.);
#14487 = DIRECTION('',(-1.33E-15,1.,-1.67E-15));
#14488 = ORIENTED_EDGE('',*,*,#14489,.F.);
#14489 = EDGE_CURVE('',#14297,#14482,#14490,.T.);
#14490 = LINE('',#14491,#14492);
#14491 = CARTESIAN_POINT('',(-0.9,-2.3,3.6));
#14492 = VECTOR('',#14493,1.);
#14493 = DIRECTION('',(1.67E-15,-1.44E-15,-1.));
#14494 = PLANE('',#14495);
#14495 = AXIS2_PLACEMENT_3D('',#14496,#14497,#14498);
#14496 = CARTESIAN_POINT('',(-0.9,-3.,4.3));
#14497 = DIRECTION('',(-1.,4.4E-16,1.1E-16));
#14498 = DIRECTION('',(-1.1E-16,1.E-15,-1.));
#14499 = ADVANCED_FACE('',(#14500),#14541,.T.);
#14500 = FACE_BOUND('',#14501,.T.);
#14501 = EDGE_LOOP('',(#14502,#14503,#14511,#14519,#14527,#14535));
#14502 = ORIENTED_EDGE('',*,*,#14294,.T.);
#14503 = ORIENTED_EDGE('',*,*,#14504,.T.);
#14504 = EDGE_CURVE('',#14297,#14505,#14507,.T.);
#14505 = VERTEX_POINT('',#14506);
#14506 = CARTESIAN_POINT('',(-0.7,-2.5,3.6));
#14507 = LINE('',#14508,#14509);
#14508 = CARTESIAN_POINT('',(-0.875,-2.325,3.6));
#14509 = VECTOR('',#14510,1.);
#14510 = DIRECTION('',(0.707106781187,-0.707106781187,2.55E-15));
#14511 = ORIENTED_EDGE('',*,*,#14512,.T.);
#14512 = EDGE_CURVE('',#14505,#14513,#14515,.T.);
#14513 = VERTEX_POINT('',#14514);
#14514 = CARTESIAN_POINT('',(0.7,-2.5,3.6));
#14515 = LINE('',#14516,#14517);
#14516 = CARTESIAN_POINT('',(-1.2,-2.5,3.6));
#14517 = VECTOR('',#14518,1.);
#14518 = DIRECTION('',(1.,-1.11E-15,-2.8E-16));
#14519 = ORIENTED_EDGE('',*,*,#14520,.F.);
#14520 = EDGE_CURVE('',#14521,#14513,#14523,.T.);
#14521 = VERTEX_POINT('',#14522);
#14522 = CARTESIAN_POINT('',(0.9,-2.3,3.6));
#14523 = LINE('',#14524,#14525);
#14524 = CARTESIAN_POINT('',(0.275,-2.925,3.6));
#14525 = VECTOR('',#14526,1.);
#14526 = DIRECTION('',(-0.707106781187,-0.707106781187,-8.2E-16));
#14527 = ORIENTED_EDGE('',*,*,#14528,.T.);
#14528 = EDGE_CURVE('',#14521,#14529,#14531,.T.);
#14529 = VERTEX_POINT('',#14530);
#14530 = CARTESIAN_POINT('',(0.9,2.600000000001,3.6));
#14531 = LINE('',#14532,#14533);
#14532 = CARTESIAN_POINT('',(0.9,-2.75,3.6));
#14533 = VECTOR('',#14534,1.);
#14534 = DIRECTION('',(-1.33E-15,1.,-1.67E-15));
#14535 = ORIENTED_EDGE('',*,*,#14536,.F.);
#14536 = EDGE_CURVE('',#14295,#14529,#14537,.T.);
#14537 = LINE('',#14538,#14539);
#14538 = CARTESIAN_POINT('',(-1.2,2.600000000001,3.6));
#14539 = VECTOR('',#14540,1.);
#14540 = DIRECTION('',(1.,-1.11E-15,-2.8E-16));
#14541 = PLANE('',#14542);
#14542 = AXIS2_PLACEMENT_3D('',#14543,#14544,#14545);
#14543 = CARTESIAN_POINT('',(-1.2,-2.5,3.6));
#14544 = DIRECTION('',(-2.39E-15,-7.8E-16,1.));
#14545 = DIRECTION('',(-1.78E-15,1.,7.8E-16));
#14546 = ADVANCED_FACE('',(#14547),#14565,.T.);
#14547 = FACE_BOUND('',#14548,.T.);
#14548 = EDGE_LOOP('',(#14549,#14550,#14551,#14559));
#14549 = ORIENTED_EDGE('',*,*,#14504,.F.);
#14550 = ORIENTED_EDGE('',*,*,#14489,.T.);
#14551 = ORIENTED_EDGE('',*,*,#14552,.T.);
#14552 = EDGE_CURVE('',#14482,#14553,#14555,.T.);
#14553 = VERTEX_POINT('',#14554);
#14554 = CARTESIAN_POINT('',(-0.7,-2.5,3.199999999998));
#14555 = LINE('',#14556,#14557);
#14556 = CARTESIAN_POINT('',(-0.733333333333,-2.466666666667,
    3.166666666665));
#14557 = VECTOR('',#14558,1.);
#14558 = DIRECTION('',(0.57735026919,-0.57735026919,0.57735026919));
#14559 = ORIENTED_EDGE('',*,*,#14560,.F.);
#14560 = EDGE_CURVE('',#14505,#14553,#14561,.T.);
#14561 = LINE('',#14562,#14563);
#14562 = CARTESIAN_POINT('',(-0.7,-2.5,3.6));
#14563 = VECTOR('',#14564,1.);
#14564 = DIRECTION('',(1.67E-15,-1.44E-15,-1.));
#14565 = PLANE('',#14566);
#14566 = AXIS2_PLACEMENT_3D('',#14567,#14568,#14569);
#14567 = CARTESIAN_POINT('',(-0.8,-2.4,3.6));
#14568 = DIRECTION('',(-0.707106781187,-0.707106781187,1.1E-15));
#14569 = DIRECTION('',(7.771825406948E-16,-2.332817459305E-15,-1.));
#14570 = ADVANCED_FACE('',(#14571),#14590,.T.);
#14571 = FACE_BOUND('',#14572,.F.);
#14572 = EDGE_LOOP('',(#14573,#14574,#14582,#14589));
#14573 = ORIENTED_EDGE('',*,*,#14304,.T.);
#14574 = ORIENTED_EDGE('',*,*,#14575,.T.);
#14575 = EDGE_CURVE('',#14305,#14576,#14578,.T.);
#14576 = VERTEX_POINT('',#14577);
#14577 = CARTESIAN_POINT('',(0.9,3.100000000001,3.1));
#14578 = LINE('',#14579,#14580);
#14579 = CARTESIAN_POINT('',(-1.2,3.100000000001,3.1));
#14580 = VECTOR('',#14581,1.);
#14581 = DIRECTION('',(1.,-1.11E-15,-2.8E-16));
#14582 = ORIENTED_EDGE('',*,*,#14583,.F.);
#14583 = EDGE_CURVE('',#14529,#14576,#14584,.T.);
#14584 = CIRCLE('',#14585,0.5);
#14585 = AXIS2_PLACEMENT_3D('',#14586,#14587,#14588);
#14586 = CARTESIAN_POINT('',(0.9,2.600000000001,3.1));
#14587 = DIRECTION('',(-1.,-6.7E-16,-2.11E-15));
#14588 = DIRECTION('',(-6.7E-16,1.,-2.11E-15));
#14589 = ORIENTED_EDGE('',*,*,#14536,.F.);
#14590 = CYLINDRICAL_SURFACE('',#14591,0.5);
#14591 = AXIS2_PLACEMENT_3D('',#14592,#14593,#14594);
#14592 = CARTESIAN_POINT('',(-1.2,2.600000000001,3.1));
#14593 = DIRECTION('',(-1.,8.9E-16,1.1E-16));
#14594 = DIRECTION('',(8.9E-16,1.,-1.89E-15));
#14595 = ADVANCED_FACE('',(#14596),#14621,.T.);
#14596 = FACE_BOUND('',#14597,.T.);
#14597 = EDGE_LOOP('',(#14598,#14608,#14614,#14615));
#14598 = ORIENTED_EDGE('',*,*,#14599,.T.);
#14599 = EDGE_CURVE('',#14600,#14602,#14604,.T.);
#14600 = VERTEX_POINT('',#14601);
#14601 = CARTESIAN_POINT('',(0.9,-1.1,2.999999999999));
#14602 = VERTEX_POINT('',#14603);
#14603 = CARTESIAN_POINT('',(0.9,-2.3,2.999999999998));
#14604 = LINE('',#14605,#14606);
#14605 = CARTESIAN_POINT('',(0.9,-0.25,2.999999999998));
#14606 = VECTOR('',#14607,1.);
#14607 = DIRECTION('',(1.33E-15,-1.,1.67E-15));
#14608 = ORIENTED_EDGE('',*,*,#14609,.F.);
#14609 = EDGE_CURVE('',#14482,#14602,#14610,.T.);
#14610 = LINE('',#14611,#14612);
#14611 = CARTESIAN_POINT('',(-0.9,-2.3,2.999999999998));
#14612 = VECTOR('',#14613,1.);
#14613 = DIRECTION('',(1.,-1.78E-15,1.05E-15));
#14614 = ORIENTED_EDGE('',*,*,#14481,.T.);
#14615 = ORIENTED_EDGE('',*,*,#14616,.F.);
#14616 = EDGE_CURVE('',#14600,#14474,#14617,.T.);
#14617 = LINE('',#14618,#14619);
#14618 = CARTESIAN_POINT('',(9.526179507022,-1.1,3.));
#14619 = VECTOR('',#14620,1.);
#14620 = DIRECTION('',(-1.,7.8E-16,-6.E-17));
#14621 = PLANE('',#14622);
#14622 = AXIS2_PLACEMENT_3D('',#14623,#14624,#14625);
#14623 = CARTESIAN_POINT('',(-1.2,2.5,2.999999999998));
#14624 = DIRECTION('',(2.39E-15,7.8E-16,-1.));
#14625 = DIRECTION('',(1.78E-15,-1.,-7.8E-16));
#14626 = ADVANCED_FACE('',(#14627,#14709),#14759,.T.);
#14627 = FACE_BOUND('',#14628,.T.);
#14628 = EDGE_LOOP('',(#14629,#14637,#14638,#14639,#14647,#14655,#14663,
    #14671,#14679,#14687,#14695,#14703));
#14629 = ORIENTED_EDGE('',*,*,#14630,.T.);
#14630 = EDGE_CURVE('',#14631,#14314,#14633,.T.);
#14631 = VERTEX_POINT('',#14632);
#14632 = CARTESIAN_POINT('',(-1.2,3.100000000001,2.8));
#14633 = LINE('',#14634,#14635);
#14634 = CARTESIAN_POINT('',(-1.05,3.100000000001,2.8));
#14635 = VECTOR('',#14636,1.);
#14636 = DIRECTION('',(1.,-8.9E-16,-3.3E-16));
#14637 = ORIENTED_EDGE('',*,*,#14313,.T.);
#14638 = ORIENTED_EDGE('',*,*,#14575,.T.);
#14639 = ORIENTED_EDGE('',*,*,#14640,.T.);
#14640 = EDGE_CURVE('',#14576,#14641,#14643,.T.);
#14641 = VERTEX_POINT('',#14642);
#14642 = CARTESIAN_POINT('',(0.9,3.100000000001,2.8));
#14643 = LINE('',#14644,#14645);
#14644 = CARTESIAN_POINT('',(0.9,3.100000000001,2.95));
#14645 = VECTOR('',#14646,1.);
#14646 = DIRECTION('',(1.67E-15,-1.1E-16,-1.));
#14647 = ORIENTED_EDGE('',*,*,#14648,.T.);
#14648 = EDGE_CURVE('',#14641,#14649,#14651,.T.);
#14649 = VERTEX_POINT('',#14650);
#14650 = CARTESIAN_POINT('',(1.2,3.100000000001,2.8));
#14651 = LINE('',#14652,#14653);
#14652 = CARTESIAN_POINT('',(0.6,3.100000000001,2.8));
#14653 = VECTOR('',#14654,1.);
#14654 = DIRECTION('',(1.,-8.9E-16,-3.3E-16));
#14655 = ORIENTED_EDGE('',*,*,#14656,.T.);
#14656 = EDGE_CURVE('',#14649,#14657,#14659,.T.);
#14657 = VERTEX_POINT('',#14658);
#14658 = CARTESIAN_POINT('',(1.2,3.1,0.75));
#14659 = LINE('',#14660,#14661);
#14660 = CARTESIAN_POINT('',(1.2,3.100000000001,3.1));
#14661 = VECTOR('',#14662,1.);
#14662 = DIRECTION('',(2.33E-15,1.44E-15,-1.));
#14663 = ORIENTED_EDGE('',*,*,#14664,.T.);
#14664 = EDGE_CURVE('',#14657,#14665,#14667,.T.);
#14665 = VERTEX_POINT('',#14666);
#14666 = CARTESIAN_POINT('',(0.8,3.1,0.75));
#14667 = LINE('',#14668,#14669);
#14668 = CARTESIAN_POINT('',(1.8,3.1,0.75));
#14669 = VECTOR('',#14670,1.);
#14670 = DIRECTION('',(-1.,4.4E-16,3.3E-16));
#14671 = ORIENTED_EDGE('',*,*,#14672,.F.);
#14672 = EDGE_CURVE('',#14673,#14665,#14675,.T.);
#14673 = VERTEX_POINT('',#14674);
#14674 = CARTESIAN_POINT('',(0.8,3.1,0.5));
#14675 = LINE('',#14676,#14677);
#14676 = CARTESIAN_POINT('',(0.8,3.1,-2.5E-15));
#14677 = VECTOR('',#14678,1.);
#14678 = DIRECTION('',(-1.E-15,-3.3E-16,1.));
#14679 = ORIENTED_EDGE('',*,*,#14680,.F.);
#14680 = EDGE_CURVE('',#14681,#14673,#14683,.T.);
#14681 = VERTEX_POINT('',#14682);
#14682 = CARTESIAN_POINT('',(-0.8,3.1,0.5));
#14683 = LINE('',#14684,#14685);
#14684 = CARTESIAN_POINT('',(-1.2,3.100000000001,0.5));
#14685 = VECTOR('',#14686,1.);
#14686 = DIRECTION('',(1.,-1.11E-15,-2.8E-16));
#14687 = ORIENTED_EDGE('',*,*,#14688,.T.);
#14688 = EDGE_CURVE('',#14681,#14689,#14691,.T.);
#14689 = VERTEX_POINT('',#14690);
#14690 = CARTESIAN_POINT('',(-0.8,3.1,0.75));
#14691 = LINE('',#14692,#14693);
#14692 = CARTESIAN_POINT('',(-0.8,3.1,-2.32E-15));
#14693 = VECTOR('',#14694,1.);
#14694 = DIRECTION('',(-1.E-15,-3.3E-16,1.));
#14695 = ORIENTED_EDGE('',*,*,#14696,.F.);
#14696 = EDGE_CURVE('',#14697,#14689,#14699,.T.);
#14697 = VERTEX_POINT('',#14698);
#14698 = CARTESIAN_POINT('',(-1.2,3.1,0.75));
#14699 = LINE('',#14700,#14701);
#14700 = CARTESIAN_POINT('',(-1.8,3.1,0.75));
#14701 = VECTOR('',#14702,1.);
#14702 = DIRECTION('',(1.,-4.4E-16,-3.3E-16));
#14703 = ORIENTED_EDGE('',*,*,#14704,.F.);
#14704 = EDGE_CURVE('',#14631,#14697,#14705,.T.);
#14705 = LINE('',#14706,#14707);
#14706 = CARTESIAN_POINT('',(-1.2,3.100000000001,3.1));
#14707 = VECTOR('',#14708,1.);
#14708 = DIRECTION('',(2.33E-15,1.44E-15,-1.));
#14709 = FACE_BOUND('',#14710,.T.);
#14710 = EDGE_LOOP('',(#14711,#14721,#14729,#14737,#14745,#14753));
#14711 = ORIENTED_EDGE('',*,*,#14712,.F.);
#14712 = EDGE_CURVE('',#14713,#14715,#14717,.T.);
#14713 = VERTEX_POINT('',#14714);
#14714 = CARTESIAN_POINT('',(0.6,3.1,2.5));
#14715 = VERTEX_POINT('',#14716);
#14716 = CARTESIAN_POINT('',(0.6,3.1,1.209917094366));
#14717 = LINE('',#14718,#14719);
#14718 = CARTESIAN_POINT('',(0.6,3.1,2.5));
#14719 = VECTOR('',#14720,1.);
#14720 = DIRECTION('',(6.7E-16,3.3E-16,-1.));
#14721 = ORIENTED_EDGE('',*,*,#14722,.T.);
#14722 = EDGE_CURVE('',#14713,#14723,#14725,.T.);
#14723 = VERTEX_POINT('',#14724);
#14724 = CARTESIAN_POINT('',(-0.6,3.1,2.5));
#14725 = LINE('',#14726,#14727);
#14726 = CARTESIAN_POINT('',(0.6,3.1,2.5));
#14727 = VECTOR('',#14728,1.);
#14728 = DIRECTION('',(-1.,5.6E-16,-2.8E-16));
#14729 = ORIENTED_EDGE('',*,*,#14730,.T.);
#14730 = EDGE_CURVE('',#14723,#14731,#14733,.T.);
#14731 = VERTEX_POINT('',#14732);
#14732 = CARTESIAN_POINT('',(-0.6,3.1,1.209917094366));
#14733 = LINE('',#14734,#14735);
#14734 = CARTESIAN_POINT('',(-0.6,3.1,2.5));
#14735 = VECTOR('',#14736,1.);
#14736 = DIRECTION('',(6.7E-16,3.3E-16,-1.));
#14737 = ORIENTED_EDGE('',*,*,#14738,.T.);
#14738 = EDGE_CURVE('',#14731,#14739,#14741,.T.);
#14739 = VERTEX_POINT('',#14740);
#14740 = CARTESIAN_POINT('',(-0.6,3.1,1.));
#14741 = LINE('',#14742,#14743);
#14742 = CARTESIAN_POINT('',(-0.6,3.1,2.5));
#14743 = VECTOR('',#14744,1.);
#14744 = DIRECTION('',(6.7E-16,3.3E-16,-1.));
#14745 = ORIENTED_EDGE('',*,*,#14746,.F.);
#14746 = EDGE_CURVE('',#14747,#14739,#14749,.T.);
#14747 = VERTEX_POINT('',#14748);
#14748 = CARTESIAN_POINT('',(0.6,3.1,1.));
#14749 = LINE('',#14750,#14751);
#14750 = CARTESIAN_POINT('',(0.6,3.1,1.));
#14751 = VECTOR('',#14752,1.);
#14752 = DIRECTION('',(-1.,5.6E-16,-2.8E-16));
#14753 = ORIENTED_EDGE('',*,*,#14754,.F.);
#14754 = EDGE_CURVE('',#14715,#14747,#14755,.T.);
#14755 = LINE('',#14756,#14757);
#14756 = CARTESIAN_POINT('',(0.6,3.1,2.5));
#14757 = VECTOR('',#14758,1.);
#14758 = DIRECTION('',(6.7E-16,3.3E-16,-1.));
#14759 = PLANE('',#14760);
#14760 = AXIS2_PLACEMENT_3D('',#14761,#14762,#14763);
#14761 = CARTESIAN_POINT('',(-1.2,3.100000000001,3.1));
#14762 = DIRECTION('',(-1.55E-15,1.,-1.67E-15));
#14763 = DIRECTION('',(2.55E-15,-1.67E-15,-1.));
#14764 = ADVANCED_FACE('',(#14765),#14783,.T.);
#14765 = FACE_BOUND('',#14766,.T.);
#14766 = EDGE_LOOP('',(#14767,#14775,#14776,#14777));
#14767 = ORIENTED_EDGE('',*,*,#14768,.F.);
#14768 = EDGE_CURVE('',#14600,#14769,#14771,.T.);
#14769 = VERTEX_POINT('',#14770);
#14770 = CARTESIAN_POINT('',(0.9,-0.955662432703,3.25));
#14771 = LINE('',#14772,#14773);
#14772 = CARTESIAN_POINT('',(0.9,-1.380801270189,2.513637933202));
#14773 = VECTOR('',#14774,1.);
#14774 = DIRECTION('',(-1.64E-15,0.5,0.866025403784));
#14775 = ORIENTED_EDGE('',*,*,#14616,.T.);
#14776 = ORIENTED_EDGE('',*,*,#14473,.F.);
#14777 = ORIENTED_EDGE('',*,*,#14778,.F.);
#14778 = EDGE_CURVE('',#14769,#14466,#14779,.T.);
#14779 = LINE('',#14780,#14781);
#14780 = CARTESIAN_POINT('',(9.526179507022,-0.955662432703,3.25));
#14781 = VECTOR('',#14782,1.);
#14782 = DIRECTION('',(-1.,7.8E-16,-6.E-17));
#14783 = PLANE('',#14784);
#14784 = AXIS2_PLACEMENT_3D('',#14785,#14786,#14787);
#14785 = CARTESIAN_POINT('',(9.526179507022,-1.1,3.));
#14786 = DIRECTION('',(2.1E-16,0.866025403784,-0.5));
#14787 = DIRECTION('',(-1.73E-15,0.5,0.866025403784));
#14788 = ADVANCED_FACE('',(#14789),#14807,.T.);
#14789 = FACE_BOUND('',#14790,.T.);
#14790 = EDGE_LOOP('',(#14791,#14799,#14800,#14801));
#14791 = ORIENTED_EDGE('',*,*,#14792,.F.);
#14792 = EDGE_CURVE('',#14322,#14793,#14795,.T.);
#14793 = VERTEX_POINT('',#14794);
#14794 = CARTESIAN_POINT('',(-1.2,2.5,2.8));
#14795 = LINE('',#14796,#14797);
#14796 = CARTESIAN_POINT('',(-1.05,2.5,2.8));
#14797 = VECTOR('',#14798,1.);
#14798 = DIRECTION('',(-1.,8.9E-16,3.3E-16));
#14799 = ORIENTED_EDGE('',*,*,#14321,.T.);
#14800 = ORIENTED_EDGE('',*,*,#14630,.F.);
#14801 = ORIENTED_EDGE('',*,*,#14802,.T.);
#14802 = EDGE_CURVE('',#14631,#14793,#14803,.T.);
#14803 = LINE('',#14804,#14805);
#14804 = CARTESIAN_POINT('',(-1.2,-1.112514950396,2.8));
#14805 = VECTOR('',#14806,1.);
#14806 = DIRECTION('',(4.4E-16,-1.,1.E-15));
#14807 = PLANE('',#14808);
#14808 = AXIS2_PLACEMENT_3D('',#14809,#14810,#14811);
#14809 = CARTESIAN_POINT('',(-0.9,-3.,2.8));
#14810 = DIRECTION('',(-1.44E-15,-7.8E-16,1.));
#14811 = DIRECTION('',(-1.,6.7E-16,-1.44E-15));
#14812 = ADVANCED_FACE('',(#14813),#14831,.T.);
#14813 = FACE_BOUND('',#14814,.T.);
#14814 = EDGE_LOOP('',(#14815,#14823,#14824,#14825));
#14815 = ORIENTED_EDGE('',*,*,#14816,.F.);
#14816 = EDGE_CURVE('',#14769,#14817,#14819,.T.);
#14817 = VERTEX_POINT('',#14818);
#14818 = CARTESIAN_POINT('',(0.9,-0.811324865405,2.999999999999));
#14819 = LINE('',#14820,#14821);
#14820 = CARTESIAN_POINT('',(0.9,-1.113776770689,3.523862066798));
#14821 = VECTOR('',#14822,1.);
#14822 = DIRECTION('',(8.6E-16,0.5,-0.866025403784));
#14823 = ORIENTED_EDGE('',*,*,#14778,.T.);
#14824 = ORIENTED_EDGE('',*,*,#14465,.F.);
#14825 = ORIENTED_EDGE('',*,*,#14826,.F.);
#14826 = EDGE_CURVE('',#14817,#14458,#14827,.T.);
#14827 = LINE('',#14828,#14829);
#14828 = CARTESIAN_POINT('',(9.526179507022,-0.811324865405,3.));
#14829 = VECTOR('',#14830,1.);
#14830 = DIRECTION('',(-1.,7.8E-16,-6.E-17));
#14831 = PLANE('',#14832);
#14832 = AXIS2_PLACEMENT_3D('',#14833,#14834,#14835);
#14833 = CARTESIAN_POINT('',(9.526179507022,-0.955662432703,3.25));
#14834 = DIRECTION('',(1.17E-15,-0.866025403784,-0.5));
#14835 = DIRECTION('',(9.6E-16,0.5,-0.866025403784));
#14836 = ADVANCED_FACE('',(#14837,#14919),#14953,.T.);
#14837 = FACE_BOUND('',#14838,.T.);
#14838 = EDGE_LOOP('',(#14839,#14847,#14855,#14863,#14871,#14879,#14887,
    #14895,#14903,#14911,#14917,#14918));
#14839 = ORIENTED_EDGE('',*,*,#14840,.F.);
#14840 = EDGE_CURVE('',#14841,#14793,#14843,.T.);
#14841 = VERTEX_POINT('',#14842);
#14842 = CARTESIAN_POINT('',(-1.2,2.5,0.75));
#14843 = LINE('',#14844,#14845);
#14844 = CARTESIAN_POINT('',(-1.2,2.5,0.6));
#14845 = VECTOR('',#14846,1.);
#14846 = DIRECTION('',(-2.33E-15,-1.44E-15,1.));
#14847 = ORIENTED_EDGE('',*,*,#14848,.F.);
#14848 = EDGE_CURVE('',#14849,#14841,#14851,.T.);
#14849 = VERTEX_POINT('',#14850);
#14850 = CARTESIAN_POINT('',(-0.8,2.5,0.75));
#14851 = LINE('',#14852,#14853);
#14852 = CARTESIAN_POINT('',(-0.6,2.5,0.75));
#14853 = VECTOR('',#14854,1.);
#14854 = DIRECTION('',(-1.,6.7E-16,-1.1E-16));
#14855 = ORIENTED_EDGE('',*,*,#14856,.F.);
#14856 = EDGE_CURVE('',#14857,#14849,#14859,.T.);
#14857 = VERTEX_POINT('',#14858);
#14858 = CARTESIAN_POINT('',(-0.8,2.5,0.6));
#14859 = LINE('',#14860,#14861);
#14860 = CARTESIAN_POINT('',(-0.8,2.5,0.3));
#14861 = VECTOR('',#14862,1.);
#14862 = DIRECTION('',(-1.E-15,1.22E-15,1.));
#14863 = ORIENTED_EDGE('',*,*,#14864,.T.);
#14864 = EDGE_CURVE('',#14857,#14865,#14867,.T.);
#14865 = VERTEX_POINT('',#14866);
#14866 = CARTESIAN_POINT('',(0.8,2.5,0.6));
#14867 = LINE('',#14868,#14869);
#14868 = CARTESIAN_POINT('',(-1.2,2.5,0.6));
#14869 = VECTOR('',#14870,1.);
#14870 = DIRECTION('',(1.,-1.11E-15,-2.8E-16));
#14871 = ORIENTED_EDGE('',*,*,#14872,.T.);
#14872 = EDGE_CURVE('',#14865,#14873,#14875,.T.);
#14873 = VERTEX_POINT('',#14874);
#14874 = CARTESIAN_POINT('',(0.8,2.5,0.75));
#14875 = LINE('',#14876,#14877);
#14876 = CARTESIAN_POINT('',(0.8,2.5,0.3));
#14877 = VECTOR('',#14878,1.);
#14878 = DIRECTION('',(-1.E-15,1.22E-15,1.));
#14879 = ORIENTED_EDGE('',*,*,#14880,.F.);
#14880 = EDGE_CURVE('',#14881,#14873,#14883,.T.);
#14881 = VERTEX_POINT('',#14882);
#14882 = CARTESIAN_POINT('',(1.2,2.5,0.75));
#14883 = LINE('',#14884,#14885);
#14884 = CARTESIAN_POINT('',(-0.6,2.5,0.75));
#14885 = VECTOR('',#14886,1.);
#14886 = DIRECTION('',(-1.,6.7E-16,-1.1E-16));
#14887 = ORIENTED_EDGE('',*,*,#14888,.T.);
#14888 = EDGE_CURVE('',#14881,#14889,#14891,.T.);
#14889 = VERTEX_POINT('',#14890);
#14890 = CARTESIAN_POINT('',(1.2,2.5,2.8));
#14891 = LINE('',#14892,#14893);
#14892 = CARTESIAN_POINT('',(1.2,2.5,0.6));
#14893 = VECTOR('',#14894,1.);
#14894 = DIRECTION('',(-2.33E-15,-1.44E-15,1.));
#14895 = ORIENTED_EDGE('',*,*,#14896,.T.);
#14896 = EDGE_CURVE('',#14889,#14897,#14899,.T.);
#14897 = VERTEX_POINT('',#14898);
#14898 = CARTESIAN_POINT('',(0.9,2.5,2.8));
#14899 = LINE('',#14900,#14901);
#14900 = CARTESIAN_POINT('',(0.6,2.5,2.8));
#14901 = VECTOR('',#14902,1.);
#14902 = DIRECTION('',(-1.,8.9E-16,3.3E-16));
#14903 = ORIENTED_EDGE('',*,*,#14904,.T.);
#14904 = EDGE_CURVE('',#14897,#14905,#14907,.T.);
#14905 = VERTEX_POINT('',#14906);
#14906 = CARTESIAN_POINT('',(0.9,2.5,2.999999999998));
#14907 = LINE('',#14908,#14909);
#14908 = CARTESIAN_POINT('',(0.9,2.5,1.7));
#14909 = VECTOR('',#14910,1.);
#14910 = DIRECTION('',(-1.67E-15,1.1E-16,1.));
#14911 = ORIENTED_EDGE('',*,*,#14912,.F.);
#14912 = EDGE_CURVE('',#14330,#14905,#14913,.T.);
#14913 = LINE('',#14914,#14915);
#14914 = CARTESIAN_POINT('',(-1.2,2.5,2.999999999998));
#14915 = VECTOR('',#14916,1.);
#14916 = DIRECTION('',(1.,-1.11E-15,-2.8E-16));
#14917 = ORIENTED_EDGE('',*,*,#14329,.T.);
#14918 = ORIENTED_EDGE('',*,*,#14792,.T.);
#14919 = FACE_BOUND('',#14920,.T.);
#14920 = EDGE_LOOP('',(#14921,#14931,#14939,#14947));
#14921 = ORIENTED_EDGE('',*,*,#14922,.F.);
#14922 = EDGE_CURVE('',#14923,#14925,#14927,.T.);
#14923 = VERTEX_POINT('',#14924);
#14924 = CARTESIAN_POINT('',(0.6,2.5,2.5));
#14925 = VERTEX_POINT('',#14926);
#14926 = CARTESIAN_POINT('',(-0.6,2.5,2.5));
#14927 = LINE('',#14928,#14929);
#14928 = CARTESIAN_POINT('',(0.6,2.5,2.5));
#14929 = VECTOR('',#14930,1.);
#14930 = DIRECTION('',(-1.,5.6E-16,-2.8E-16));
#14931 = ORIENTED_EDGE('',*,*,#14932,.F.);
#14932 = EDGE_CURVE('',#14933,#14923,#14935,.T.);
#14933 = VERTEX_POINT('',#14934);
#14934 = CARTESIAN_POINT('',(0.6,2.5,1.));
#14935 = LINE('',#14936,#14937);
#14936 = CARTESIAN_POINT('',(0.6,2.5,1.));
#14937 = VECTOR('',#14938,1.);
#14938 = DIRECTION('',(-6.7E-16,-3.3E-16,1.));
#14939 = ORIENTED_EDGE('',*,*,#14940,.T.);
#14940 = EDGE_CURVE('',#14933,#14941,#14943,.T.);
#14941 = VERTEX_POINT('',#14942);
#14942 = CARTESIAN_POINT('',(-0.6,2.5,1.));
#14943 = LINE('',#14944,#14945);
#14944 = CARTESIAN_POINT('',(0.6,2.5,1.));
#14945 = VECTOR('',#14946,1.);
#14946 = DIRECTION('',(-1.,5.6E-16,-2.8E-16));
#14947 = ORIENTED_EDGE('',*,*,#14948,.T.);
#14948 = EDGE_CURVE('',#14941,#14925,#14949,.T.);
#14949 = LINE('',#14950,#14951);
#14950 = CARTESIAN_POINT('',(-0.6,2.5,1.));
#14951 = VECTOR('',#14952,1.);
#14952 = DIRECTION('',(-6.7E-16,-3.3E-16,1.));
#14953 = PLANE('',#14954);
#14954 = AXIS2_PLACEMENT_3D('',#14955,#14956,#14957);
#14955 = CARTESIAN_POINT('',(-1.2,2.5,0.6));
#14956 = DIRECTION('',(1.55E-15,-1.,1.67E-15));
#14957 = DIRECTION('',(-2.55E-15,1.67E-15,1.));
#14958 = ADVANCED_FACE('',(#14959),#14977,.T.);
#14959 = FACE_BOUND('',#14960,.T.);
#14960 = EDGE_LOOP('',(#14961,#14962,#14963,#14971));
#14961 = ORIENTED_EDGE('',*,*,#14826,.T.);
#14962 = ORIENTED_EDGE('',*,*,#14457,.T.);
#14963 = ORIENTED_EDGE('',*,*,#14964,.F.);
#14964 = EDGE_CURVE('',#14965,#14450,#14967,.T.);
#14965 = VERTEX_POINT('',#14966);
#14966 = CARTESIAN_POINT('',(0.9,-0.607735026919,2.999999999999));
#14967 = LINE('',#14968,#14969);
#14968 = CARTESIAN_POINT('',(9.526179507022,-0.607735026919,3.));
#14969 = VECTOR('',#14970,1.);
#14970 = DIRECTION('',(-1.,7.8E-16,-6.E-17));
#14971 = ORIENTED_EDGE('',*,*,#14972,.T.);
#14972 = EDGE_CURVE('',#14965,#14817,#14973,.T.);
#14973 = LINE('',#14974,#14975);
#14974 = CARTESIAN_POINT('',(0.9,-0.25,2.999999999998));
#14975 = VECTOR('',#14976,1.);
#14976 = DIRECTION('',(1.33E-15,-1.,1.67E-15));
#14977 = PLANE('',#14978);
#14978 = AXIS2_PLACEMENT_3D('',#14979,#14980,#14981);
#14979 = CARTESIAN_POINT('',(-1.2,2.5,2.999999999998));
#14980 = DIRECTION('',(2.39E-15,7.8E-16,-1.));
#14981 = DIRECTION('',(1.78E-15,-1.,-7.8E-16));
#14982 = ADVANCED_FACE('',(#14983),#15001,.T.);
#14983 = FACE_BOUND('',#14984,.T.);
#14984 = EDGE_LOOP('',(#14985,#14993,#14994,#14995));
#14985 = ORIENTED_EDGE('',*,*,#14986,.T.);
#14986 = EDGE_CURVE('',#14987,#14338,#14989,.T.);
#14987 = VERTEX_POINT('',#14988);
#14988 = CARTESIAN_POINT('',(0.9,1.65,2.999999999999));
#14989 = LINE('',#14990,#14991);
#14990 = CARTESIAN_POINT('',(9.526179507022,1.65,3.));
#14991 = VECTOR('',#14992,1.);
#14992 = DIRECTION('',(-1.,7.8E-16,-6.E-17));
#14993 = ORIENTED_EDGE('',*,*,#14337,.T.);
#14994 = ORIENTED_EDGE('',*,*,#14912,.T.);
#14995 = ORIENTED_EDGE('',*,*,#14996,.T.);
#14996 = EDGE_CURVE('',#14905,#14987,#14997,.T.);
#14997 = LINE('',#14998,#14999);
#14998 = CARTESIAN_POINT('',(0.9,-0.25,2.999999999998));
#14999 = VECTOR('',#15000,1.);
#15000 = DIRECTION('',(1.33E-15,-1.,1.67E-15));
#15001 = PLANE('',#15002);
#15002 = AXIS2_PLACEMENT_3D('',#15003,#15004,#15005);
#15003 = CARTESIAN_POINT('',(-1.2,2.5,2.999999999998));
#15004 = DIRECTION('',(2.39E-15,7.8E-16,-1.));
#15005 = DIRECTION('',(1.78E-15,-1.,-7.8E-16));
#15006 = ADVANCED_FACE('',(#15007),#15025,.T.);
#15007 = FACE_BOUND('',#15008,.T.);
#15008 = EDGE_LOOP('',(#15009,#15017,#15018,#15019));
#15009 = ORIENTED_EDGE('',*,*,#15010,.F.);
#15010 = EDGE_CURVE('',#14965,#15011,#15013,.T.);
#15011 = VERTEX_POINT('',#15012);
#15012 = CARTESIAN_POINT('',(0.9,-0.463397459622,3.25));
#15013 = LINE('',#15014,#15015);
#15014 = CARTESIAN_POINT('',(0.9,-0.950069418743,2.407059440182));
#15015 = VECTOR('',#15016,1.);
#15016 = DIRECTION('',(-1.64E-15,0.5,0.866025403784));
#15017 = ORIENTED_EDGE('',*,*,#14964,.T.);
#15018 = ORIENTED_EDGE('',*,*,#14449,.F.);
#15019 = ORIENTED_EDGE('',*,*,#15020,.F.);
#15020 = EDGE_CURVE('',#15011,#14442,#15021,.T.);
#15021 = LINE('',#15022,#15023);
#15022 = CARTESIAN_POINT('',(9.526179507022,-0.463397459622,3.25));
#15023 = VECTOR('',#15024,1.);
#15024 = DIRECTION('',(-1.,7.8E-16,-6.E-17));
#15025 = PLANE('',#15026);
#15026 = AXIS2_PLACEMENT_3D('',#15027,#15028,#15029);
#15027 = CARTESIAN_POINT('',(9.526179507022,-0.607735026919,3.));
#15028 = DIRECTION('',(2.1E-16,0.866025403784,-0.5));
#15029 = DIRECTION('',(-1.73E-15,0.5,0.866025403784));
#15030 = ADVANCED_FACE('',(#15031),#15049,.T.);
#15031 = FACE_BOUND('',#15032,.T.);
#15032 = EDGE_LOOP('',(#15033,#15041,#15047,#15048));
#15033 = ORIENTED_EDGE('',*,*,#15034,.F.);
#15034 = EDGE_CURVE('',#15035,#14987,#15037,.T.);
#15035 = VERTEX_POINT('',#15036);
#15036 = CARTESIAN_POINT('',(0.9,1.505662432703,3.25));
#15037 = LINE('',#15038,#15039);
#15038 = CARTESIAN_POINT('',(0.9,1.039882486541,4.056754531899));
#15039 = VECTOR('',#15040,1.);
#15040 = DIRECTION('',(8.6E-16,0.5,-0.866025403784));
#15041 = ORIENTED_EDGE('',*,*,#15042,.T.);
#15042 = EDGE_CURVE('',#15035,#14346,#15043,.T.);
#15043 = LINE('',#15044,#15045);
#15044 = CARTESIAN_POINT('',(9.526179507022,1.505662432703,3.25));
#15045 = VECTOR('',#15046,1.);
#15046 = DIRECTION('',(-1.,7.8E-16,-6.E-17));
#15047 = ORIENTED_EDGE('',*,*,#14345,.F.);
#15048 = ORIENTED_EDGE('',*,*,#14986,.F.);
#15049 = PLANE('',#15050);
#15050 = AXIS2_PLACEMENT_3D('',#15051,#15052,#15053);
#15051 = CARTESIAN_POINT('',(9.526179507022,1.505662432703,3.25));
#15052 = DIRECTION('',(1.17E-15,-0.866025403784,-0.5));
#15053 = DIRECTION('',(9.6E-16,0.5,-0.866025403784));
#15054 = ADVANCED_FACE('',(#15055),#15073,.T.);
#15055 = FACE_BOUND('',#15056,.T.);
#15056 = EDGE_LOOP('',(#15057,#15065,#15066,#15067));
#15057 = ORIENTED_EDGE('',*,*,#15058,.F.);
#15058 = EDGE_CURVE('',#15011,#15059,#15061,.T.);
#15059 = VERTEX_POINT('',#15060);
#15060 = CARTESIAN_POINT('',(0.9,-0.319059892324,2.999999999999));
#15061 = LINE('',#15062,#15063);
#15062 = CARTESIAN_POINT('',(0.9,-0.683044919243,3.630440559818));
#15063 = VECTOR('',#15064,1.);
#15064 = DIRECTION('',(8.6E-16,0.5,-0.866025403784));
#15065 = ORIENTED_EDGE('',*,*,#15020,.T.);
#15066 = ORIENTED_EDGE('',*,*,#14441,.F.);
#15067 = ORIENTED_EDGE('',*,*,#15068,.F.);
#15068 = EDGE_CURVE('',#15059,#14434,#15069,.T.);
#15069 = LINE('',#15070,#15071);
#15070 = CARTESIAN_POINT('',(9.526179507022,-0.319059892324,3.));
#15071 = VECTOR('',#15072,1.);
#15072 = DIRECTION('',(-1.,7.8E-16,-6.E-17));
#15073 = PLANE('',#15074);
#15074 = AXIS2_PLACEMENT_3D('',#15075,#15076,#15077);
#15075 = CARTESIAN_POINT('',(9.526179507022,-0.463397459622,3.25));
#15076 = DIRECTION('',(1.17E-15,-0.866025403784,-0.5));
#15077 = DIRECTION('',(9.6E-16,0.5,-0.866025403784));
#15078 = ADVANCED_FACE('',(#15079),#15097,.T.);
#15079 = FACE_BOUND('',#15080,.T.);
#15080 = EDGE_LOOP('',(#15081,#15089,#15095,#15096));
#15081 = ORIENTED_EDGE('',*,*,#15082,.F.);
#15082 = EDGE_CURVE('',#15083,#15035,#15085,.T.);
#15083 = VERTEX_POINT('',#15084);
#15084 = CARTESIAN_POINT('',(0.9,1.361324865405,2.999999999999));
#15085 = LINE('',#15086,#15087);
#15086 = CARTESIAN_POINT('',(0.9,0.77285798704,1.980745468101));
#15087 = VECTOR('',#15088,1.);
#15088 = DIRECTION('',(-1.64E-15,0.5,0.866025403784));
#15089 = ORIENTED_EDGE('',*,*,#15090,.T.);
#15090 = EDGE_CURVE('',#15083,#14354,#15091,.T.);
#15091 = LINE('',#15092,#15093);
#15092 = CARTESIAN_POINT('',(9.526179507022,1.361324865405,3.));
#15093 = VECTOR('',#15094,1.);
#15094 = DIRECTION('',(-1.,7.8E-16,-6.E-17));
#15095 = ORIENTED_EDGE('',*,*,#14353,.F.);
#15096 = ORIENTED_EDGE('',*,*,#15042,.F.);
#15097 = PLANE('',#15098);
#15098 = AXIS2_PLACEMENT_3D('',#15099,#15100,#15101);
#15099 = CARTESIAN_POINT('',(9.526179507022,1.361324865405,3.));
#15100 = DIRECTION('',(2.1E-16,0.866025403784,-0.5));
#15101 = DIRECTION('',(-1.73E-15,0.5,0.866025403784));
#15102 = ADVANCED_FACE('',(#15103),#15121,.T.);
#15103 = FACE_BOUND('',#15104,.T.);
#15104 = EDGE_LOOP('',(#15105,#15106,#15107,#15115));
#15105 = ORIENTED_EDGE('',*,*,#15068,.T.);
#15106 = ORIENTED_EDGE('',*,*,#14433,.T.);
#15107 = ORIENTED_EDGE('',*,*,#15108,.F.);
#15108 = EDGE_CURVE('',#15109,#14426,#15111,.T.);
#15109 = VERTEX_POINT('',#15110);
#15110 = CARTESIAN_POINT('',(0.9,-0.115470053838,2.999999999999));
#15111 = LINE('',#15112,#15113);
#15112 = CARTESIAN_POINT('',(9.526179507022,-0.115470053838,3.));
#15113 = VECTOR('',#15114,1.);
#15114 = DIRECTION('',(-1.,7.8E-16,-6.E-17));
#15115 = ORIENTED_EDGE('',*,*,#15116,.T.);
#15116 = EDGE_CURVE('',#15109,#15059,#15117,.T.);
#15117 = LINE('',#15118,#15119);
#15118 = CARTESIAN_POINT('',(0.9,-0.25,2.999999999998));
#15119 = VECTOR('',#15120,1.);
#15120 = DIRECTION('',(1.33E-15,-1.,1.67E-15));
#15121 = PLANE('',#15122);
#15122 = AXIS2_PLACEMENT_3D('',#15123,#15124,#15125);
#15123 = CARTESIAN_POINT('',(-1.2,2.5,2.999999999998));
#15124 = DIRECTION('',(2.39E-15,7.8E-16,-1.));
#15125 = DIRECTION('',(1.78E-15,-1.,-7.8E-16));
#15126 = ADVANCED_FACE('',(#15127),#15145,.T.);
#15127 = FACE_BOUND('',#15128,.T.);
#15128 = EDGE_LOOP('',(#15129,#15137,#15138,#15139));
#15129 = ORIENTED_EDGE('',*,*,#15130,.T.);
#15130 = EDGE_CURVE('',#15131,#14362,#15133,.T.);
#15131 = VERTEX_POINT('',#15132);
#15132 = CARTESIAN_POINT('',(0.9,1.157735026919,2.999999999999));
#15133 = LINE('',#15134,#15135);
#15134 = CARTESIAN_POINT('',(9.526179507022,1.157735026919,3.));
#15135 = VECTOR('',#15136,1.);
#15136 = DIRECTION('',(-1.,7.8E-16,-6.E-17));
#15137 = ORIENTED_EDGE('',*,*,#14361,.T.);
#15138 = ORIENTED_EDGE('',*,*,#15090,.F.);
#15139 = ORIENTED_EDGE('',*,*,#15140,.T.);
#15140 = EDGE_CURVE('',#15083,#15131,#15141,.T.);
#15141 = LINE('',#15142,#15143);
#15142 = CARTESIAN_POINT('',(0.9,-0.25,2.999999999998));
#15143 = VECTOR('',#15144,1.);
#15144 = DIRECTION('',(1.33E-15,-1.,1.67E-15));
#15145 = PLANE('',#15146);
#15146 = AXIS2_PLACEMENT_3D('',#15147,#15148,#15149);
#15147 = CARTESIAN_POINT('',(-1.2,2.5,2.999999999998));
#15148 = DIRECTION('',(2.39E-15,7.8E-16,-1.));
#15149 = DIRECTION('',(1.78E-15,-1.,-7.8E-16));
#15150 = ADVANCED_FACE('',(#15151),#15169,.T.);
#15151 = FACE_BOUND('',#15152,.T.);
#15152 = EDGE_LOOP('',(#15153,#15161,#15162,#15163));
#15153 = ORIENTED_EDGE('',*,*,#15154,.F.);
#15154 = EDGE_CURVE('',#15109,#15155,#15157,.T.);
#15155 = VERTEX_POINT('',#15156);
#15156 = CARTESIAN_POINT('',(0.9,2.886751345948E-02,3.25));
#15157 = LINE('',#15158,#15159);
#15158 = CARTESIAN_POINT('',(0.9,-0.519337567297,2.300480947162));
#15159 = VECTOR('',#15160,1.);
#15160 = DIRECTION('',(-1.64E-15,0.5,0.866025403784));
#15161 = ORIENTED_EDGE('',*,*,#15108,.T.);
#15162 = ORIENTED_EDGE('',*,*,#14425,.F.);
#15163 = ORIENTED_EDGE('',*,*,#15164,.F.);
#15164 = EDGE_CURVE('',#15155,#14418,#15165,.T.);
#15165 = LINE('',#15166,#15167);
#15166 = CARTESIAN_POINT('',(9.526179507022,2.886751345947E-02,3.25));
#15167 = VECTOR('',#15168,1.);
#15168 = DIRECTION('',(-1.,7.8E-16,-6.E-17));
#15169 = PLANE('',#15170);
#15170 = AXIS2_PLACEMENT_3D('',#15171,#15172,#15173);
#15171 = CARTESIAN_POINT('',(9.526179507022,-0.115470053838,3.));
#15172 = DIRECTION('',(2.1E-16,0.866025403784,-0.5));
#15173 = DIRECTION('',(-1.73E-15,0.5,0.866025403784));
#15174 = ADVANCED_FACE('',(#15175),#15193,.T.);
#15175 = FACE_BOUND('',#15176,.T.);
#15176 = EDGE_LOOP('',(#15177,#15185,#15191,#15192));
#15177 = ORIENTED_EDGE('',*,*,#15178,.F.);
#15178 = EDGE_CURVE('',#15179,#15131,#15181,.T.);
#15179 = VERTEX_POINT('',#15180);
#15180 = CARTESIAN_POINT('',(0.9,1.013397459622,3.25));
#15181 = LINE('',#15182,#15183);
#15182 = CARTESIAN_POINT('',(0.9,0.609150635095,3.950176038879));
#15183 = VECTOR('',#15184,1.);
#15184 = DIRECTION('',(8.6E-16,0.5,-0.866025403784));
#15185 = ORIENTED_EDGE('',*,*,#15186,.T.);
#15186 = EDGE_CURVE('',#15179,#14370,#15187,.T.);
#15187 = LINE('',#15188,#15189);
#15188 = CARTESIAN_POINT('',(9.526179507022,1.013397459622,3.25));
#15189 = VECTOR('',#15190,1.);
#15190 = DIRECTION('',(-1.,7.8E-16,-6.E-17));
#15191 = ORIENTED_EDGE('',*,*,#14369,.F.);
#15192 = ORIENTED_EDGE('',*,*,#15130,.F.);
#15193 = PLANE('',#15194);
#15194 = AXIS2_PLACEMENT_3D('',#15195,#15196,#15197);
#15195 = CARTESIAN_POINT('',(9.526179507022,1.013397459622,3.25));
#15196 = DIRECTION('',(1.17E-15,-0.866025403784,-0.5));
#15197 = DIRECTION('',(9.6E-16,0.5,-0.866025403784));
#15198 = ADVANCED_FACE('',(#15199),#15217,.T.);
#15199 = FACE_BOUND('',#15200,.T.);
#15200 = EDGE_LOOP('',(#15201,#15209,#15210,#15211));
#15201 = ORIENTED_EDGE('',*,*,#15202,.F.);
#15202 = EDGE_CURVE('',#15155,#15203,#15205,.T.);
#15203 = VERTEX_POINT('',#15204);
#15204 = CARTESIAN_POINT('',(0.9,0.173205080757,2.999999999999));
#15205 = LINE('',#15206,#15207);
#15206 = CARTESIAN_POINT('',(0.9,-0.252313067797,3.737019052838));
#15207 = VECTOR('',#15208,1.);
#15208 = DIRECTION('',(8.6E-16,0.5,-0.866025403784));
#15209 = ORIENTED_EDGE('',*,*,#15164,.T.);
#15210 = ORIENTED_EDGE('',*,*,#14417,.F.);
#15211 = ORIENTED_EDGE('',*,*,#15212,.F.);
#15212 = EDGE_CURVE('',#15203,#14410,#15213,.T.);
#15213 = LINE('',#15214,#15215);
#15214 = CARTESIAN_POINT('',(9.526179507022,0.173205080757,3.));
#15215 = VECTOR('',#15216,1.);
#15216 = DIRECTION('',(-1.,7.8E-16,-6.E-17));
#15217 = PLANE('',#15218);
#15218 = AXIS2_PLACEMENT_3D('',#15219,#15220,#15221);
#15219 = CARTESIAN_POINT('',(9.526179507022,2.886751345947E-02,3.25));
#15220 = DIRECTION('',(1.17E-15,-0.866025403784,-0.5));
#15221 = DIRECTION('',(9.6E-16,0.5,-0.866025403784));
#15222 = ADVANCED_FACE('',(#15223),#15241,.T.);
#15223 = FACE_BOUND('',#15224,.T.);
#15224 = EDGE_LOOP('',(#15225,#15233,#15239,#15240));
#15225 = ORIENTED_EDGE('',*,*,#15226,.F.);
#15226 = EDGE_CURVE('',#15227,#15179,#15229,.T.);
#15227 = VERTEX_POINT('',#15228);
#15228 = CARTESIAN_POINT('',(0.9,0.869059892324,2.999999999999));
#15229 = LINE('',#15230,#15231);
#15230 = CARTESIAN_POINT('',(0.9,0.342126135594,2.087323961121));
#15231 = VECTOR('',#15232,1.);
#15232 = DIRECTION('',(-1.64E-15,0.5,0.866025403784));
#15233 = ORIENTED_EDGE('',*,*,#15234,.T.);
#15234 = EDGE_CURVE('',#15227,#14378,#15235,.T.);
#15235 = LINE('',#15236,#15237);
#15236 = CARTESIAN_POINT('',(9.526179507022,0.869059892324,3.));
#15237 = VECTOR('',#15238,1.);
#15238 = DIRECTION('',(-1.,7.8E-16,-6.E-17));
#15239 = ORIENTED_EDGE('',*,*,#14377,.F.);
#15240 = ORIENTED_EDGE('',*,*,#15186,.F.);
#15241 = PLANE('',#15242);
#15242 = AXIS2_PLACEMENT_3D('',#15243,#15244,#15245);
#15243 = CARTESIAN_POINT('',(9.526179507022,0.869059892324,3.));
#15244 = DIRECTION('',(2.1E-16,0.866025403784,-0.5));
#15245 = DIRECTION('',(-1.73E-15,0.5,0.866025403784));
#15246 = ADVANCED_FACE('',(#15247),#15265,.T.);
#15247 = FACE_BOUND('',#15248,.T.);
#15248 = EDGE_LOOP('',(#15249,#15250,#15251,#15259));
#15249 = ORIENTED_EDGE('',*,*,#15212,.T.);
#15250 = ORIENTED_EDGE('',*,*,#14409,.T.);
#15251 = ORIENTED_EDGE('',*,*,#15252,.F.);
#15252 = EDGE_CURVE('',#15253,#14402,#15255,.T.);
#15253 = VERTEX_POINT('',#15254);
#15254 = CARTESIAN_POINT('',(0.9,0.376794919243,2.999999999999));
#15255 = LINE('',#15256,#15257);
#15256 = CARTESIAN_POINT('',(9.526179507022,0.376794919243,3.));
#15257 = VECTOR('',#15258,1.);
#15258 = DIRECTION('',(-1.,7.8E-16,-6.E-17));
#15259 = ORIENTED_EDGE('',*,*,#15260,.T.);
#15260 = EDGE_CURVE('',#15253,#15203,#15261,.T.);
#15261 = LINE('',#15262,#15263);
#15262 = CARTESIAN_POINT('',(0.9,-0.25,2.999999999998));
#15263 = VECTOR('',#15264,1.);
#15264 = DIRECTION('',(1.33E-15,-1.,1.67E-15));
#15265 = PLANE('',#15266);
#15266 = AXIS2_PLACEMENT_3D('',#15267,#15268,#15269);
#15267 = CARTESIAN_POINT('',(-1.2,2.5,2.999999999998));
#15268 = DIRECTION('',(2.39E-15,7.8E-16,-1.));
#15269 = DIRECTION('',(1.78E-15,-1.,-7.8E-16));
#15270 = ADVANCED_FACE('',(#15271),#15289,.T.);
#15271 = FACE_BOUND('',#15272,.T.);
#15272 = EDGE_LOOP('',(#15273,#15281,#15282,#15283));
#15273 = ORIENTED_EDGE('',*,*,#15274,.T.);
#15274 = EDGE_CURVE('',#15275,#14386,#15277,.T.);
#15275 = VERTEX_POINT('',#15276);
#15276 = CARTESIAN_POINT('',(0.9,0.665470053838,2.999999999999));
#15277 = LINE('',#15278,#15279);
#15278 = CARTESIAN_POINT('',(9.526179507022,0.665470053838,3.));
#15279 = VECTOR('',#15280,1.);
#15280 = DIRECTION('',(-1.,7.8E-16,-6.E-17));
#15281 = ORIENTED_EDGE('',*,*,#14385,.T.);
#15282 = ORIENTED_EDGE('',*,*,#15234,.F.);
#15283 = ORIENTED_EDGE('',*,*,#15284,.T.);
#15284 = EDGE_CURVE('',#15227,#15275,#15285,.T.);
#15285 = LINE('',#15286,#15287);
#15286 = CARTESIAN_POINT('',(0.9,-0.25,2.999999999998));
#15287 = VECTOR('',#15288,1.);
#15288 = DIRECTION('',(1.33E-15,-1.,1.67E-15));
#15289 = PLANE('',#15290);
#15290 = AXIS2_PLACEMENT_3D('',#15291,#15292,#15293);
#15291 = CARTESIAN_POINT('',(-1.2,2.5,2.999999999998));
#15292 = DIRECTION('',(2.39E-15,7.8E-16,-1.));
#15293 = DIRECTION('',(1.78E-15,-1.,-7.8E-16));
#15294 = ADVANCED_FACE('',(#15295),#15313,.T.);
#15295 = FACE_BOUND('',#15296,.T.);
#15296 = EDGE_LOOP('',(#15297,#15305,#15306,#15307));
#15297 = ORIENTED_EDGE('',*,*,#15298,.F.);
#15298 = EDGE_CURVE('',#15253,#15299,#15301,.T.);
#15299 = VERTEX_POINT('',#15300);
#15300 = CARTESIAN_POINT('',(0.9,0.521132486541,3.25));
#15301 = LINE('',#15302,#15303);
#15302 = CARTESIAN_POINT('',(0.9,-8.86057158515E-02,2.193902454141));
#15303 = VECTOR('',#15304,1.);
#15304 = DIRECTION('',(-1.64E-15,0.5,0.866025403784));
#15305 = ORIENTED_EDGE('',*,*,#15252,.T.);
#15306 = ORIENTED_EDGE('',*,*,#14401,.F.);
#15307 = ORIENTED_EDGE('',*,*,#15308,.F.);
#15308 = EDGE_CURVE('',#15299,#14394,#15309,.T.);
#15309 = LINE('',#15310,#15311);
#15310 = CARTESIAN_POINT('',(9.526179507022,0.521132486541,3.25));
#15311 = VECTOR('',#15312,1.);
#15312 = DIRECTION('',(-1.,7.8E-16,-6.E-17));
#15313 = PLANE('',#15314);
#15314 = AXIS2_PLACEMENT_3D('',#15315,#15316,#15317);
#15315 = CARTESIAN_POINT('',(9.526179507022,0.376794919243,3.));
#15316 = DIRECTION('',(2.1E-16,0.866025403784,-0.5));
#15317 = DIRECTION('',(-1.73E-15,0.5,0.866025403784));
#15318 = ADVANCED_FACE('',(#15319),#15330,.T.);
#15319 = FACE_BOUND('',#15320,.T.);
#15320 = EDGE_LOOP('',(#15321,#15327,#15328,#15329));
#15321 = ORIENTED_EDGE('',*,*,#15322,.F.);
#15322 = EDGE_CURVE('',#15299,#15275,#15323,.T.);
#15323 = LINE('',#15324,#15325);
#15324 = CARTESIAN_POINT('',(0.9,0.178418783649,3.843597545859));
#15325 = VECTOR('',#15326,1.);
#15326 = DIRECTION('',(8.6E-16,0.5,-0.866025403784));
#15327 = ORIENTED_EDGE('',*,*,#15308,.T.);
#15328 = ORIENTED_EDGE('',*,*,#14393,.F.);
#15329 = ORIENTED_EDGE('',*,*,#15274,.F.);
#15330 = PLANE('',#15331);
#15331 = AXIS2_PLACEMENT_3D('',#15332,#15333,#15334);
#15332 = CARTESIAN_POINT('',(9.526179507022,0.521132486541,3.25));
#15333 = DIRECTION('',(1.17E-15,-0.866025403784,-0.5));
#15334 = DIRECTION('',(9.6E-16,0.5,-0.866025403784));
#15335 = ADVANCED_FACE('',(#15336),#15354,.T.);
#15336 = FACE_BOUND('',#15337,.T.);
#15337 = EDGE_LOOP('',(#15338,#15339,#15340,#15348));
#15338 = ORIENTED_EDGE('',*,*,#14512,.F.);
#15339 = ORIENTED_EDGE('',*,*,#14560,.T.);
#15340 = ORIENTED_EDGE('',*,*,#15341,.T.);
#15341 = EDGE_CURVE('',#14553,#15342,#15344,.T.);
#15342 = VERTEX_POINT('',#15343);
#15343 = CARTESIAN_POINT('',(0.7,-2.5,3.199999999998));
#15344 = LINE('',#15345,#15346);
#15345 = CARTESIAN_POINT('',(-0.9,-2.5,3.199999999998));
#15346 = VECTOR('',#15347,1.);
#15347 = DIRECTION('',(1.,-1.78E-15,1.05E-15));
#15348 = ORIENTED_EDGE('',*,*,#15349,.T.);
#15349 = EDGE_CURVE('',#15342,#14513,#15350,.T.);
#15350 = LINE('',#15351,#15352);
#15351 = CARTESIAN_POINT('',(0.7,-2.5,2.999999999998));
#15352 = VECTOR('',#15353,1.);
#15353 = DIRECTION('',(-1.67E-15,1.44E-15,1.));
#15354 = PLANE('',#15355);
#15355 = AXIS2_PLACEMENT_3D('',#15356,#15357,#15358);
#15356 = CARTESIAN_POINT('',(-1.2,-2.5,2.999999999998));
#15357 = DIRECTION('',(1.55E-15,-1.,1.67E-15));
#15358 = DIRECTION('',(-2.55E-15,1.67E-15,1.));
#15359 = ADVANCED_FACE('',(#15360),#15397,.T.);
#15360 = FACE_BOUND('',#15361,.T.);
#15361 = EDGE_LOOP('',(#15362,#15363,#15364,#15365,#15366,#15367,#15368,
    #15369,#15370,#15371,#15372,#15373,#15374,#15375,#15376,#15377,
    #15378,#15379,#15380,#15381,#15382,#15388,#15389,#15390,#15391));
#15362 = ORIENTED_EDGE('',*,*,#14599,.F.);
#15363 = ORIENTED_EDGE('',*,*,#14768,.T.);
#15364 = ORIENTED_EDGE('',*,*,#14816,.T.);
#15365 = ORIENTED_EDGE('',*,*,#14972,.F.);
#15366 = ORIENTED_EDGE('',*,*,#15010,.T.);
#15367 = ORIENTED_EDGE('',*,*,#15058,.T.);
#15368 = ORIENTED_EDGE('',*,*,#15116,.F.);
#15369 = ORIENTED_EDGE('',*,*,#15154,.T.);
#15370 = ORIENTED_EDGE('',*,*,#15202,.T.);
#15371 = ORIENTED_EDGE('',*,*,#15260,.F.);
#15372 = ORIENTED_EDGE('',*,*,#15298,.T.);
#15373 = ORIENTED_EDGE('',*,*,#15322,.T.);
#15374 = ORIENTED_EDGE('',*,*,#15284,.F.);
#15375 = ORIENTED_EDGE('',*,*,#15226,.T.);
#15376 = ORIENTED_EDGE('',*,*,#15178,.T.);
#15377 = ORIENTED_EDGE('',*,*,#15140,.F.);
#15378 = ORIENTED_EDGE('',*,*,#15082,.T.);
#15379 = ORIENTED_EDGE('',*,*,#15034,.T.);
#15380 = ORIENTED_EDGE('',*,*,#14996,.F.);
#15381 = ORIENTED_EDGE('',*,*,#14904,.F.);
#15382 = ORIENTED_EDGE('',*,*,#15383,.T.);
#15383 = EDGE_CURVE('',#14897,#14641,#15384,.T.);
#15384 = LINE('',#15385,#15386);
#15385 = CARTESIAN_POINT('',(0.9,-3.,2.8));
#15386 = VECTOR('',#15387,1.);
#15387 = DIRECTION('',(-1.33E-15,1.,-1.E-15));
#15388 = ORIENTED_EDGE('',*,*,#14640,.F.);
#15389 = ORIENTED_EDGE('',*,*,#14583,.F.);
#15390 = ORIENTED_EDGE('',*,*,#14528,.F.);
#15391 = ORIENTED_EDGE('',*,*,#15392,.F.);
#15392 = EDGE_CURVE('',#14602,#14521,#15393,.T.);
#15393 = LINE('',#15394,#15395);
#15394 = CARTESIAN_POINT('',(0.9,-2.3,2.999999999998));
#15395 = VECTOR('',#15396,1.);
#15396 = DIRECTION('',(-1.67E-15,1.44E-15,1.));
#15397 = PLANE('',#15398);
#15398 = AXIS2_PLACEMENT_3D('',#15399,#15400,#15401);
#15399 = CARTESIAN_POINT('',(0.9,-3.,2.8));
#15400 = DIRECTION('',(1.,-4.4E-16,-1.1E-16));
#15401 = DIRECTION('',(1.1E-16,-1.E-15,1.));
#15402 = ADVANCED_FACE('',(#15403),#15414,.T.);
#15403 = FACE_BOUND('',#15404,.T.);
#15404 = EDGE_LOOP('',(#15405,#15411,#15412,#15413));
#15405 = ORIENTED_EDGE('',*,*,#15406,.T.);
#15406 = EDGE_CURVE('',#15342,#14602,#15407,.T.);
#15407 = LINE('',#15408,#15409);
#15408 = CARTESIAN_POINT('',(0.533333333333,-2.666666666667,
    3.366666666665));
#15409 = VECTOR('',#15410,1.);
#15410 = DIRECTION('',(0.57735026919,0.57735026919,-0.57735026919));
#15411 = ORIENTED_EDGE('',*,*,#15392,.T.);
#15412 = ORIENTED_EDGE('',*,*,#14520,.T.);
#15413 = ORIENTED_EDGE('',*,*,#15349,.F.);
#15414 = PLANE('',#15415);
#15415 = AXIS2_PLACEMENT_3D('',#15416,#15417,#15418);
#15416 = CARTESIAN_POINT('',(0.8,-2.4,2.999999999998));
#15417 = DIRECTION('',(0.707106781187,-0.707106781187,2.2E-15));
#15418 = DIRECTION('',(-1.66563491861E-15,1.44563491861E-15,1.));
#15419 = ADVANCED_FACE('',(#15420),#15426,.T.);
#15420 = FACE_BOUND('',#15421,.F.);
#15421 = EDGE_LOOP('',(#15422,#15423,#15424,#15425));
#15422 = ORIENTED_EDGE('',*,*,#14552,.T.);
#15423 = ORIENTED_EDGE('',*,*,#15341,.T.);
#15424 = ORIENTED_EDGE('',*,*,#15406,.T.);
#15425 = ORIENTED_EDGE('',*,*,#14609,.F.);
#15426 = PLANE('',#15427);
#15427 = AXIS2_PLACEMENT_3D('',#15428,#15429,#15430);
#15428 = CARTESIAN_POINT('',(-0.9,-2.4,3.099999999998));
#15429 = DIRECTION('',(1.36E-15,-0.707106781187,-0.707106781187));
#15430 = DIRECTION('',(-1.,4.533347775863E-16,-2.376665222414E-15));
#15431 = ADVANCED_FACE('',(#15432),#15443,.F.);
#15432 = FACE_BOUND('',#15433,.F.);
#15433 = EDGE_LOOP('',(#15434,#15435,#15441,#15442));
#15434 = ORIENTED_EDGE('',*,*,#14840,.F.);
#15435 = ORIENTED_EDGE('',*,*,#15436,.F.);
#15436 = EDGE_CURVE('',#14697,#14841,#15437,.T.);
#15437 = LINE('',#15438,#15439);
#15438 = CARTESIAN_POINT('',(-1.2,1.247322696217,0.75));
#15439 = VECTOR('',#15440,1.);
#15440 = DIRECTION('',(-6.7E-16,-1.,5.6E-16));
#15441 = ORIENTED_EDGE('',*,*,#14704,.F.);
#15442 = ORIENTED_EDGE('',*,*,#14802,.T.);
#15443 = PLANE('',#15444);
#15444 = AXIS2_PLACEMENT_3D('',#15445,#15446,#15447);
#15445 = CARTESIAN_POINT('',(-1.2,0.774970099209,1.104489588366));
#15446 = DIRECTION('',(1.,-1.11E-15,-5.6E-16));
#15447 = DIRECTION('',(5.6E-16,-1.44E-15,1.));
#15448 = ADVANCED_FACE('',(#15449),#15460,.F.);
#15449 = FACE_BOUND('',#15450,.F.);
#15450 = EDGE_LOOP('',(#15451,#15452,#15453,#15454));
#15451 = ORIENTED_EDGE('',*,*,#14696,.F.);
#15452 = ORIENTED_EDGE('',*,*,#15436,.T.);
#15453 = ORIENTED_EDGE('',*,*,#14848,.F.);
#15454 = ORIENTED_EDGE('',*,*,#15455,.F.);
#15455 = EDGE_CURVE('',#14689,#14849,#15456,.T.);
#15456 = LINE('',#15457,#15458);
#15457 = CARTESIAN_POINT('',(-0.8,3.1,0.75));
#15458 = VECTOR('',#15459,1.);
#15459 = DIRECTION('',(8.9E-16,-1.,7.8E-16));
#15460 = PLANE('',#15461);
#15461 = AXIS2_PLACEMENT_3D('',#15462,#15463,#15464);
#15462 = CARTESIAN_POINT('',(-1.78E-15,1.719675293224,0.75));
#15463 = DIRECTION('',(-1.E-15,-5.6E-16,1.));
#15464 = DIRECTION('',(1.,-4.4E-16,1.E-15));
#15465 = ADVANCED_FACE('',(#15466),#15502,.F.);
#15466 = FACE_BOUND('',#15467,.F.);
#15467 = EDGE_LOOP('',(#15468,#15477,#15478,#15479,#15480,#15488,#15496)
  );
#15468 = ORIENTED_EDGE('',*,*,#15469,.F.);
#15469 = EDGE_CURVE('',#14681,#15470,#15472,.T.);
#15470 = VERTEX_POINT('',#15471);
#15471 = CARTESIAN_POINT('',(-0.8,2.600000000001,-5.E-15));
#15472 = CIRCLE('',#15473,0.5);
#15473 = AXIS2_PLACEMENT_3D('',#15474,#15475,#15476);
#15474 = CARTESIAN_POINT('',(-0.8,2.600000000001,0.5));
#15475 = DIRECTION('',(-1.,4.4E-16,-1.67E-15));
#15476 = DIRECTION('',(4.4E-16,1.,-2.33E-15));
#15477 = ORIENTED_EDGE('',*,*,#14688,.T.);
#15478 = ORIENTED_EDGE('',*,*,#15455,.T.);
#15479 = ORIENTED_EDGE('',*,*,#14856,.F.);
#15480 = ORIENTED_EDGE('',*,*,#15481,.F.);
#15481 = EDGE_CURVE('',#15482,#14857,#15484,.T.);
#15482 = VERTEX_POINT('',#15483);
#15483 = CARTESIAN_POINT('',(-0.8,0.85,0.6));
#15484 = LINE('',#15485,#15486);
#15485 = CARTESIAN_POINT('',(-0.8,1.65,0.6));
#15486 = VECTOR('',#15487,1.);
#15487 = DIRECTION('',(-6.7E-16,1.,-1.44E-15));
#15488 = ORIENTED_EDGE('',*,*,#15489,.F.);
#15489 = EDGE_CURVE('',#15490,#15482,#15492,.T.);
#15490 = VERTEX_POINT('',#15491);
#15491 = CARTESIAN_POINT('',(-0.8,0.85,-1.E-15));
#15492 = LINE('',#15493,#15494);
#15493 = CARTESIAN_POINT('',(-0.8,0.85,-5.7E-16));
#15494 = VECTOR('',#15495,1.);
#15495 = DIRECTION('',(-1.E-15,-3.3E-16,1.));
#15496 = ORIENTED_EDGE('',*,*,#15497,.F.);
#15497 = EDGE_CURVE('',#15470,#15490,#15498,.T.);
#15498 = LINE('',#15499,#15500);
#15499 = CARTESIAN_POINT('',(-0.8,3.1,-2.14E-15));
#15500 = VECTOR('',#15501,1.);
#15501 = DIRECTION('',(8.9E-16,-1.,7.8E-16));
#15502 = PLANE('',#15503);
#15503 = AXIS2_PLACEMENT_3D('',#15504,#15505,#15506);
#15504 = CARTESIAN_POINT('',(-0.8,3.1,-2.32E-15));
#15505 = DIRECTION('',(1.,-2.2E-16,1.1E-16));
#15506 = DIRECTION('',(-2.2E-16,-1.,7.8E-16));
#15507 = ADVANCED_FACE('',(#15508),#15527,.T.);
#15508 = FACE_BOUND('',#15509,.F.);
#15509 = EDGE_LOOP('',(#15510,#15511,#15519,#15526));
#15510 = ORIENTED_EDGE('',*,*,#15469,.T.);
#15511 = ORIENTED_EDGE('',*,*,#15512,.T.);
#15512 = EDGE_CURVE('',#15470,#15513,#15515,.T.);
#15513 = VERTEX_POINT('',#15514);
#15514 = CARTESIAN_POINT('',(0.8,2.600000000001,-4.E-15));
#15515 = LINE('',#15516,#15517);
#15516 = CARTESIAN_POINT('',(-1.2,2.600000000001,-4.57E-15));
#15517 = VECTOR('',#15518,1.);
#15518 = DIRECTION('',(1.,-1.11E-15,-2.8E-16));
#15519 = ORIENTED_EDGE('',*,*,#15520,.F.);
#15520 = EDGE_CURVE('',#14673,#15513,#15521,.T.);
#15521 = CIRCLE('',#15522,0.5);
#15522 = AXIS2_PLACEMENT_3D('',#15523,#15524,#15525);
#15523 = CARTESIAN_POINT('',(0.8,2.600000000001,0.5));
#15524 = DIRECTION('',(-1.,4.4E-16,-1.67E-15));
#15525 = DIRECTION('',(4.4E-16,1.,-2.33E-15));
#15526 = ORIENTED_EDGE('',*,*,#14680,.F.);
#15527 = CYLINDRICAL_SURFACE('',#15528,0.5);
#15528 = AXIS2_PLACEMENT_3D('',#15529,#15530,#15531);
#15529 = CARTESIAN_POINT('',(-1.2,2.600000000001,0.5));
#15530 = DIRECTION('',(-1.,8.9E-16,1.1E-16));
#15531 = DIRECTION('',(8.9E-16,1.,-1.89E-15));
#15532 = ADVANCED_FACE('',(#15533),#15544,.T.);
#15533 = FACE_BOUND('',#15534,.T.);
#15534 = EDGE_LOOP('',(#15535,#15536,#15537,#15543));
#15535 = ORIENTED_EDGE('',*,*,#15383,.F.);
#15536 = ORIENTED_EDGE('',*,*,#14896,.F.);
#15537 = ORIENTED_EDGE('',*,*,#15538,.F.);
#15538 = EDGE_CURVE('',#14649,#14889,#15539,.T.);
#15539 = LINE('',#15540,#15541);
#15540 = CARTESIAN_POINT('',(1.2,-1.112514950396,2.8));
#15541 = VECTOR('',#15542,1.);
#15542 = DIRECTION('',(4.4E-16,-1.,1.E-15));
#15543 = ORIENTED_EDGE('',*,*,#14648,.F.);
#15544 = PLANE('',#15545);
#15545 = AXIS2_PLACEMENT_3D('',#15546,#15547,#15548);
#15546 = CARTESIAN_POINT('',(2.4,-3.,2.8));
#15547 = DIRECTION('',(-1.44E-15,-7.8E-16,1.));
#15548 = DIRECTION('',(-1.,6.7E-16,-1.44E-15));
#15549 = ADVANCED_FACE('',(#15550),#15583,.T.);
#15550 = FACE_BOUND('',#15551,.T.);
#15551 = EDGE_LOOP('',(#15552,#15553,#15554,#15560,#15561,#15569,#15577)
  );
#15552 = ORIENTED_EDGE('',*,*,#15520,.F.);
#15553 = ORIENTED_EDGE('',*,*,#14672,.T.);
#15554 = ORIENTED_EDGE('',*,*,#15555,.T.);
#15555 = EDGE_CURVE('',#14665,#14873,#15556,.T.);
#15556 = LINE('',#15557,#15558);
#15557 = CARTESIAN_POINT('',(0.8,3.1,0.75));
#15558 = VECTOR('',#15559,1.);
#15559 = DIRECTION('',(8.9E-16,-1.,7.8E-16));
#15560 = ORIENTED_EDGE('',*,*,#14872,.F.);
#15561 = ORIENTED_EDGE('',*,*,#15562,.F.);
#15562 = EDGE_CURVE('',#15563,#14865,#15565,.T.);
#15563 = VERTEX_POINT('',#15564);
#15564 = CARTESIAN_POINT('',(0.8,0.85,0.6));
#15565 = LINE('',#15566,#15567);
#15566 = CARTESIAN_POINT('',(0.8,1.65,0.6));
#15567 = VECTOR('',#15568,1.);
#15568 = DIRECTION('',(-6.7E-16,1.,-1.44E-15));
#15569 = ORIENTED_EDGE('',*,*,#15570,.F.);
#15570 = EDGE_CURVE('',#15571,#15563,#15573,.T.);
#15571 = VERTEX_POINT('',#15572);
#15572 = CARTESIAN_POINT('',(0.8,0.85,-1.E-15));
#15573 = LINE('',#15574,#15575);
#15574 = CARTESIAN_POINT('',(0.8,0.85,-7.5E-16));
#15575 = VECTOR('',#15576,1.);
#15576 = DIRECTION('',(-1.E-15,-3.3E-16,1.));
#15577 = ORIENTED_EDGE('',*,*,#15578,.F.);
#15578 = EDGE_CURVE('',#15513,#15571,#15579,.T.);
#15579 = LINE('',#15580,#15581);
#15580 = CARTESIAN_POINT('',(0.8,3.1,-2.68E-15));
#15581 = VECTOR('',#15582,1.);
#15582 = DIRECTION('',(8.9E-16,-1.,7.8E-16));
#15583 = PLANE('',#15584);
#15584 = AXIS2_PLACEMENT_3D('',#15585,#15586,#15587);
#15585 = CARTESIAN_POINT('',(0.8,3.1,-2.5E-15));
#15586 = DIRECTION('',(1.,-2.2E-16,1.1E-16));
#15587 = DIRECTION('',(-2.2E-16,-1.,7.8E-16));
#15588 = ADVANCED_FACE('',(#15589),#15600,.T.);
#15589 = FACE_BOUND('',#15590,.T.);
#15590 = EDGE_LOOP('',(#15591,#15592,#15598,#15599));
#15591 = ORIENTED_EDGE('',*,*,#14888,.F.);
#15592 = ORIENTED_EDGE('',*,*,#15593,.F.);
#15593 = EDGE_CURVE('',#14657,#14881,#15594,.T.);
#15594 = LINE('',#15595,#15596);
#15595 = CARTESIAN_POINT('',(1.2,1.247322696217,0.75));
#15596 = VECTOR('',#15597,1.);
#15597 = DIRECTION('',(-6.7E-16,-1.,5.6E-16));
#15598 = ORIENTED_EDGE('',*,*,#14656,.F.);
#15599 = ORIENTED_EDGE('',*,*,#15538,.T.);
#15600 = PLANE('',#15601);
#15601 = AXIS2_PLACEMENT_3D('',#15602,#15603,#15604);
#15602 = CARTESIAN_POINT('',(1.2,0.774970099209,1.104489588366));
#15603 = DIRECTION('',(1.,-1.11E-15,-5.6E-16));
#15604 = DIRECTION('',(5.6E-16,-1.44E-15,1.));
#15605 = ADVANCED_FACE('',(#15606),#15612,.F.);
#15606 = FACE_BOUND('',#15607,.F.);
#15607 = EDGE_LOOP('',(#15608,#15609,#15610,#15611));
#15608 = ORIENTED_EDGE('',*,*,#15555,.T.);
#15609 = ORIENTED_EDGE('',*,*,#14880,.F.);
#15610 = ORIENTED_EDGE('',*,*,#15593,.F.);
#15611 = ORIENTED_EDGE('',*,*,#14664,.T.);
#15612 = PLANE('',#15613);
#15613 = AXIS2_PLACEMENT_3D('',#15614,#15615,#15616);
#15614 = CARTESIAN_POINT('',(-1.78E-15,1.719675293224,0.75));
#15615 = DIRECTION('',(-1.E-15,-5.6E-16,1.));
#15616 = DIRECTION('',(1.,-4.4E-16,1.E-15));
#15617 = ADVANCED_FACE('',(#15618),#15645,.T.);
#15618 = FACE_BOUND('',#15619,.T.);
#15619 = EDGE_LOOP('',(#15620,#15621,#15629,#15638));
#15620 = ORIENTED_EDGE('',*,*,#14712,.T.);
#15621 = ORIENTED_EDGE('',*,*,#15622,.T.);
#15622 = EDGE_CURVE('',#14715,#15623,#15625,.T.);
#15623 = VERTEX_POINT('',#15624);
#15624 = CARTESIAN_POINT('',(0.6,3.588840966857,1.254525522281));
#15625 = LINE('',#15626,#15627);
#15626 = CARTESIAN_POINT('',(0.6,2.991323630351,1.199999999993));
#15627 = VECTOR('',#15628,1.);
#15628 = DIRECTION('',(-2.5E-16,0.995862227502,9.087587047949E-02));
#15629 = ORIENTED_EDGE('',*,*,#15630,.T.);
#15630 = EDGE_CURVE('',#15623,#15631,#15633,.T.);
#15631 = VERTEX_POINT('',#15632);
#15632 = CARTESIAN_POINT('',(0.6,3.235125962887,2.120668839071));
#15633 = CIRCLE('',#15634,1.6);
#15634 = AXIS2_PLACEMENT_3D('',#15635,#15636,#15637);
#15635 = CARTESIAN_POINT('',(0.6,1.995461863956,1.109119076621));
#15636 = DIRECTION('',(1.,2.2E-16,3.3E-16));
#15637 = DIRECTION('',(-2.2E-16,1.,-3.3E-16));
#15638 = ORIENTED_EDGE('',*,*,#15639,.F.);
#15639 = EDGE_CURVE('',#14713,#15631,#15640,.T.);
#15640 = CIRCLE('',#15641,0.6);
#15641 = AXIS2_PLACEMENT_3D('',#15642,#15643,#15644);
#15642 = CARTESIAN_POINT('',(0.6,3.7,2.5));
#15643 = DIRECTION('',(1.,2.2E-16,3.3E-16));
#15644 = DIRECTION('',(-2.2E-16,1.,-3.3E-16));
#15645 = PLANE('',#15646);
#15646 = AXIS2_PLACEMENT_3D('',#15647,#15648,#15649);
#15647 = CARTESIAN_POINT('',(0.6,3.038884217096,1.863754103903));
#15648 = DIRECTION('',(1.,-4.4E-16,1.1E-16));
#15649 = DIRECTION('',(-1.1E-16,-1.1E-16,1.));
#15650 = ADVANCED_FACE('',(#15651),#15685,.F.);
#15651 = FACE_BOUND('',#15652,.F.);
#15652 = EDGE_LOOP('',(#15653,#15662,#15663,#15669,#15670,#15678));
#15653 = ORIENTED_EDGE('',*,*,#15654,.F.);
#15654 = EDGE_CURVE('',#14923,#15655,#15657,.T.);
#15655 = VERTEX_POINT('',#15656);
#15656 = CARTESIAN_POINT('',(0.6,2.770251925796,1.741337678159));
#15657 = CIRCLE('',#15658,1.2);
#15658 = AXIS2_PLACEMENT_3D('',#15659,#15660,#15661);
#15659 = CARTESIAN_POINT('',(0.6,3.7,2.5));
#15660 = DIRECTION('',(1.,2.2E-16,3.3E-16));
#15661 = DIRECTION('',(-2.2E-16,1.,-3.3E-16));
#15662 = ORIENTED_EDGE('',*,*,#14932,.F.);
#15663 = ORIENTED_EDGE('',*,*,#15664,.F.);
#15664 = EDGE_CURVE('',#14747,#14933,#15665,.T.);
#15665 = LINE('',#15666,#15667);
#15666 = CARTESIAN_POINT('',(0.6,3.1,1.));
#15667 = VECTOR('',#15668,1.);
#15668 = DIRECTION('',(5.6E-16,-1.,5.6E-16));
#15669 = ORIENTED_EDGE('',*,*,#14754,.F.);
#15670 = ORIENTED_EDGE('',*,*,#15671,.F.);
#15671 = EDGE_CURVE('',#15672,#14715,#15674,.T.);
#15672 = VERTEX_POINT('',#15673);
#15673 = CARTESIAN_POINT('',(0.6,2.991323630351,1.199999999993));
#15674 = LINE('',#15675,#15676);
#15675 = CARTESIAN_POINT('',(0.6,2.991323630351,1.199999999993));
#15676 = VECTOR('',#15677,1.);
#15677 = DIRECTION('',(-2.5E-16,0.995862227502,9.087587047949E-02));
#15678 = ORIENTED_EDGE('',*,*,#15679,.T.);
#15679 = EDGE_CURVE('',#15672,#15655,#15680,.T.);
#15680 = CIRCLE('',#15681,1.);
#15681 = AXIS2_PLACEMENT_3D('',#15682,#15683,#15684);
#15682 = CARTESIAN_POINT('',(0.6,1.995461863956,1.109119076621));
#15683 = DIRECTION('',(1.,2.2E-16,3.3E-16));
#15684 = DIRECTION('',(-2.2E-16,1.,-3.3E-16));
#15685 = PLANE('',#15686);
#15686 = AXIS2_PLACEMENT_3D('',#15687,#15688,#15689);
#15687 = CARTESIAN_POINT('',(0.6,2.8,1.75));
#15688 = DIRECTION('',(1.,-5.6E-16,0.));
#15689 = DIRECTION('',(-1.848E-31,-3.3E-16,1.));
#15690 = ADVANCED_FACE('',(#15691),#15702,.T.);
#15691 = FACE_BOUND('',#15692,.T.);
#15692 = EDGE_LOOP('',(#15693,#15694,#15700,#15701));
#15693 = ORIENTED_EDGE('',*,*,#14746,.T.);
#15694 = ORIENTED_EDGE('',*,*,#15695,.T.);
#15695 = EDGE_CURVE('',#14739,#14941,#15696,.T.);
#15696 = LINE('',#15697,#15698);
#15697 = CARTESIAN_POINT('',(-0.6,3.1,1.));
#15698 = VECTOR('',#15699,1.);
#15699 = DIRECTION('',(5.6E-16,-1.,5.6E-16));
#15700 = ORIENTED_EDGE('',*,*,#14940,.F.);
#15701 = ORIENTED_EDGE('',*,*,#15664,.F.);
#15702 = PLANE('',#15703);
#15703 = AXIS2_PLACEMENT_3D('',#15704,#15705,#15706);
#15704 = CARTESIAN_POINT('',(0.6,3.1,1.));
#15705 = DIRECTION('',(-7.2E-16,3.3E-16,1.));
#15706 = DIRECTION('',(1.1E-16,-1.,3.3E-16));
#15707 = ADVANCED_FACE('',(#15708),#15735,.F.);
#15708 = FACE_BOUND('',#15709,.F.);
#15709 = EDGE_LOOP('',(#15710,#15711,#15719,#15728));
#15710 = ORIENTED_EDGE('',*,*,#14730,.T.);
#15711 = ORIENTED_EDGE('',*,*,#15712,.T.);
#15712 = EDGE_CURVE('',#14731,#15713,#15715,.T.);
#15713 = VERTEX_POINT('',#15714);
#15714 = CARTESIAN_POINT('',(-0.6,3.588840966857,1.254525522281));
#15715 = LINE('',#15716,#15717);
#15716 = CARTESIAN_POINT('',(-0.6,2.991323630351,1.199999999993));
#15717 = VECTOR('',#15718,1.);
#15718 = DIRECTION('',(-2.5E-16,0.995862227502,9.087587047949E-02));
#15719 = ORIENTED_EDGE('',*,*,#15720,.T.);
#15720 = EDGE_CURVE('',#15713,#15721,#15723,.T.);
#15721 = VERTEX_POINT('',#15722);
#15722 = CARTESIAN_POINT('',(-0.6,3.235125962887,2.120668839071));
#15723 = CIRCLE('',#15724,1.6);
#15724 = AXIS2_PLACEMENT_3D('',#15725,#15726,#15727);
#15725 = CARTESIAN_POINT('',(-0.6,1.995461863956,1.109119076621));
#15726 = DIRECTION('',(1.,2.2E-16,3.3E-16));
#15727 = DIRECTION('',(-2.2E-16,1.,-3.3E-16));
#15728 = ORIENTED_EDGE('',*,*,#15729,.F.);
#15729 = EDGE_CURVE('',#14723,#15721,#15730,.T.);
#15730 = CIRCLE('',#15731,0.6);
#15731 = AXIS2_PLACEMENT_3D('',#15732,#15733,#15734);
#15732 = CARTESIAN_POINT('',(-0.6,3.7,2.5));
#15733 = DIRECTION('',(1.,2.2E-16,3.3E-16));
#15734 = DIRECTION('',(-2.2E-16,1.,-3.3E-16));
#15735 = PLANE('',#15736);
#15736 = AXIS2_PLACEMENT_3D('',#15737,#15738,#15739);
#15737 = CARTESIAN_POINT('',(-0.6,3.038884217096,1.863754103903));
#15738 = DIRECTION('',(1.,-4.4E-16,1.1E-16));
#15739 = DIRECTION('',(-1.1E-16,-1.1E-16,1.));
#15740 = ADVANCED_FACE('',(#15741),#15770,.T.);
#15741 = FACE_BOUND('',#15742,.T.);
#15742 = EDGE_LOOP('',(#15743,#15752,#15753,#15754,#15755,#15763));
#15743 = ORIENTED_EDGE('',*,*,#15744,.F.);
#15744 = EDGE_CURVE('',#14925,#15745,#15747,.T.);
#15745 = VERTEX_POINT('',#15746);
#15746 = CARTESIAN_POINT('',(-0.6,2.770251925796,1.741337678159));
#15747 = CIRCLE('',#15748,1.2);
#15748 = AXIS2_PLACEMENT_3D('',#15749,#15750,#15751);
#15749 = CARTESIAN_POINT('',(-0.6,3.7,2.5));
#15750 = DIRECTION('',(1.,2.2E-16,3.3E-16));
#15751 = DIRECTION('',(-2.2E-16,1.,-3.3E-16));
#15752 = ORIENTED_EDGE('',*,*,#14948,.F.);
#15753 = ORIENTED_EDGE('',*,*,#15695,.F.);
#15754 = ORIENTED_EDGE('',*,*,#14738,.F.);
#15755 = ORIENTED_EDGE('',*,*,#15756,.F.);
#15756 = EDGE_CURVE('',#15757,#14731,#15759,.T.);
#15757 = VERTEX_POINT('',#15758);
#15758 = CARTESIAN_POINT('',(-0.6,2.991323630351,1.199999999993));
#15759 = LINE('',#15760,#15761);
#15760 = CARTESIAN_POINT('',(-0.6,2.991323630351,1.199999999993));
#15761 = VECTOR('',#15762,1.);
#15762 = DIRECTION('',(-2.5E-16,0.995862227502,9.087587047949E-02));
#15763 = ORIENTED_EDGE('',*,*,#15764,.T.);
#15764 = EDGE_CURVE('',#15757,#15745,#15765,.T.);
#15765 = CIRCLE('',#15766,1.);
#15766 = AXIS2_PLACEMENT_3D('',#15767,#15768,#15769);
#15767 = CARTESIAN_POINT('',(-0.6,1.995461863956,1.109119076621));
#15768 = DIRECTION('',(1.,2.2E-16,3.3E-16));
#15769 = DIRECTION('',(-2.2E-16,1.,-3.3E-16));
#15770 = PLANE('',#15771);
#15771 = AXIS2_PLACEMENT_3D('',#15772,#15773,#15774);
#15772 = CARTESIAN_POINT('',(-0.6,2.8,1.75));
#15773 = DIRECTION('',(1.,-5.6E-16,0.));
#15774 = DIRECTION('',(-1.848E-31,-3.3E-16,1.));
#15775 = ADVANCED_FACE('',(#15776),#15787,.F.);
#15776 = FACE_BOUND('',#15777,.T.);
#15777 = EDGE_LOOP('',(#15778,#15779,#15780,#15786));
#15778 = ORIENTED_EDGE('',*,*,#14722,.F.);
#15779 = ORIENTED_EDGE('',*,*,#15639,.T.);
#15780 = ORIENTED_EDGE('',*,*,#15781,.F.);
#15781 = EDGE_CURVE('',#15721,#15631,#15782,.T.);
#15782 = LINE('',#15783,#15784);
#15783 = CARTESIAN_POINT('',(-0.6,3.235125962887,2.120668839071));
#15784 = VECTOR('',#15785,1.);
#15785 = DIRECTION('',(1.,-4.4E-16,3.9E-16));
#15786 = ORIENTED_EDGE('',*,*,#15729,.F.);
#15787 = CYLINDRICAL_SURFACE('',#15788,0.6);
#15788 = AXIS2_PLACEMENT_3D('',#15789,#15790,#15791);
#15789 = CARTESIAN_POINT('',(-0.6,3.7,2.5));
#15790 = DIRECTION('',(-1.,2.2E-16,-5.6E-16));
#15791 = DIRECTION('',(2.2E-16,1.,-5.6E-16));
#15792 = ADVANCED_FACE('',(#15793),#15836,.T.);
#15793 = FACE_BOUND('',#15794,.T.);
#15794 = EDGE_LOOP('',(#15795,#15803,#15811,#15819,#15827,#15833,#15834,
    #15835));
#15795 = ORIENTED_EDGE('',*,*,#15796,.F.);
#15796 = EDGE_CURVE('',#15797,#15482,#15799,.T.);
#15797 = VERTEX_POINT('',#15798);
#15798 = CARTESIAN_POINT('',(-0.45,0.5,0.6));
#15799 = LINE('',#15800,#15801);
#15800 = CARTESIAN_POINT('',(-0.7375,0.7875,0.6));
#15801 = VECTOR('',#15802,1.);
#15802 = DIRECTION('',(-0.707106781187,0.707106781187,-2.08E-15));
#15803 = ORIENTED_EDGE('',*,*,#15804,.T.);
#15804 = EDGE_CURVE('',#15797,#15805,#15807,.T.);
#15805 = VERTEX_POINT('',#15806);
#15806 = CARTESIAN_POINT('',(-0.45,0.2,0.6));
#15807 = LINE('',#15808,#15809);
#15808 = CARTESIAN_POINT('',(-0.45,-0.4,0.6));
#15809 = VECTOR('',#15810,1.);
#15810 = DIRECTION('',(1.67E-15,-1.,1.78E-15));
#15811 = ORIENTED_EDGE('',*,*,#15812,.T.);
#15812 = EDGE_CURVE('',#15805,#15813,#15815,.T.);
#15813 = VERTEX_POINT('',#15814);
#15814 = CARTESIAN_POINT('',(0.45,0.2,0.6));
#15815 = LINE('',#15816,#15817);
#15816 = CARTESIAN_POINT('',(-1.2,0.2,0.6));
#15817 = VECTOR('',#15818,1.);
#15818 = DIRECTION('',(1.,-1.11E-15,-2.8E-16));
#15819 = ORIENTED_EDGE('',*,*,#15820,.F.);
#15820 = EDGE_CURVE('',#15821,#15813,#15823,.T.);
#15821 = VERTEX_POINT('',#15822);
#15822 = CARTESIAN_POINT('',(0.45,0.5,0.6));
#15823 = LINE('',#15824,#15825);
#15824 = CARTESIAN_POINT('',(0.45,-0.4,0.6));
#15825 = VECTOR('',#15826,1.);
#15826 = DIRECTION('',(1.67E-15,-1.,1.78E-15));
#15827 = ORIENTED_EDGE('',*,*,#15828,.T.);
#15828 = EDGE_CURVE('',#15821,#15563,#15829,.T.);
#15829 = LINE('',#15830,#15831);
#15830 = CARTESIAN_POINT('',(0.1375,0.1875,0.6));
#15831 = VECTOR('',#15832,1.);
#15832 = DIRECTION('',(0.707106781187,0.707106781187,4.E-17));
#15833 = ORIENTED_EDGE('',*,*,#15562,.T.);
#15834 = ORIENTED_EDGE('',*,*,#14864,.F.);
#15835 = ORIENTED_EDGE('',*,*,#15481,.F.);
#15836 = PLANE('',#15837);
#15837 = AXIS2_PLACEMENT_3D('',#15838,#15839,#15840);
#15838 = CARTESIAN_POINT('',(-1.2,0.2,0.6));
#15839 = DIRECTION('',(-2.39E-15,-7.8E-16,1.));
#15840 = DIRECTION('',(-1.78E-15,1.,7.8E-16));
#15841 = ADVANCED_FACE('',(#15842),#15853,.T.);
#15842 = FACE_BOUND('',#15843,.F.);
#15843 = EDGE_LOOP('',(#15844,#15845,#15846,#15852));
#15844 = ORIENTED_EDGE('',*,*,#14922,.F.);
#15845 = ORIENTED_EDGE('',*,*,#15654,.T.);
#15846 = ORIENTED_EDGE('',*,*,#15847,.F.);
#15847 = EDGE_CURVE('',#15745,#15655,#15848,.T.);
#15848 = LINE('',#15849,#15850);
#15849 = CARTESIAN_POINT('',(-0.6,2.770251925796,1.741337678159));
#15850 = VECTOR('',#15851,1.);
#15851 = DIRECTION('',(1.,-4.4E-16,3.9E-16));
#15852 = ORIENTED_EDGE('',*,*,#15744,.F.);
#15853 = CYLINDRICAL_SURFACE('',#15854,1.2);
#15854 = AXIS2_PLACEMENT_3D('',#15855,#15856,#15857);
#15855 = CARTESIAN_POINT('',(-0.6,3.7,2.5));
#15856 = DIRECTION('',(-1.,2.2E-16,-5.6E-16));
#15857 = DIRECTION('',(2.2E-16,1.,-5.6E-16));
#15858 = ADVANCED_FACE('',(#15859),#15902,.F.);
#15859 = FACE_BOUND('',#15860,.F.);
#15860 = EDGE_LOOP('',(#15861,#15869,#15877,#15885,#15893,#15899,#15900,
    #15901));
#15861 = ORIENTED_EDGE('',*,*,#15862,.T.);
#15862 = EDGE_CURVE('',#15490,#15863,#15865,.T.);
#15863 = VERTEX_POINT('',#15864);
#15864 = CARTESIAN_POINT('',(-0.45,0.5,-2.E-15));
#15865 = LINE('',#15866,#15867);
#15866 = CARTESIAN_POINT('',(-0.8,0.85,-3.9E-16));
#15867 = VECTOR('',#15868,1.);
#15868 = DIRECTION('',(0.707106781187,-0.707106781187,3.1E-16));
#15869 = ORIENTED_EDGE('',*,*,#15870,.T.);
#15870 = EDGE_CURVE('',#15863,#15871,#15873,.T.);
#15871 = VERTEX_POINT('',#15872);
#15872 = CARTESIAN_POINT('',(-0.45,0.3,-1.E-15));
#15873 = LINE('',#15874,#15875);
#15874 = CARTESIAN_POINT('',(-0.45,-0.35,7.8E-16));
#15875 = VECTOR('',#15876,1.);
#15876 = DIRECTION('',(1.67E-15,-1.,1.78E-15));
#15877 = ORIENTED_EDGE('',*,*,#15878,.T.);
#15878 = EDGE_CURVE('',#15871,#15879,#15881,.T.);
#15879 = VERTEX_POINT('',#15880);
#15880 = CARTESIAN_POINT('',(0.45,0.3,0.));
#15881 = LINE('',#15882,#15883);
#15882 = CARTESIAN_POINT('',(-1.2,0.3,-2.3E-16));
#15883 = VECTOR('',#15884,1.);
#15884 = DIRECTION('',(1.,-1.11E-15,-2.8E-16));
#15885 = ORIENTED_EDGE('',*,*,#15886,.F.);
#15886 = EDGE_CURVE('',#15887,#15879,#15889,.T.);
#15887 = VERTEX_POINT('',#15888);
#15888 = CARTESIAN_POINT('',(0.45,0.5,-1.E-15));
#15889 = LINE('',#15890,#15891);
#15890 = CARTESIAN_POINT('',(0.45,-0.35,8.8E-16));
#15891 = VECTOR('',#15892,1.);
#15892 = DIRECTION('',(1.67E-15,-1.,1.78E-15));
#15893 = ORIENTED_EDGE('',*,*,#15894,.F.);
#15894 = EDGE_CURVE('',#15571,#15887,#15895,.T.);
#15895 = LINE('',#15896,#15897);
#15896 = CARTESIAN_POINT('',(0.8,0.85,-9.3E-16));
#15897 = VECTOR('',#15898,1.);
#15898 = DIRECTION('',(-0.707106781187,-0.707106781187,7.9E-16));
#15899 = ORIENTED_EDGE('',*,*,#15578,.F.);
#15900 = ORIENTED_EDGE('',*,*,#15512,.F.);
#15901 = ORIENTED_EDGE('',*,*,#15497,.T.);
#15902 = PLANE('',#15903);
#15903 = AXIS2_PLACEMENT_3D('',#15904,#15905,#15906);
#15904 = CARTESIAN_POINT('',(-1.2,0.3,-2.3E-16));
#15905 = DIRECTION('',(-2.39E-15,-7.8E-16,1.));
#15906 = DIRECTION('',(-1.78E-15,1.,7.8E-16));
#15907 = ADVANCED_FACE('',(#15908),#15919,.F.);
#15908 = FACE_BOUND('',#15909,.F.);
#15909 = EDGE_LOOP('',(#15910,#15911,#15912,#15913));
#15910 = ORIENTED_EDGE('',*,*,#15862,.F.);
#15911 = ORIENTED_EDGE('',*,*,#15489,.T.);
#15912 = ORIENTED_EDGE('',*,*,#15796,.F.);
#15913 = ORIENTED_EDGE('',*,*,#15914,.T.);
#15914 = EDGE_CURVE('',#15797,#15863,#15915,.T.);
#15915 = LINE('',#15916,#15917);
#15916 = CARTESIAN_POINT('',(-0.45,0.5,0.75));
#15917 = VECTOR('',#15918,1.);
#15918 = DIRECTION('',(2.E-15,1.44E-15,-1.));
#15919 = PLANE('',#15920);
#15920 = AXIS2_PLACEMENT_3D('',#15921,#15922,#15923);
#15921 = CARTESIAN_POINT('',(-0.8,0.85,-5.7E-16));
#15922 = DIRECTION('',(0.707106781187,0.707106781187,-3.1E-16));
#15923 = DIRECTION('',(0.707106781187,-0.707106781187,4.7E-16));
#15924 = ADVANCED_FACE('',(#15925),#15936,.T.);
#15925 = FACE_BOUND('',#15926,.T.);
#15926 = EDGE_LOOP('',(#15927,#15928,#15929,#15930));
#15927 = ORIENTED_EDGE('',*,*,#15894,.F.);
#15928 = ORIENTED_EDGE('',*,*,#15570,.T.);
#15929 = ORIENTED_EDGE('',*,*,#15828,.F.);
#15930 = ORIENTED_EDGE('',*,*,#15931,.T.);
#15931 = EDGE_CURVE('',#15821,#15887,#15932,.T.);
#15932 = LINE('',#15933,#15934);
#15933 = CARTESIAN_POINT('',(0.45,0.5,0.75));
#15934 = VECTOR('',#15935,1.);
#15935 = DIRECTION('',(2.E-15,1.44E-15,-1.));
#15936 = PLANE('',#15937);
#15937 = AXIS2_PLACEMENT_3D('',#15938,#15939,#15940);
#15938 = CARTESIAN_POINT('',(0.8,0.85,-7.5E-16));
#15939 = DIRECTION('',(0.707106781187,-0.707106781187,4.7E-16));
#15940 = DIRECTION('',(-0.707106781187,-0.707106781187,6.3E-16));
#15941 = ADVANCED_FACE('',(#15942),#15953,.T.);
#15942 = FACE_BOUND('',#15943,.F.);
#15943 = EDGE_LOOP('',(#15944,#15950,#15951,#15952));
#15944 = ORIENTED_EDGE('',*,*,#15945,.T.);
#15945 = EDGE_CURVE('',#15713,#15623,#15946,.T.);
#15946 = LINE('',#15947,#15948);
#15947 = CARTESIAN_POINT('',(-0.6,3.588840966857,1.254525522281));
#15948 = VECTOR('',#15949,1.);
#15949 = DIRECTION('',(1.,-4.4E-16,3.9E-16));
#15950 = ORIENTED_EDGE('',*,*,#15630,.T.);
#15951 = ORIENTED_EDGE('',*,*,#15781,.F.);
#15952 = ORIENTED_EDGE('',*,*,#15720,.F.);
#15953 = CYLINDRICAL_SURFACE('',#15954,1.6);
#15954 = AXIS2_PLACEMENT_3D('',#15955,#15956,#15957);
#15955 = CARTESIAN_POINT('',(-0.6,1.995461863956,1.109119076621));
#15956 = DIRECTION('',(-1.,2.2E-16,-5.6E-16));
#15957 = DIRECTION('',(2.2E-16,1.,-5.6E-16));
#15958 = ADVANCED_FACE('',(#15959),#15972,.F.);
#15959 = FACE_BOUND('',#15960,.F.);
#15960 = EDGE_LOOP('',(#15961,#15967,#15968,#15969,#15970,#15971));
#15961 = ORIENTED_EDGE('',*,*,#15962,.T.);
#15962 = EDGE_CURVE('',#15757,#15672,#15963,.T.);
#15963 = LINE('',#15964,#15965);
#15964 = CARTESIAN_POINT('',(-0.6,2.991323630351,1.199999999993));
#15965 = VECTOR('',#15966,1.);
#15966 = DIRECTION('',(1.,-4.4E-16,3.9E-16));
#15967 = ORIENTED_EDGE('',*,*,#15671,.T.);
#15968 = ORIENTED_EDGE('',*,*,#15622,.T.);
#15969 = ORIENTED_EDGE('',*,*,#15945,.F.);
#15970 = ORIENTED_EDGE('',*,*,#15712,.F.);
#15971 = ORIENTED_EDGE('',*,*,#15756,.F.);
#15972 = PLANE('',#15973);
#15973 = AXIS2_PLACEMENT_3D('',#15974,#15975,#15976);
#15974 = CARTESIAN_POINT('',(-0.6,2.991323630351,1.199999999993));
#15975 = DIRECTION('',(-4.3E-16,-9.087587047949E-02,0.995862227502));
#15976 = DIRECTION('',(1.7E-16,0.995862227502,9.087587047949E-02));
#15977 = ADVANCED_FACE('',(#15978),#15984,.F.);
#15978 = FACE_BOUND('',#15979,.T.);
#15979 = EDGE_LOOP('',(#15980,#15981,#15982,#15983));
#15980 = ORIENTED_EDGE('',*,*,#15962,.T.);
#15981 = ORIENTED_EDGE('',*,*,#15679,.T.);
#15982 = ORIENTED_EDGE('',*,*,#15847,.F.);
#15983 = ORIENTED_EDGE('',*,*,#15764,.F.);
#15984 = CYLINDRICAL_SURFACE('',#15985,1.);
#15985 = AXIS2_PLACEMENT_3D('',#15986,#15987,#15988);
#15986 = CARTESIAN_POINT('',(-0.6,1.995461863956,1.109119076621));
#15987 = DIRECTION('',(-1.,2.2E-16,-5.6E-16));
#15988 = DIRECTION('',(2.2E-16,1.,-5.6E-16));
#15989 = ADVANCED_FACE('',(#15990),#16026,.F.);
#15990 = FACE_BOUND('',#15991,.F.);
#15991 = EDGE_LOOP('',(#15992,#15993,#15994,#15995,#16003,#16011,#16019)
  );
#15992 = ORIENTED_EDGE('',*,*,#15820,.F.);
#15993 = ORIENTED_EDGE('',*,*,#15931,.T.);
#15994 = ORIENTED_EDGE('',*,*,#15886,.T.);
#15995 = ORIENTED_EDGE('',*,*,#15996,.F.);
#15996 = EDGE_CURVE('',#15997,#15879,#15999,.T.);
#15997 = VERTEX_POINT('',#15998);
#15998 = CARTESIAN_POINT('',(0.45,0.3,-3.));
#15999 = LINE('',#16000,#16001);
#16000 = CARTESIAN_POINT('',(0.45,0.3,0.375));
#16001 = VECTOR('',#16002,1.);
#16002 = DIRECTION('',(-2.E-15,-4.4E-16,1.));
#16003 = ORIENTED_EDGE('',*,*,#16004,.F.);
#16004 = EDGE_CURVE('',#16005,#15997,#16007,.T.);
#16005 = VERTEX_POINT('',#16006);
#16006 = CARTESIAN_POINT('',(0.45,-0.3,-3.));
#16007 = LINE('',#16008,#16009);
#16008 = CARTESIAN_POINT('',(0.45,-1.,-3.));
#16009 = VECTOR('',#16010,1.);
#16010 = DIRECTION('',(-1.67E-15,1.,-1.22E-15));
#16011 = ORIENTED_EDGE('',*,*,#16012,.F.);
#16012 = EDGE_CURVE('',#16013,#16005,#16015,.T.);
#16013 = VERTEX_POINT('',#16014);
#16014 = CARTESIAN_POINT('',(0.45,-0.3,0.1));
#16015 = LINE('',#16016,#16017);
#16016 = CARTESIAN_POINT('',(0.45,-0.3,-1.425));
#16017 = VECTOR('',#16018,1.);
#16018 = DIRECTION('',(2.E-15,4.4E-16,-1.));
#16019 = ORIENTED_EDGE('',*,*,#16020,.T.);
#16020 = EDGE_CURVE('',#16013,#15813,#16021,.T.);
#16021 = CIRCLE('',#16022,0.5);
#16022 = AXIS2_PLACEMENT_3D('',#16023,#16024,#16025);
#16023 = CARTESIAN_POINT('',(0.45,0.2,0.1));
#16024 = DIRECTION('',(-1.,-1.22E-15,-2.33E-15));
#16025 = DIRECTION('',(-1.22E-15,1.,-2.E-15));
#16026 = PLANE('',#16027);
#16027 = AXIS2_PLACEMENT_3D('',#16028,#16029,#16030);
#16028 = CARTESIAN_POINT('',(0.45,-1.,0.75));
#16029 = DIRECTION('',(-1.,5.6E-16,2.2E-16));
#16030 = DIRECTION('',(-2.2E-16,1.22E-15,-1.));
#16031 = ADVANCED_FACE('',(#16032),#16051,.T.);
#16032 = FACE_BOUND('',#16033,.F.);
#16033 = EDGE_LOOP('',(#16034,#16043,#16044,#16045));
#16034 = ORIENTED_EDGE('',*,*,#16035,.T.);
#16035 = EDGE_CURVE('',#16036,#15805,#16038,.T.);
#16036 = VERTEX_POINT('',#16037);
#16037 = CARTESIAN_POINT('',(-0.45,-0.3,0.1));
#16038 = CIRCLE('',#16039,0.5);
#16039 = AXIS2_PLACEMENT_3D('',#16040,#16041,#16042);
#16040 = CARTESIAN_POINT('',(-0.45,0.2,1.E-01));
#16041 = DIRECTION('',(-1.,-1.22E-15,-2.33E-15));
#16042 = DIRECTION('',(-1.22E-15,1.,-2.E-15));
#16043 = ORIENTED_EDGE('',*,*,#15812,.T.);
#16044 = ORIENTED_EDGE('',*,*,#16020,.F.);
#16045 = ORIENTED_EDGE('',*,*,#16046,.F.);
#16046 = EDGE_CURVE('',#16036,#16013,#16047,.T.);
#16047 = LINE('',#16048,#16049);
#16048 = CARTESIAN_POINT('',(-1.2,-0.3,0.1));
#16049 = VECTOR('',#16050,1.);
#16050 = DIRECTION('',(1.,-1.11E-15,-2.8E-16));
#16051 = CYLINDRICAL_SURFACE('',#16052,0.5);
#16052 = AXIS2_PLACEMENT_3D('',#16053,#16054,#16055);
#16053 = CARTESIAN_POINT('',(-1.2,0.2,0.1));
#16054 = DIRECTION('',(-1.,8.9E-16,1.1E-16));
#16055 = DIRECTION('',(8.9E-16,1.,-1.89E-15));
#16056 = ADVANCED_FACE('',(#16057),#16085,.T.);
#16057 = FACE_BOUND('',#16058,.T.);
#16058 = EDGE_LOOP('',(#16059,#16060,#16061,#16062,#16070,#16078,#16084)
  );
#16059 = ORIENTED_EDGE('',*,*,#15804,.F.);
#16060 = ORIENTED_EDGE('',*,*,#15914,.T.);
#16061 = ORIENTED_EDGE('',*,*,#15870,.T.);
#16062 = ORIENTED_EDGE('',*,*,#16063,.F.);
#16063 = EDGE_CURVE('',#16064,#15871,#16066,.T.);
#16064 = VERTEX_POINT('',#16065);
#16065 = CARTESIAN_POINT('',(-0.45,0.3,-3.));
#16066 = LINE('',#16067,#16068);
#16067 = CARTESIAN_POINT('',(-0.45,0.3,0.375));
#16068 = VECTOR('',#16069,1.);
#16069 = DIRECTION('',(-2.E-15,-4.4E-16,1.));
#16070 = ORIENTED_EDGE('',*,*,#16071,.F.);
#16071 = EDGE_CURVE('',#16072,#16064,#16074,.T.);
#16072 = VERTEX_POINT('',#16073);
#16073 = CARTESIAN_POINT('',(-0.45,-0.3,-3.));
#16074 = LINE('',#16075,#16076);
#16075 = CARTESIAN_POINT('',(-0.45,-1.,-3.));
#16076 = VECTOR('',#16077,1.);
#16077 = DIRECTION('',(-1.67E-15,1.,-1.22E-15));
#16078 = ORIENTED_EDGE('',*,*,#16079,.F.);
#16079 = EDGE_CURVE('',#16036,#16072,#16080,.T.);
#16080 = LINE('',#16081,#16082);
#16081 = CARTESIAN_POINT('',(-0.45,-0.3,-1.425));
#16082 = VECTOR('',#16083,1.);
#16083 = DIRECTION('',(2.E-15,4.4E-16,-1.));
#16084 = ORIENTED_EDGE('',*,*,#16035,.T.);
#16085 = PLANE('',#16086);
#16086 = AXIS2_PLACEMENT_3D('',#16087,#16088,#16089);
#16087 = CARTESIAN_POINT('',(-0.45,-1.,0.75));
#16088 = DIRECTION('',(-1.,5.6E-16,2.2E-16));
#16089 = DIRECTION('',(-2.2E-16,1.22E-15,-1.));
#16090 = ADVANCED_FACE('',(#16091),#16118,.T.);
#16091 = FACE_BOUND('',#16092,.T.);
#16092 = EDGE_LOOP('',(#16093,#16094,#16095,#16096,#16104,#16112));
#16093 = ORIENTED_EDGE('',*,*,#16063,.T.);
#16094 = ORIENTED_EDGE('',*,*,#15878,.T.);
#16095 = ORIENTED_EDGE('',*,*,#15996,.F.);
#16096 = ORIENTED_EDGE('',*,*,#16097,.F.);
#16097 = EDGE_CURVE('',#16098,#15997,#16100,.T.);
#16098 = VERTEX_POINT('',#16099);
#16099 = CARTESIAN_POINT('',(0.201471862576,0.3,-3.6));
#16100 = LINE('',#16101,#16102);
#16101 = CARTESIAN_POINT('',(0.859511633129,0.3,-2.01135146135));
#16102 = VECTOR('',#16103,1.);
#16103 = DIRECTION('',(0.382683432365,-7.9E-16,0.923879532511));
#16104 = ORIENTED_EDGE('',*,*,#16105,.F.);
#16105 = EDGE_CURVE('',#16106,#16098,#16108,.T.);
#16106 = VERTEX_POINT('',#16107);
#16107 = CARTESIAN_POINT('',(-0.201471862576,0.3,-3.6));
#16108 = LINE('',#16109,#16110);
#16109 = CARTESIAN_POINT('',(-1.2,0.3,-3.6));
#16110 = VECTOR('',#16111,1.);
#16111 = DIRECTION('',(1.,-1.11E-15,-2.8E-16));
#16112 = ORIENTED_EDGE('',*,*,#16113,.T.);
#16113 = EDGE_CURVE('',#16106,#16064,#16114,.T.);
#16114 = LINE('',#16115,#16116);
#16115 = CARTESIAN_POINT('',(-1.035247564417,0.3,-1.587087392638));
#16116 = VECTOR('',#16117,1.);
#16117 = DIRECTION('',(-0.382683432365,-3.E-17,0.923879532511));
#16118 = PLANE('',#16119);
#16119 = AXIS2_PLACEMENT_3D('',#16120,#16121,#16122);
#16120 = CARTESIAN_POINT('',(-1.2,0.3,-2.3E-16));
#16121 = DIRECTION('',(-1.55E-15,1.,-1.67E-15));
#16122 = DIRECTION('',(2.55E-15,-1.67E-15,-1.));
#16123 = ADVANCED_FACE('',(#16124),#16151,.T.);
#16124 = FACE_BOUND('',#16125,.T.);
#16125 = EDGE_LOOP('',(#16126,#16134,#16142,#16148,#16149,#16150));
#16126 = ORIENTED_EDGE('',*,*,#16127,.T.);
#16127 = EDGE_CURVE('',#16072,#16128,#16130,.T.);
#16128 = VERTEX_POINT('',#16129);
#16129 = CARTESIAN_POINT('',(-0.201471862576,-0.3,-3.6));
#16130 = LINE('',#16131,#16132);
#16131 = CARTESIAN_POINT('',(-0.39885146135,-0.3,-3.123483495706));
#16132 = VECTOR('',#16133,1.);
#16133 = DIRECTION('',(0.382683432365,3.E-17,-0.923879532511));
#16134 = ORIENTED_EDGE('',*,*,#16135,.T.);
#16135 = EDGE_CURVE('',#16128,#16136,#16138,.T.);
#16136 = VERTEX_POINT('',#16137);
#16137 = CARTESIAN_POINT('',(0.201471862576,-0.3,-3.6));
#16138 = LINE('',#16139,#16140);
#16139 = CARTESIAN_POINT('',(-1.2,-0.3,-3.6));
#16140 = VECTOR('',#16141,1.);
#16141 = DIRECTION('',(1.,-1.11E-15,-2.8E-16));
#16142 = ORIENTED_EDGE('',*,*,#16143,.F.);
#16143 = EDGE_CURVE('',#16005,#16136,#16144,.T.);
#16144 = LINE('',#16145,#16146);
#16145 = CARTESIAN_POINT('',(0.223115530061,-0.3,-3.547747564417));
#16146 = VECTOR('',#16147,1.);
#16147 = DIRECTION('',(-0.382683432365,7.9E-16,-0.923879532511));
#16148 = ORIENTED_EDGE('',*,*,#16012,.F.);
#16149 = ORIENTED_EDGE('',*,*,#16046,.F.);
#16150 = ORIENTED_EDGE('',*,*,#16079,.T.);
#16151 = PLANE('',#16152);
#16152 = AXIS2_PLACEMENT_3D('',#16153,#16154,#16155);
#16153 = CARTESIAN_POINT('',(-1.2,-0.3,-3.6));
#16154 = DIRECTION('',(1.55E-15,-1.,1.67E-15));
#16155 = DIRECTION('',(-2.55E-15,1.67E-15,1.));
#16156 = ADVANCED_FACE('',(#16157),#16168,.F.);
#16157 = FACE_BOUND('',#16158,.F.);
#16158 = EDGE_LOOP('',(#16159,#16160,#16161,#16162));
#16159 = ORIENTED_EDGE('',*,*,#16143,.F.);
#16160 = ORIENTED_EDGE('',*,*,#16004,.T.);
#16161 = ORIENTED_EDGE('',*,*,#16097,.F.);
#16162 = ORIENTED_EDGE('',*,*,#16163,.F.);
#16163 = EDGE_CURVE('',#16136,#16098,#16164,.T.);
#16164 = LINE('',#16165,#16166);
#16165 = CARTESIAN_POINT('',(0.201471862576,-1.,-3.6));
#16166 = VECTOR('',#16167,1.);
#16167 = DIRECTION('',(-1.67E-15,1.,-1.22E-15));
#16168 = PLANE('',#16169);
#16169 = AXIS2_PLACEMENT_3D('',#16170,#16171,#16172);
#16170 = CARTESIAN_POINT('',(0.45,-1.,-3.));
#16171 = DIRECTION('',(-0.923879532511,1.3E-16,0.382683432365));
#16172 = DIRECTION('',(-0.382683432365,1.43E-15,-0.923879532511));
#16173 = ADVANCED_FACE('',(#16174),#16185,.T.);
#16174 = FACE_BOUND('',#16175,.T.);
#16175 = EDGE_LOOP('',(#16176,#16177,#16178,#16179));
#16176 = ORIENTED_EDGE('',*,*,#16127,.F.);
#16177 = ORIENTED_EDGE('',*,*,#16071,.T.);
#16178 = ORIENTED_EDGE('',*,*,#16113,.F.);
#16179 = ORIENTED_EDGE('',*,*,#16180,.F.);
#16180 = EDGE_CURVE('',#16128,#16106,#16181,.T.);
#16181 = LINE('',#16182,#16183);
#16182 = CARTESIAN_POINT('',(-0.201471862576,-1.,-3.6));
#16183 = VECTOR('',#16184,1.);
#16184 = DIRECTION('',(-1.67E-15,1.,-1.22E-15));
#16185 = PLANE('',#16186);
#16186 = AXIS2_PLACEMENT_3D('',#16187,#16188,#16189);
#16187 = CARTESIAN_POINT('',(-0.45,-1.,-3.));
#16188 = DIRECTION('',(-0.923879532511,9.E-16,-0.382683432365));
#16189 = DIRECTION('',(0.382683432365,8.3E-16,-0.923879532511));
#16190 = ADVANCED_FACE('',(#16191),#16197,.T.);
#16191 = FACE_BOUND('',#16192,.T.);
#16192 = EDGE_LOOP('',(#16193,#16194,#16195,#16196));
#16193 = ORIENTED_EDGE('',*,*,#16180,.T.);
#16194 = ORIENTED_EDGE('',*,*,#16105,.T.);
#16195 = ORIENTED_EDGE('',*,*,#16163,.F.);
#16196 = ORIENTED_EDGE('',*,*,#16135,.F.);
#16197 = PLANE('',#16198);
#16198 = AXIS2_PLACEMENT_3D('',#16199,#16200,#16201);
#16199 = CARTESIAN_POINT('',(-1.2,0.3,-3.6));
#16200 = DIRECTION('',(2.39E-15,7.8E-16,-1.));
#16201 = DIRECTION('',(1.78E-15,-1.,-7.8E-16));
#16202 = ( GEOMETRIC_REPRESENTATION_CONTEXT(3) 
GLOBAL_UNCERTAINTY_ASSIGNED_CONTEXT((#16206)) 
GLOBAL_UNIT_ASSIGNED_CONTEXT((#16203,#16204,#16205)) 
REPRESENTATION_CONTEXT('Context #1',
  '3D Context with UNIT and UNCERTAINTY') );
#16203 = ( LENGTH_UNIT() NAMED_UNIT(*) SI_UNIT(.MILLI.,.METRE.) );
#16204 = ( NAMED_UNIT(*) PLANE_ANGLE_UNIT() SI_UNIT($,.RADIAN.) );
#16205 = ( NAMED_UNIT(*) SI_UNIT($,.STERADIAN.) SOLID_ANGLE_UNIT() );
#16206 = UNCERTAINTY_MEASURE_WITH_UNIT(LENGTH_MEASURE(2.E-07),#16203,
  'distance_accuracy_value','confusion accuracy');
#16207 = CONTEXT_DEPENDENT_SHAPE_REPRESENTATION(#16208,#16210);
#16208 = ( REPRESENTATION_RELATIONSHIP('','',#14287,#10) 
REPRESENTATION_RELATIONSHIP_WITH_TRANSFORMATION(#16209) 
SHAPE_REPRESENTATION_RELATIONSHIP() );
#16209 = ITEM_DEFINED_TRANSFORMATION('','',#11,#55);
#16210 = PRODUCT_DEFINITION_SHAPE('Placement','Placement of an item',
  #16211);
#16211 = NEXT_ASSEMBLY_USAGE_OCCURRENCE('491','Body041','',#5,#14282,$);
#16212 = PRODUCT_RELATED_PRODUCT_CATEGORY('part',$,(#14284));
#16213 = SHAPE_DEFINITION_REPRESENTATION(#16214,#16220);
#16214 = PRODUCT_DEFINITION_SHAPE('','',#16215);
#16215 = PRODUCT_DEFINITION('design','',#16216,#16219);
#16216 = PRODUCT_DEFINITION_FORMATION('','',#16217);
#16217 = PRODUCT('Body042','Body042','',(#16218));
#16218 = PRODUCT_CONTEXT('',#2,'mechanical');
#16219 = PRODUCT_DEFINITION_CONTEXT('part definition',#2,'design');
#16220 = ADVANCED_BREP_SHAPE_REPRESENTATION('',(#11,#16221),#16546);
#16221 = MANIFOLD_SOLID_BREP('',#16222);
#16222 = CLOSED_SHELL('',(#16223,#16274,#16305,#16363,#16421,#16438,
    #16463,#16475,#16500,#16517,#16534));
#16223 = ADVANCED_FACE('',(#16224,#16258),#16269,.T.);
#16224 = FACE_BOUND('',#16225,.T.);
#16225 = EDGE_LOOP('',(#16226,#16236,#16244,#16252));
#16226 = ORIENTED_EDGE('',*,*,#16227,.T.);
#16227 = EDGE_CURVE('',#16228,#16230,#16232,.T.);
#16228 = VERTEX_POINT('',#16229);
#16229 = CARTESIAN_POINT('',(-1.5,2.,5.4));
#16230 = VERTEX_POINT('',#16231);
#16231 = CARTESIAN_POINT('',(-1.5,-2.,5.4));
#16232 = LINE('',#16233,#16234);
#16233 = CARTESIAN_POINT('',(-1.5,2.,5.4));
#16234 = VECTOR('',#16235,1.);
#16235 = DIRECTION('',(0.,-1.,7.730669073875E-16));
#16236 = ORIENTED_EDGE('',*,*,#16237,.T.);
#16237 = EDGE_CURVE('',#16230,#16238,#16240,.T.);
#16238 = VERTEX_POINT('',#16239);
#16239 = CARTESIAN_POINT('',(1.5,-2.,5.4));
#16240 = LINE('',#16241,#16242);
#16241 = CARTESIAN_POINT('',(-1.5,-2.,5.4));
#16242 = VECTOR('',#16243,1.);
#16243 = DIRECTION('',(1.,0.,0.));
#16244 = ORIENTED_EDGE('',*,*,#16245,.F.);
#16245 = EDGE_CURVE('',#16246,#16238,#16248,.T.);
#16246 = VERTEX_POINT('',#16247);
#16247 = CARTESIAN_POINT('',(1.5,2.,5.4));
#16248 = LINE('',#16249,#16250);
#16249 = CARTESIAN_POINT('',(1.5,2.,5.4));
#16250 = VECTOR('',#16251,1.);
#16251 = DIRECTION('',(0.,-1.,7.730669073875E-16));
#16252 = ORIENTED_EDGE('',*,*,#16253,.F.);
#16253 = EDGE_CURVE('',#16228,#16246,#16254,.T.);
#16254 = LINE('',#16255,#16256);
#16255 = CARTESIAN_POINT('',(-1.5,2.,5.4));
#16256 = VECTOR('',#16257,1.);
#16257 = DIRECTION('',(1.,0.,0.));
#16258 = FACE_BOUND('',#16259,.T.);
#16259 = EDGE_LOOP('',(#16260));
#16260 = ORIENTED_EDGE('',*,*,#16261,.T.);
#16261 = EDGE_CURVE('',#16262,#16262,#16264,.T.);
#16262 = VERTEX_POINT('',#16263);
#16263 = CARTESIAN_POINT('',(0.625,5.995204332976E-16,5.4));
#16264 = CIRCLE('',#16265,0.625);
#16265 = AXIS2_PLACEMENT_3D('',#16266,#16267,#16268);
#16266 = CARTESIAN_POINT('',(0.,5.995204332976E-16,5.4));
#16267 = DIRECTION('',(0.,-1.110223024625E-16,-1.));
#16268 = DIRECTION('',(1.,0.,0.));
#16269 = PLANE('',#16270);
#16270 = AXIS2_PLACEMENT_3D('',#16271,#16272,#16273);
#16271 = CARTESIAN_POINT('',(-1.5,2.,5.4));
#16272 = DIRECTION('',(0.,7.730669073875E-16,1.));
#16273 = DIRECTION('',(1.,0.,0.));
#16274 = ADVANCED_FACE('',(#16275),#16300,.T.);
#16275 = FACE_BOUND('',#16276,.T.);
#16276 = EDGE_LOOP('',(#16277,#16287,#16293,#16294));
#16277 = ORIENTED_EDGE('',*,*,#16278,.T.);
#16278 = EDGE_CURVE('',#16279,#16281,#16283,.T.);
#16279 = VERTEX_POINT('',#16280);
#16280 = CARTESIAN_POINT('',(-1.5,2.,1.1));
#16281 = VERTEX_POINT('',#16282);
#16282 = CARTESIAN_POINT('',(-1.5,-2.,1.1));
#16283 = LINE('',#16284,#16285);
#16284 = CARTESIAN_POINT('',(-1.5,2.,1.1));
#16285 = VECTOR('',#16286,1.);
#16286 = DIRECTION('',(0.,-1.,7.730669073875E-16));
#16287 = ORIENTED_EDGE('',*,*,#16288,.T.);
#16288 = EDGE_CURVE('',#16281,#16230,#16289,.T.);
#16289 = LINE('',#16290,#16291);
#16290 = CARTESIAN_POINT('',(-1.5,-2.,1.1));
#16291 = VECTOR('',#16292,1.);
#16292 = DIRECTION('',(0.,3.330669073875E-16,1.));
#16293 = ORIENTED_EDGE('',*,*,#16227,.F.);
#16294 = ORIENTED_EDGE('',*,*,#16295,.F.);
#16295 = EDGE_CURVE('',#16279,#16228,#16296,.T.);
#16296 = LINE('',#16297,#16298);
#16297 = CARTESIAN_POINT('',(-1.5,2.,1.1));
#16298 = VECTOR('',#16299,1.);
#16299 = DIRECTION('',(0.,3.330669073875E-16,1.));
#16300 = PLANE('',#16301);
#16301 = AXIS2_PLACEMENT_3D('',#16302,#16303,#16304);
#16302 = CARTESIAN_POINT('',(-1.5,2.,1.1));
#16303 = DIRECTION('',(-1.,0.,0.));
#16304 = DIRECTION('',(0.,7.730669073875E-16,1.));
#16305 = ADVANCED_FACE('',(#16306,#16324),#16358,.T.);
#16306 = FACE_BOUND('',#16307,.T.);
#16307 = EDGE_LOOP('',(#16308,#16309,#16317,#16323));
#16308 = ORIENTED_EDGE('',*,*,#16253,.T.);
#16309 = ORIENTED_EDGE('',*,*,#16310,.T.);
#16310 = EDGE_CURVE('',#16246,#16311,#16313,.T.);
#16311 = VERTEX_POINT('',#16312);
#16312 = CARTESIAN_POINT('',(1.5,2.,1.1));
#16313 = LINE('',#16314,#16315);
#16314 = CARTESIAN_POINT('',(1.5,2.,5.4));
#16315 = VECTOR('',#16316,1.);
#16316 = DIRECTION('',(0.,-3.330669073875E-16,-1.));
#16317 = ORIENTED_EDGE('',*,*,#16318,.T.);
#16318 = EDGE_CURVE('',#16311,#16279,#16319,.T.);
#16319 = LINE('',#16320,#16321);
#16320 = CARTESIAN_POINT('',(1.5,2.,1.1));
#16321 = VECTOR('',#16322,1.);
#16322 = DIRECTION('',(-1.,-4.996003610813E-32,-1.5E-16));
#16323 = ORIENTED_EDGE('',*,*,#16295,.T.);
#16324 = FACE_BOUND('',#16325,.F.);
#16325 = EDGE_LOOP('',(#16326,#16336,#16344,#16352));
#16326 = ORIENTED_EDGE('',*,*,#16327,.T.);
#16327 = EDGE_CURVE('',#16328,#16330,#16332,.T.);
#16328 = VERTEX_POINT('',#16329);
#16329 = CARTESIAN_POINT('',(-1.,2.,3.9));
#16330 = VERTEX_POINT('',#16331);
#16331 = CARTESIAN_POINT('',(1.,2.,3.9));
#16332 = LINE('',#16333,#16334);
#16333 = CARTESIAN_POINT('',(-1.,2.,3.9));
#16334 = VECTOR('',#16335,1.);
#16335 = DIRECTION('',(1.,0.,0.));
#16336 = ORIENTED_EDGE('',*,*,#16337,.T.);
#16337 = EDGE_CURVE('',#16330,#16338,#16340,.T.);
#16338 = VERTEX_POINT('',#16339);
#16339 = CARTESIAN_POINT('',(1.,2.,1.9));
#16340 = LINE('',#16341,#16342);
#16341 = CARTESIAN_POINT('',(1.,2.,3.9));
#16342 = VECTOR('',#16343,1.);
#16343 = DIRECTION('',(0.,-3.330669073875E-16,-1.));
#16344 = ORIENTED_EDGE('',*,*,#16345,.T.);
#16345 = EDGE_CURVE('',#16338,#16346,#16348,.T.);
#16346 = VERTEX_POINT('',#16347);
#16347 = CARTESIAN_POINT('',(-1.,2.,1.9));
#16348 = LINE('',#16349,#16350);
#16349 = CARTESIAN_POINT('',(1.,2.,1.9));
#16350 = VECTOR('',#16351,1.);
#16351 = DIRECTION('',(-1.,0.,0.));
#16352 = ORIENTED_EDGE('',*,*,#16353,.T.);
#16353 = EDGE_CURVE('',#16346,#16328,#16354,.T.);
#16354 = LINE('',#16355,#16356);
#16355 = CARTESIAN_POINT('',(-1.,2.,1.9));
#16356 = VECTOR('',#16357,1.);
#16357 = DIRECTION('',(0.,3.330669073875E-16,1.));
#16358 = PLANE('',#16359);
#16359 = AXIS2_PLACEMENT_3D('',#16360,#16361,#16362);
#16360 = CARTESIAN_POINT('',(-4.E-17,2.,3.12610619469));
#16361 = DIRECTION('',(0.,1.,-5.530669073875E-16));
#16362 = DIRECTION('',(0.,5.530669073875E-16,1.));
#16363 = ADVANCED_FACE('',(#16364,#16382),#16416,.F.);
#16364 = FACE_BOUND('',#16365,.F.);
#16365 = EDGE_LOOP('',(#16366,#16367,#16375,#16381));
#16366 = ORIENTED_EDGE('',*,*,#16237,.T.);
#16367 = ORIENTED_EDGE('',*,*,#16368,.T.);
#16368 = EDGE_CURVE('',#16238,#16369,#16371,.T.);
#16369 = VERTEX_POINT('',#16370);
#16370 = CARTESIAN_POINT('',(1.5,-2.,1.1));
#16371 = LINE('',#16372,#16373);
#16372 = CARTESIAN_POINT('',(1.5,-2.,5.4));
#16373 = VECTOR('',#16374,1.);
#16374 = DIRECTION('',(0.,-3.330669073875E-16,-1.));
#16375 = ORIENTED_EDGE('',*,*,#16376,.T.);
#16376 = EDGE_CURVE('',#16369,#16281,#16377,.T.);
#16377 = LINE('',#16378,#16379);
#16378 = CARTESIAN_POINT('',(1.5,-2.,1.1));
#16379 = VECTOR('',#16380,1.);
#16380 = DIRECTION('',(-1.,-4.996003610813E-32,-1.5E-16));
#16381 = ORIENTED_EDGE('',*,*,#16288,.T.);
#16382 = FACE_BOUND('',#16383,.T.);
#16383 = EDGE_LOOP('',(#16384,#16394,#16402,#16410));
#16384 = ORIENTED_EDGE('',*,*,#16385,.T.);
#16385 = EDGE_CURVE('',#16386,#16388,#16390,.T.);
#16386 = VERTEX_POINT('',#16387);
#16387 = CARTESIAN_POINT('',(-1.,-2.,3.9));
#16388 = VERTEX_POINT('',#16389);
#16389 = CARTESIAN_POINT('',(1.,-2.,3.9));
#16390 = LINE('',#16391,#16392);
#16391 = CARTESIAN_POINT('',(-1.,-2.,3.9));
#16392 = VECTOR('',#16393,1.);
#16393 = DIRECTION('',(1.,0.,0.));
#16394 = ORIENTED_EDGE('',*,*,#16395,.T.);
#16395 = EDGE_CURVE('',#16388,#16396,#16398,.T.);
#16396 = VERTEX_POINT('',#16397);
#16397 = CARTESIAN_POINT('',(1.,-2.,1.9));
#16398 = LINE('',#16399,#16400);
#16399 = CARTESIAN_POINT('',(1.,-2.,3.9));
#16400 = VECTOR('',#16401,1.);
#16401 = DIRECTION('',(0.,-3.330669073875E-16,-1.));
#16402 = ORIENTED_EDGE('',*,*,#16403,.T.);
#16403 = EDGE_CURVE('',#16396,#16404,#16406,.T.);
#16404 = VERTEX_POINT('',#16405);
#16405 = CARTESIAN_POINT('',(-1.,-2.,1.9));
#16406 = LINE('',#16407,#16408);
#16407 = CARTESIAN_POINT('',(1.,-2.,1.9));
#16408 = VECTOR('',#16409,1.);
#16409 = DIRECTION('',(-1.,0.,0.));
#16410 = ORIENTED_EDGE('',*,*,#16411,.T.);
#16411 = EDGE_CURVE('',#16404,#16386,#16412,.T.);
#16412 = LINE('',#16413,#16414);
#16413 = CARTESIAN_POINT('',(-1.,-2.,1.9));
#16414 = VECTOR('',#16415,1.);
#16415 = DIRECTION('',(0.,3.330669073875E-16,1.));
#16416 = PLANE('',#16417);
#16417 = AXIS2_PLACEMENT_3D('',#16418,#16419,#16420);
#16418 = CARTESIAN_POINT('',(-4.E-17,-2.,3.12610619469));
#16419 = DIRECTION('',(0.,1.,-5.530669073875E-16));
#16420 = DIRECTION('',(0.,5.530669073875E-16,1.));
#16421 = ADVANCED_FACE('',(#16422),#16433,.T.);
#16422 = FACE_BOUND('',#16423,.T.);
#16423 = EDGE_LOOP('',(#16424,#16425,#16426,#16432));
#16424 = ORIENTED_EDGE('',*,*,#16245,.T.);
#16425 = ORIENTED_EDGE('',*,*,#16368,.T.);
#16426 = ORIENTED_EDGE('',*,*,#16427,.F.);
#16427 = EDGE_CURVE('',#16311,#16369,#16428,.T.);
#16428 = LINE('',#16429,#16430);
#16429 = CARTESIAN_POINT('',(1.5,2.,1.1));
#16430 = VECTOR('',#16431,1.);
#16431 = DIRECTION('',(0.,-1.,7.730669073875E-16));
#16432 = ORIENTED_EDGE('',*,*,#16310,.F.);
#16433 = PLANE('',#16434);
#16434 = AXIS2_PLACEMENT_3D('',#16435,#16436,#16437);
#16435 = CARTESIAN_POINT('',(1.5,2.,5.4));
#16436 = DIRECTION('',(1.,0.,0.));
#16437 = DIRECTION('',(0.,-7.730669073875E-16,-1.));
#16438 = ADVANCED_FACE('',(#16439),#16458,.F.);
#16439 = FACE_BOUND('',#16440,.T.);
#16440 = EDGE_LOOP('',(#16441,#16442,#16450,#16457));
#16441 = ORIENTED_EDGE('',*,*,#16261,.F.);
#16442 = ORIENTED_EDGE('',*,*,#16443,.T.);
#16443 = EDGE_CURVE('',#16262,#16444,#16446,.T.);
#16444 = VERTEX_POINT('',#16445);
#16445 = CARTESIAN_POINT('',(0.625,4.329869796038E-16,3.9));
#16446 = LINE('',#16447,#16448);
#16447 = CARTESIAN_POINT('',(0.625,8.881784197001E-16,6.));
#16448 = VECTOR('',#16449,1.);
#16449 = DIRECTION('',(-7.401486830834E-17,-1.110223024625E-16,-1.));
#16450 = ORIENTED_EDGE('',*,*,#16451,.T.);
#16451 = EDGE_CURVE('',#16444,#16444,#16452,.T.);
#16452 = CIRCLE('',#16453,0.625);
#16453 = AXIS2_PLACEMENT_3D('',#16454,#16455,#16456);
#16454 = CARTESIAN_POINT('',(0.,4.329869796038E-16,3.9));
#16455 = DIRECTION('',(0.,-1.110223024625E-16,-1.));
#16456 = DIRECTION('',(1.,0.,0.));
#16457 = ORIENTED_EDGE('',*,*,#16443,.F.);
#16458 = CYLINDRICAL_SURFACE('',#16459,0.625);
#16459 = AXIS2_PLACEMENT_3D('',#16460,#16461,#16462);
#16460 = CARTESIAN_POINT('',(0.,8.881784197001E-16,6.));
#16461 = DIRECTION('',(-0.,-1.110223024625E-16,-1.));
#16462 = DIRECTION('',(1.,0.,0.));
#16463 = ADVANCED_FACE('',(#16464),#16470,.T.);
#16464 = FACE_BOUND('',#16465,.T.);
#16465 = EDGE_LOOP('',(#16466,#16467,#16468,#16469));
#16466 = ORIENTED_EDGE('',*,*,#16427,.T.);
#16467 = ORIENTED_EDGE('',*,*,#16376,.T.);
#16468 = ORIENTED_EDGE('',*,*,#16278,.F.);
#16469 = ORIENTED_EDGE('',*,*,#16318,.F.);
#16470 = PLANE('',#16471);
#16471 = AXIS2_PLACEMENT_3D('',#16472,#16473,#16474);
#16472 = CARTESIAN_POINT('',(1.5,2.,1.1));
#16473 = DIRECTION('',(1.5E-16,-7.730669073875E-16,-1.));
#16474 = DIRECTION('',(-1.,-4.996003610813E-32,-1.5E-16));
#16475 = ADVANCED_FACE('',(#16476,#16492),#16495,.F.);
#16476 = FACE_BOUND('',#16477,.F.);
#16477 = EDGE_LOOP('',(#16478,#16484,#16485,#16491));
#16478 = ORIENTED_EDGE('',*,*,#16479,.T.);
#16479 = EDGE_CURVE('',#16328,#16386,#16480,.T.);
#16480 = LINE('',#16481,#16482);
#16481 = CARTESIAN_POINT('',(-1.,2.,3.9));
#16482 = VECTOR('',#16483,1.);
#16483 = DIRECTION('',(0.,-1.,7.730669073875E-16));
#16484 = ORIENTED_EDGE('',*,*,#16385,.T.);
#16485 = ORIENTED_EDGE('',*,*,#16486,.F.);
#16486 = EDGE_CURVE('',#16330,#16388,#16487,.T.);
#16487 = LINE('',#16488,#16489);
#16488 = CARTESIAN_POINT('',(1.,2.,3.9));
#16489 = VECTOR('',#16490,1.);
#16490 = DIRECTION('',(0.,-1.,7.730669073875E-16));
#16491 = ORIENTED_EDGE('',*,*,#16327,.F.);
#16492 = FACE_BOUND('',#16493,.F.);
#16493 = EDGE_LOOP('',(#16494));
#16494 = ORIENTED_EDGE('',*,*,#16451,.T.);
#16495 = PLANE('',#16496);
#16496 = AXIS2_PLACEMENT_3D('',#16497,#16498,#16499);
#16497 = CARTESIAN_POINT('',(-1.,2.,3.9));
#16498 = DIRECTION('',(0.,7.730669073875E-16,1.));
#16499 = DIRECTION('',(1.,0.,0.));
#16500 = ADVANCED_FACE('',(#16501),#16512,.F.);
#16501 = FACE_BOUND('',#16502,.F.);
#16502 = EDGE_LOOP('',(#16503,#16504,#16505,#16511));
#16503 = ORIENTED_EDGE('',*,*,#16486,.T.);
#16504 = ORIENTED_EDGE('',*,*,#16395,.T.);
#16505 = ORIENTED_EDGE('',*,*,#16506,.F.);
#16506 = EDGE_CURVE('',#16338,#16396,#16507,.T.);
#16507 = LINE('',#16508,#16509);
#16508 = CARTESIAN_POINT('',(1.,2.,1.9));
#16509 = VECTOR('',#16510,1.);
#16510 = DIRECTION('',(0.,-1.,7.730669073875E-16));
#16511 = ORIENTED_EDGE('',*,*,#16337,.F.);
#16512 = PLANE('',#16513);
#16513 = AXIS2_PLACEMENT_3D('',#16514,#16515,#16516);
#16514 = CARTESIAN_POINT('',(1.,2.,3.9));
#16515 = DIRECTION('',(1.,0.,0.));
#16516 = DIRECTION('',(0.,-7.730669073875E-16,-1.));
#16517 = ADVANCED_FACE('',(#16518),#16529,.F.);
#16518 = FACE_BOUND('',#16519,.F.);
#16519 = EDGE_LOOP('',(#16520,#16521,#16522,#16528));
#16520 = ORIENTED_EDGE('',*,*,#16506,.T.);
#16521 = ORIENTED_EDGE('',*,*,#16403,.T.);
#16522 = ORIENTED_EDGE('',*,*,#16523,.F.);
#16523 = EDGE_CURVE('',#16346,#16404,#16524,.T.);
#16524 = LINE('',#16525,#16526);
#16525 = CARTESIAN_POINT('',(-1.,2.,1.9));
#16526 = VECTOR('',#16527,1.);
#16527 = DIRECTION('',(0.,-1.,7.730669073875E-16));
#16528 = ORIENTED_EDGE('',*,*,#16345,.F.);
#16529 = PLANE('',#16530);
#16530 = AXIS2_PLACEMENT_3D('',#16531,#16532,#16533);
#16531 = CARTESIAN_POINT('',(1.,2.,1.9));
#16532 = DIRECTION('',(0.,-7.730669073875E-16,-1.));
#16533 = DIRECTION('',(-1.,0.,0.));
#16534 = ADVANCED_FACE('',(#16535),#16541,.F.);
#16535 = FACE_BOUND('',#16536,.F.);
#16536 = EDGE_LOOP('',(#16537,#16538,#16539,#16540));
#16537 = ORIENTED_EDGE('',*,*,#16523,.T.);
#16538 = ORIENTED_EDGE('',*,*,#16411,.T.);
#16539 = ORIENTED_EDGE('',*,*,#16479,.F.);
#16540 = ORIENTED_EDGE('',*,*,#16353,.F.);
#16541 = PLANE('',#16542);
#16542 = AXIS2_PLACEMENT_3D('',#16543,#16544,#16545);
#16543 = CARTESIAN_POINT('',(-1.,2.,1.9));
#16544 = DIRECTION('',(-1.,0.,0.));
#16545 = DIRECTION('',(0.,7.730669073875E-16,1.));
#16546 = ( GEOMETRIC_REPRESENTATION_CONTEXT(3) 
GLOBAL_UNCERTAINTY_ASSIGNED_CONTEXT((#16550)) 
GLOBAL_UNIT_ASSIGNED_CONTEXT((#16547,#16548,#16549)) 
REPRESENTATION_CONTEXT('Context #1',
  '3D Context with UNIT and UNCERTAINTY') );
#16547 = ( LENGTH_UNIT() NAMED_UNIT(*) SI_UNIT(.MILLI.,.METRE.) );
#16548 = ( NAMED_UNIT(*) PLANE_ANGLE_UNIT() SI_UNIT($,.RADIAN.) );
#16549 = ( NAMED_UNIT(*) SI_UNIT($,.STERADIAN.) SOLID_ANGLE_UNIT() );
#16550 = UNCERTAINTY_MEASURE_WITH_UNIT(LENGTH_MEASURE(1.E-07),#16547,
  'distance_accuracy_value','confusion accuracy');
#16551 = CONTEXT_DEPENDENT_SHAPE_REPRESENTATION(#16552,#16554);
#16552 = ( REPRESENTATION_RELATIONSHIP('','',#16220,#10) 
REPRESENTATION_RELATIONSHIP_WITH_TRANSFORMATION(#16553) 
SHAPE_REPRESENTATION_RELATIONSHIP() );
#16553 = ITEM_DEFINED_TRANSFORMATION('','',#11,#59);
#16554 = PRODUCT_DEFINITION_SHAPE('Placement','Placement of an item',
  #16555);
#16555 = NEXT_ASSEMBLY_USAGE_OCCURRENCE('492','Body042','',#5,#16215,$);
#16556 = PRODUCT_RELATED_PRODUCT_CATEGORY('part',$,(#16217));
#16557 = SHAPE_DEFINITION_REPRESENTATION(#16558,#16564);
#16558 = PRODUCT_DEFINITION_SHAPE('','',#16559);
#16559 = PRODUCT_DEFINITION('design','',#16560,#16563);
#16560 = PRODUCT_DEFINITION_FORMATION('','',#16561);
#16561 = PRODUCT('Body043','Body043','',(#16562));
#16562 = PRODUCT_CONTEXT('',#2,'mechanical');
#16563 = PRODUCT_DEFINITION_CONTEXT('part definition',#2,'design');
#16564 = ADVANCED_BREP_SHAPE_REPRESENTATION('',(#11,#16565),#16969);
#16565 = MANIFOLD_SOLID_BREP('',#16566);
#16566 = CLOSED_SHELL('',(#16567,#16592,#16658,#16693,#16772,#16790,
    #16810,#16873,#16895,#16925,#16935,#16960));
#16567 = ADVANCED_FACE('',(#16568),#16587,.T.);
#16568 = FACE_BOUND('',#16569,.F.);
#16569 = EDGE_LOOP('',(#16570,#16581));
#16570 = ORIENTED_EDGE('',*,*,#16571,.F.);
#16571 = EDGE_CURVE('',#16572,#16574,#16576,.T.);
#16572 = VERTEX_POINT('',#16573);
#16573 = CARTESIAN_POINT('',(1.010193130046,-0.6849240107,8.05));
#16574 = VERTEX_POINT('',#16575);
#16575 = CARTESIAN_POINT('',(-0.6849240107,1.010193130046,8.05));
#16576 = CIRCLE('',#16577,1.220496235318);
#16577 = AXIS2_PLACEMENT_3D('',#16578,#16579,#16580);
#16578 = CARTESIAN_POINT('',(0.,0.,8.05));
#16579 = DIRECTION('',(-0.,0.,1.));
#16580 = DIRECTION('',(0.707106781187,-0.707106781187,0.));
#16581 = ORIENTED_EDGE('',*,*,#16582,.F.);
#16582 = EDGE_CURVE('',#16574,#16572,#16583,.T.);
#16583 = LINE('',#16584,#16585);
#16584 = CARTESIAN_POINT('',(-176.6140607369,176.93932985631,8.05));
#16585 = VECTOR('',#16586,1.);
#16586 = DIRECTION('',(0.707106781187,-0.707106781187,0.));
#16587 = PLANE('',#16588);
#16588 = AXIS2_PLACEMENT_3D('',#16589,#16590,#16591);
#16589 = CARTESIAN_POINT('',(0.,0.,8.05));
#16590 = DIRECTION('',(0.,0.,1.));
#16591 = DIRECTION('',(0.707106781187,-0.707106781187,-0.));
#16592 = ADVANCED_FACE('',(#16593),#16649,.F.);
#16593 = FACE_BOUND('',#16594,.F.);
#16594 = EDGE_LOOP('',(#16595,#16618,#16619,#16642));
#16595 = ORIENTED_EDGE('',*,*,#16596,.F.);
#16596 = EDGE_CURVE('',#16572,#16597,#16599,.T.);
#16597 = VERTEX_POINT('',#16598);
#16598 = CARTESIAN_POINT('',(1.153277776717,-0.828008657371,
    7.86743114855));
#16599 = B_SPLINE_CURVE_WITH_KNOTS('',5,(#16600,#16601,#16602,#16603,
    #16604,#16605,#16606,#16607,#16608,#16609,#16610,#16611,#16612,
    #16613,#16614,#16615,#16616,#16617),.UNSPECIFIED.,.F.,.F.,(6,4,4,4,6
    ),(0.,0.250129965149,0.500168146575,0.750114408968,1.),
  .UNSPECIFIED.);
#16600 = CARTESIAN_POINT('',(1.010193130046,-0.6849240107,8.05));
#16601 = CARTESIAN_POINT('',(1.020873145873,-0.695604026527,8.05));
#16602 = CARTESIAN_POINT('',(1.031547763316,-0.706278643971,
    8.048624861379));
#16603 = CARTESIAN_POINT('',(1.042095136391,-0.716826017045,
    8.045874209795));
#16604 = CARTESIAN_POINT('',(1.052393941672,-0.727124822327,
    8.041779356199));
#16605 = CARTESIAN_POINT('',(1.072264358631,-0.746995239285,
    8.031025748242));
#16606 = CARTESIAN_POINT('',(1.081836284791,-0.756567165446,
    8.02436790921));
#16607 = CARTESIAN_POINT('',(1.090933626767,-0.765664507421,
    8.016489073427));
#16608 = CARTESIAN_POINT('',(1.099451750022,-0.774182630677,
    8.007479985852));
#16609 = CARTESIAN_POINT('',(1.115147785187,-0.789878665841,
    7.987434570241));
#16610 = CARTESIAN_POINT('',(1.122326229984,-0.797057110638,
    7.976398936322));
#16611 = CARTESIAN_POINT('',(1.12874711615,-0.803477996804,
    7.964463052152));
#16612 = CARTESIAN_POINT('',(1.134336511123,-0.809067391778,
    7.951765039258));
#16613 = CARTESIAN_POINT('',(1.143743946494,-0.818474827148,
    7.925153550379));
#16614 = CARTESIAN_POINT('',(1.147562441742,-0.822293322396,
    7.911240299379));
#16615 = CARTESIAN_POINT('',(1.150442593512,-0.825173474166,
    7.896870508491));
#16616 = CARTESIAN_POINT('',(1.152351208205,-0.827082088859,
    7.882210850582));
#16617 = CARTESIAN_POINT('',(1.153277776717,-0.828008657371,
    7.86743114855));
#16618 = ORIENTED_EDGE('',*,*,#16571,.T.);
#16619 = ORIENTED_EDGE('',*,*,#16620,.T.);
#16620 = EDGE_CURVE('',#16574,#16621,#16623,.T.);
#16621 = VERTEX_POINT('',#16622);
#16622 = CARTESIAN_POINT('',(-0.828008657371,1.153277776717,
    7.86743114855));
#16623 = B_SPLINE_CURVE_WITH_KNOTS('',5,(#16624,#16625,#16626,#16627,
    #16628,#16629,#16630,#16631,#16632,#16633,#16634,#16635,#16636,
    #16637,#16638,#16639,#16640,#16641),.UNSPECIFIED.,.F.,.F.,(6,4,4,4,6
    ),(0.,0.250129965149,0.500168146575,0.750114408968,1.),
  .UNSPECIFIED.);
#16624 = CARTESIAN_POINT('',(-0.6849240107,1.010193130046,8.05));
#16625 = CARTESIAN_POINT('',(-0.695604026527,1.020873145873,8.05));
#16626 = CARTESIAN_POINT('',(-0.706278643971,1.031547763316,
    8.048624861379));
#16627 = CARTESIAN_POINT('',(-0.716826017045,1.042095136391,
    8.045874209795));
#16628 = CARTESIAN_POINT('',(-0.727124822327,1.052393941672,
    8.041779356199));
#16629 = CARTESIAN_POINT('',(-0.746995239285,1.072264358631,
    8.031025748242));
#16630 = CARTESIAN_POINT('',(-0.756567165446,1.081836284791,
    8.02436790921));
#16631 = CARTESIAN_POINT('',(-0.765664507421,1.090933626767,
    8.016489073427));
#16632 = CARTESIAN_POINT('',(-0.774182630677,1.099451750022,
    8.007479985852));
#16633 = CARTESIAN_POINT('',(-0.789878665841,1.115147785187,
    7.987434570241));
#16634 = CARTESIAN_POINT('',(-0.797057110638,1.122326229984,
    7.976398936322));
#16635 = CARTESIAN_POINT('',(-0.803477996804,1.12874711615,
    7.964463052152));
#16636 = CARTESIAN_POINT('',(-0.809067391778,1.134336511123,
    7.951765039258));
#16637 = CARTESIAN_POINT('',(-0.818474827148,1.143743946494,
    7.925153550378));
#16638 = CARTESIAN_POINT('',(-0.822293322396,1.147562441742,
    7.911240299379));
#16639 = CARTESIAN_POINT('',(-0.825173474166,1.150442593512,
    7.896870508491));
#16640 = CARTESIAN_POINT('',(-0.827082088859,1.152351208205,
    7.882210850582));
#16641 = CARTESIAN_POINT('',(-0.828008657371,1.153277776717,
    7.86743114855));
#16642 = ORIENTED_EDGE('',*,*,#16643,.F.);
#16643 = EDGE_CURVE('',#16597,#16621,#16644,.T.);
#16644 = CIRCLE('',#16645,1.419735174936);
#16645 = AXIS2_PLACEMENT_3D('',#16646,#16647,#16648);
#16646 = CARTESIAN_POINT('',(0.,0.,7.86743114855));
#16647 = DIRECTION('',(-0.,0.,1.));
#16648 = DIRECTION('',(0.707106781187,-0.707106781187,0.));
#16649 = SURFACE_OF_REVOLUTION('',#16650,#16655);
#16650 = CIRCLE('',#16651,0.2);
#16651 = AXIS2_PLACEMENT_3D('',#16652,#16653,#16654);
#16652 = CARTESIAN_POINT('',(0.863021164406,-0.863021164406,7.85));
#16653 = DIRECTION('',(0.707106781187,0.707106781187,0.));
#16654 = DIRECTION('',(7.8E-16,-7.8E-16,1.));
#16655 = AXIS1_PLACEMENT('',#16656,#16657);
#16656 = CARTESIAN_POINT('',(0.,0.,6.95));
#16657 = DIRECTION('',(0.,0.,1.));
#16658 = ADVANCED_FACE('',(#16659),#16688,.F.);
#16659 = FACE_BOUND('',#16660,.F.);
#16660 = EDGE_LOOP('',(#16661,#16671,#16678,#16679,#16680,#16681));
#16661 = ORIENTED_EDGE('',*,*,#16662,.F.);
#16662 = EDGE_CURVE('',#16663,#16665,#16667,.T.);
#16663 = VERTEX_POINT('',#16664);
#16664 = CARTESIAN_POINT('',(-0.844770779208,1.170039898554,7.6));
#16665 = VERTEX_POINT('',#16666);
#16666 = CARTESIAN_POINT('',(1.170039898554,-0.844770779208,7.6));
#16667 = LINE('',#16668,#16669);
#16668 = CARTESIAN_POINT('',(-353.3907560336,353.71602515294,7.6));
#16669 = VECTOR('',#16670,1.);
#16670 = DIRECTION('',(0.707106781187,-0.707106781187,0.));
#16671 = ORIENTED_EDGE('',*,*,#16672,.F.);
#16672 = EDGE_CURVE('',#16621,#16663,#16673,.T.);
#16673 = HYPERBOLA('',#16674,2.628912029635,0.23);
#16674 = AXIS2_PLACEMENT_3D('',#16675,#16676,#16677);
#16675 = CARTESIAN_POINT('',(0.162634559673,0.162634559673,
    24.095078454142));
#16676 = DIRECTION('',(0.707106781187,0.707106781187,0.));
#16677 = DIRECTION('',(0.,0.,-1.));
#16678 = ORIENTED_EDGE('',*,*,#16620,.F.);
#16679 = ORIENTED_EDGE('',*,*,#16582,.T.);
#16680 = ORIENTED_EDGE('',*,*,#16596,.T.);
#16681 = ORIENTED_EDGE('',*,*,#16682,.F.);
#16682 = EDGE_CURVE('',#16665,#16597,#16683,.T.);
#16683 = HYPERBOLA('',#16684,2.628912029635,0.23);
#16684 = AXIS2_PLACEMENT_3D('',#16685,#16686,#16687);
#16685 = CARTESIAN_POINT('',(0.162634559673,0.162634559673,
    24.095078454142));
#16686 = DIRECTION('',(0.707106781187,0.707106781187,0.));
#16687 = DIRECTION('',(0.,0.,-1.));
#16688 = PLANE('',#16689);
#16689 = AXIS2_PLACEMENT_3D('',#16690,#16691,#16692);
#16690 = CARTESIAN_POINT('',(-353.3907560336,353.71602515294,7.6));
#16691 = DIRECTION('',(0.707106781187,0.707106781187,0.));
#16692 = DIRECTION('',(0.,0.,1.));
#16693 = ADVANCED_FACE('',(#16694),#16767,.T.);
#16694 = FACE_BOUND('',#16695,.F.);
#16695 = EDGE_LOOP('',(#16696,#16697,#16698,#16699,#16708,#16717,#16726,
    #16735,#16744,#16752,#16759,#16760));
#16696 = ORIENTED_EDGE('',*,*,#16682,.T.);
#16697 = ORIENTED_EDGE('',*,*,#16643,.T.);
#16698 = ORIENTED_EDGE('',*,*,#16672,.T.);
#16699 = ORIENTED_EDGE('',*,*,#16700,.F.);
#16700 = EDGE_CURVE('',#16701,#16663,#16703,.T.);
#16701 = VERTEX_POINT('',#16702);
#16702 = CARTESIAN_POINT('',(-1.170039898554,0.844770779208,7.6));
#16703 = CIRCLE('',#16704,1.443132368708);
#16704 = AXIS2_PLACEMENT_3D('',#16705,#16706,#16707);
#16705 = CARTESIAN_POINT('',(0.,0.,7.6));
#16706 = DIRECTION('',(0.,-0.,-1.));
#16707 = DIRECTION('',(0.707106781187,-0.707106781187,0.));
#16708 = ORIENTED_EDGE('',*,*,#16709,.F.);
#16709 = EDGE_CURVE('',#16710,#16701,#16712,.T.);
#16710 = VERTEX_POINT('',#16711);
#16711 = CARTESIAN_POINT('',(-1.153277776717,0.828008657371,
    7.86743114855));
#16712 = HYPERBOLA('',#16713,2.628912029635,0.23);
#16713 = AXIS2_PLACEMENT_3D('',#16714,#16715,#16716);
#16714 = CARTESIAN_POINT('',(-0.162634559673,-0.162634559673,
    24.095078454142));
#16715 = DIRECTION('',(0.707106781187,0.707106781187,0.));
#16716 = DIRECTION('',(0.,0.,-1.));
#16717 = ORIENTED_EDGE('',*,*,#16718,.T.);
#16718 = EDGE_CURVE('',#16710,#16719,#16721,.T.);
#16719 = VERTEX_POINT('',#16720);
#16720 = CARTESIAN_POINT('',(0.828008657371,-1.153277776717,
    7.86743114855));
#16721 = CIRCLE('',#16722,1.419735174936);
#16722 = AXIS2_PLACEMENT_3D('',#16723,#16724,#16725);
#16723 = CARTESIAN_POINT('',(0.,0.,7.86743114855));
#16724 = DIRECTION('',(-0.,0.,1.));
#16725 = DIRECTION('',(0.707106781187,-0.707106781187,0.));
#16726 = ORIENTED_EDGE('',*,*,#16727,.F.);
#16727 = EDGE_CURVE('',#16728,#16719,#16730,.T.);
#16728 = VERTEX_POINT('',#16729);
#16729 = CARTESIAN_POINT('',(0.844770779208,-1.170039898554,7.6));
#16730 = HYPERBOLA('',#16731,2.628912029635,0.23);
#16731 = AXIS2_PLACEMENT_3D('',#16732,#16733,#16734);
#16732 = CARTESIAN_POINT('',(-0.162634559673,-0.162634559673,
    24.095078454142));
#16733 = DIRECTION('',(0.707106781187,0.707106781187,0.));
#16734 = DIRECTION('',(0.,0.,-1.));
#16735 = ORIENTED_EDGE('',*,*,#16736,.F.);
#16736 = EDGE_CURVE('',#16737,#16728,#16739,.T.);
#16737 = VERTEX_POINT('',#16738);
#16738 = CARTESIAN_POINT('',(1.020448684063,-1.020448684063,7.6));
#16739 = CIRCLE('',#16740,1.443132368708);
#16740 = AXIS2_PLACEMENT_3D('',#16741,#16742,#16743);
#16741 = CARTESIAN_POINT('',(0.,0.,7.6));
#16742 = DIRECTION('',(0.,-0.,-1.));
#16743 = DIRECTION('',(0.707106781187,-0.707106781187,0.));
#16744 = ORIENTED_EDGE('',*,*,#16745,.T.);
#16745 = EDGE_CURVE('',#16737,#16746,#16748,.T.);
#16746 = VERTEX_POINT('',#16747);
#16747 = CARTESIAN_POINT('',(1.06066017178,-1.06066017178,6.95));
#16748 = LINE('',#16749,#16750);
#16749 = CARTESIAN_POINT('',(1.003904369687,-1.003904369687,
    7.86743114855));
#16750 = VECTOR('',#16751,1.);
#16751 = DIRECTION('',(6.162841671622E-02,-6.162841671622E-02,
    -0.996194698092));
#16752 = ORIENTED_EDGE('',*,*,#16753,.F.);
#16753 = EDGE_CURVE('',#16746,#16746,#16754,.T.);
#16754 = CIRCLE('',#16755,1.5);
#16755 = AXIS2_PLACEMENT_3D('',#16756,#16757,#16758);
#16756 = CARTESIAN_POINT('',(0.,0.,6.95));
#16757 = DIRECTION('',(-0.,0.,1.));
#16758 = DIRECTION('',(0.707106781187,-0.707106781187,0.));
#16759 = ORIENTED_EDGE('',*,*,#16745,.F.);
#16760 = ORIENTED_EDGE('',*,*,#16761,.F.);
#16761 = EDGE_CURVE('',#16665,#16737,#16762,.T.);
#16762 = CIRCLE('',#16763,1.443132368708);
#16763 = AXIS2_PLACEMENT_3D('',#16764,#16765,#16766);
#16764 = CARTESIAN_POINT('',(0.,0.,7.6));
#16765 = DIRECTION('',(0.,-0.,-1.));
#16766 = DIRECTION('',(0.707106781187,-0.707106781187,0.));
#16767 = CONICAL_SURFACE('',#16768,1.419735174936,8.726646259972E-02);
#16768 = AXIS2_PLACEMENT_3D('',#16769,#16770,#16771);
#16769 = CARTESIAN_POINT('',(0.,0.,7.86743114855));
#16770 = DIRECTION('',(-0.,0.,-1.));
#16771 = DIRECTION('',(0.707106781187,-0.707106781187,-0.));
#16772 = ADVANCED_FACE('',(#16773),#16785,.T.);
#16773 = FACE_BOUND('',#16774,.T.);
#16774 = EDGE_LOOP('',(#16775,#16776,#16777,#16783,#16784));
#16775 = ORIENTED_EDGE('',*,*,#16662,.F.);
#16776 = ORIENTED_EDGE('',*,*,#16700,.F.);
#16777 = ORIENTED_EDGE('',*,*,#16778,.T.);
#16778 = EDGE_CURVE('',#16701,#16728,#16779,.T.);
#16779 = LINE('',#16780,#16781);
#16780 = CARTESIAN_POINT('',(-353.7160251529,353.3907560336,7.6));
#16781 = VECTOR('',#16782,1.);
#16782 = DIRECTION('',(0.707106781187,-0.707106781187,0.));
#16783 = ORIENTED_EDGE('',*,*,#16736,.F.);
#16784 = ORIENTED_EDGE('',*,*,#16761,.F.);
#16785 = PLANE('',#16786);
#16786 = AXIS2_PLACEMENT_3D('',#16787,#16788,#16789);
#16787 = CARTESIAN_POINT('',(-353.7160251529,353.3907560336,7.6));
#16788 = DIRECTION('',(0.,0.,1.));
#16789 = DIRECTION('',(0.707106781187,-0.707106781187,0.));
#16790 = ADVANCED_FACE('',(#16791,#16794),#16805,.F.);
#16791 = FACE_BOUND('',#16792,.F.);
#16792 = EDGE_LOOP('',(#16793));
#16793 = ORIENTED_EDGE('',*,*,#16753,.T.);
#16794 = FACE_BOUND('',#16795,.F.);
#16795 = EDGE_LOOP('',(#16796));
#16796 = ORIENTED_EDGE('',*,*,#16797,.F.);
#16797 = EDGE_CURVE('',#16798,#16798,#16800,.T.);
#16798 = VERTEX_POINT('',#16799);
#16799 = CARTESIAN_POINT('',(0.636396103068,-0.636396103068,6.95));
#16800 = CIRCLE('',#16801,0.9);
#16801 = AXIS2_PLACEMENT_3D('',#16802,#16803,#16804);
#16802 = CARTESIAN_POINT('',(0.,0.,6.95));
#16803 = DIRECTION('',(-0.,0.,1.));
#16804 = DIRECTION('',(0.707106781187,-0.707106781187,0.));
#16805 = PLANE('',#16806);
#16806 = AXIS2_PLACEMENT_3D('',#16807,#16808,#16809);
#16807 = CARTESIAN_POINT('',(0.,0.,6.95));
#16808 = DIRECTION('',(0.,0.,1.));
#16809 = DIRECTION('',(0.707106781187,-0.707106781187,0.));
#16810 = ADVANCED_FACE('',(#16811),#16868,.T.);
#16811 = FACE_BOUND('',#16812,.T.);
#16812 = EDGE_LOOP('',(#16813,#16814,#16815,#16838,#16846,#16867));
#16813 = ORIENTED_EDGE('',*,*,#16778,.F.);
#16814 = ORIENTED_EDGE('',*,*,#16709,.F.);
#16815 = ORIENTED_EDGE('',*,*,#16816,.F.);
#16816 = EDGE_CURVE('',#16817,#16710,#16819,.T.);
#16817 = VERTEX_POINT('',#16818);
#16818 = CARTESIAN_POINT('',(-1.010193130046,0.6849240107,8.05));
#16819 = B_SPLINE_CURVE_WITH_KNOTS('',5,(#16820,#16821,#16822,#16823,
    #16824,#16825,#16826,#16827,#16828,#16829,#16830,#16831,#16832,
    #16833,#16834,#16835,#16836,#16837),.UNSPECIFIED.,.F.,.F.,(6,4,4,4,6
    ),(0.,0.250129965149,0.500168146575,0.750114408968,1.),
  .UNSPECIFIED.);
#16820 = CARTESIAN_POINT('',(-1.010193130046,0.6849240107,8.05));
#16821 = CARTESIAN_POINT('',(-1.020873145873,0.695604026527,8.05));
#16822 = CARTESIAN_POINT('',(-1.031547763316,0.706278643971,
    8.048624861379));
#16823 = CARTESIAN_POINT('',(-1.042095136391,0.716826017045,
    8.045874209795));
#16824 = CARTESIAN_POINT('',(-1.052393941672,0.727124822327,
    8.041779356199));
#16825 = CARTESIAN_POINT('',(-1.072264358631,0.746995239285,
    8.031025748242));
#16826 = CARTESIAN_POINT('',(-1.081836284791,0.756567165446,
    8.02436790921));
#16827 = CARTESIAN_POINT('',(-1.090933626767,0.765664507421,
    8.016489073427));
#16828 = CARTESIAN_POINT('',(-1.099451750022,0.774182630677,
    8.007479985852));
#16829 = CARTESIAN_POINT('',(-1.115147785187,0.789878665841,
    7.987434570241));
#16830 = CARTESIAN_POINT('',(-1.122326229984,0.797057110638,
    7.976398936322));
#16831 = CARTESIAN_POINT('',(-1.12874711615,0.803477996804,
    7.964463052152));
#16832 = CARTESIAN_POINT('',(-1.134336511123,0.809067391778,
    7.951765039258));
#16833 = CARTESIAN_POINT('',(-1.143743946494,0.818474827148,
    7.925153550379));
#16834 = CARTESIAN_POINT('',(-1.147562441742,0.822293322396,
    7.911240299379));
#16835 = CARTESIAN_POINT('',(-1.150442593512,0.825173474166,
    7.896870508491));
#16836 = CARTESIAN_POINT('',(-1.152351208205,0.827082088859,
    7.882210850582));
#16837 = CARTESIAN_POINT('',(-1.153277776717,0.828008657371,
    7.86743114855));
#16838 = ORIENTED_EDGE('',*,*,#16839,.T.);
#16839 = EDGE_CURVE('',#16817,#16840,#16842,.T.);
#16840 = VERTEX_POINT('',#16841);
#16841 = CARTESIAN_POINT('',(0.6849240107,-1.010193130046,8.05));
#16842 = LINE('',#16843,#16844);
#16843 = CARTESIAN_POINT('',(-176.9393298563,176.61406073696,8.05));
#16844 = VECTOR('',#16845,1.);
#16845 = DIRECTION('',(0.707106781187,-0.707106781187,0.));
#16846 = ORIENTED_EDGE('',*,*,#16847,.T.);
#16847 = EDGE_CURVE('',#16840,#16719,#16848,.T.);
#16848 = B_SPLINE_CURVE_WITH_KNOTS('',5,(#16849,#16850,#16851,#16852,
    #16853,#16854,#16855,#16856,#16857,#16858,#16859,#16860,#16861,
    #16862,#16863,#16864,#16865,#16866),.UNSPECIFIED.,.F.,.F.,(6,4,4,4,6
    ),(0.,0.250129965149,0.500168146575,0.750114408968,1.),
  .UNSPECIFIED.);
#16849 = CARTESIAN_POINT('',(0.6849240107,-1.010193130046,8.05));
#16850 = CARTESIAN_POINT('',(0.695604026527,-1.020873145873,8.05));
#16851 = CARTESIAN_POINT('',(0.706278643971,-1.031547763316,
    8.048624861379));
#16852 = CARTESIAN_POINT('',(0.716826017045,-1.042095136391,
    8.045874209795));
#16853 = CARTESIAN_POINT('',(0.727124822327,-1.052393941672,
    8.041779356199));
#16854 = CARTESIAN_POINT('',(0.746995239285,-1.072264358631,
    8.031025748242));
#16855 = CARTESIAN_POINT('',(0.756567165446,-1.081836284791,
    8.02436790921));
#16856 = CARTESIAN_POINT('',(0.765664507421,-1.090933626767,
    8.016489073427));
#16857 = CARTESIAN_POINT('',(0.774182630677,-1.099451750022,
    8.007479985852));
#16858 = CARTESIAN_POINT('',(0.789878665841,-1.115147785187,
    7.987434570241));
#16859 = CARTESIAN_POINT('',(0.797057110638,-1.122326229984,
    7.976398936322));
#16860 = CARTESIAN_POINT('',(0.803477996804,-1.12874711615,
    7.964463052152));
#16861 = CARTESIAN_POINT('',(0.809067391778,-1.134336511123,
    7.951765039258));
#16862 = CARTESIAN_POINT('',(0.818474827148,-1.143743946494,
    7.925153550379));
#16863 = CARTESIAN_POINT('',(0.822293322396,-1.147562441742,
    7.911240299379));
#16864 = CARTESIAN_POINT('',(0.825173474166,-1.150442593512,
    7.896870508491));
#16865 = CARTESIAN_POINT('',(0.827082088859,-1.152351208205,
    7.882210850582));
#16866 = CARTESIAN_POINT('',(0.828008657371,-1.153277776717,
    7.86743114855));
#16867 = ORIENTED_EDGE('',*,*,#16727,.F.);
#16868 = PLANE('',#16869);
#16869 = AXIS2_PLACEMENT_3D('',#16870,#16871,#16872);
#16870 = CARTESIAN_POINT('',(-353.7160251529,353.3907560336,7.6));
#16871 = DIRECTION('',(0.707106781187,0.707106781187,0.));
#16872 = DIRECTION('',(0.,0.,1.));
#16873 = ADVANCED_FACE('',(#16874),#16886,.F.);
#16874 = FACE_BOUND('',#16875,.F.);
#16875 = EDGE_LOOP('',(#16876,#16883,#16884,#16885));
#16876 = ORIENTED_EDGE('',*,*,#16877,.T.);
#16877 = EDGE_CURVE('',#16817,#16840,#16878,.T.);
#16878 = CIRCLE('',#16879,1.220496235318);
#16879 = AXIS2_PLACEMENT_3D('',#16880,#16881,#16882);
#16880 = CARTESIAN_POINT('',(0.,0.,8.05));
#16881 = DIRECTION('',(-0.,0.,1.));
#16882 = DIRECTION('',(0.707106781187,-0.707106781187,0.));
#16883 = ORIENTED_EDGE('',*,*,#16847,.T.);
#16884 = ORIENTED_EDGE('',*,*,#16718,.F.);
#16885 = ORIENTED_EDGE('',*,*,#16816,.F.);
#16886 = SURFACE_OF_REVOLUTION('',#16887,#16892);
#16887 = CIRCLE('',#16888,0.2);
#16888 = AXIS2_PLACEMENT_3D('',#16889,#16890,#16891);
#16889 = CARTESIAN_POINT('',(0.863021164406,-0.863021164406,7.85));
#16890 = DIRECTION('',(0.707106781187,0.707106781187,0.));
#16891 = DIRECTION('',(7.8E-16,-7.8E-16,1.));
#16892 = AXIS1_PLACEMENT('',#16893,#16894);
#16893 = CARTESIAN_POINT('',(0.,0.,6.95));
#16894 = DIRECTION('',(0.,0.,1.));
#16895 = ADVANCED_FACE('',(#16896),#16916,.F.);
#16896 = FACE_BOUND('',#16897,.F.);
#16897 = EDGE_LOOP('',(#16898,#16899,#16908,#16915));
#16898 = ORIENTED_EDGE('',*,*,#16797,.T.);
#16899 = ORIENTED_EDGE('',*,*,#16900,.T.);
#16900 = EDGE_CURVE('',#16798,#16901,#16903,.T.);
#16901 = VERTEX_POINT('',#16902);
#16902 = CARTESIAN_POINT('',(0.565685424949,-0.565685424949,6.85));
#16903 = CIRCLE('',#16904,1.E-01);
#16904 = AXIS2_PLACEMENT_3D('',#16905,#16906,#16907);
#16905 = CARTESIAN_POINT('',(0.636396103068,-0.636396103068,6.85));
#16906 = DIRECTION('',(-0.707106781187,-0.707106781187,0.));
#16907 = DIRECTION('',(0.,0.,1.));
#16908 = ORIENTED_EDGE('',*,*,#16909,.F.);
#16909 = EDGE_CURVE('',#16901,#16901,#16910,.T.);
#16910 = CIRCLE('',#16911,0.8);
#16911 = AXIS2_PLACEMENT_3D('',#16912,#16913,#16914);
#16912 = CARTESIAN_POINT('',(0.,0.,6.85));
#16913 = DIRECTION('',(-0.,0.,1.));
#16914 = DIRECTION('',(0.707106781187,-0.707106781187,0.));
#16915 = ORIENTED_EDGE('',*,*,#16900,.F.);
#16916 = SURFACE_OF_REVOLUTION('',#16917,#16922);
#16917 = CIRCLE('',#16918,1.E-01);
#16918 = AXIS2_PLACEMENT_3D('',#16919,#16920,#16921);
#16919 = CARTESIAN_POINT('',(0.636396103068,-0.636396103068,6.85));
#16920 = DIRECTION('',(-0.707106781187,-0.707106781187,0.));
#16921 = DIRECTION('',(0.,0.,1.));
#16922 = AXIS1_PLACEMENT('',#16923,#16924);
#16923 = CARTESIAN_POINT('',(0.,0.,6.95));
#16924 = DIRECTION('',(0.,0.,1.));
#16925 = ADVANCED_FACE('',(#16926),#16930,.T.);
#16926 = FACE_BOUND('',#16927,.F.);
#16927 = EDGE_LOOP('',(#16928,#16929));
#16928 = ORIENTED_EDGE('',*,*,#16839,.T.);
#16929 = ORIENTED_EDGE('',*,*,#16877,.F.);
#16930 = PLANE('',#16931);
#16931 = AXIS2_PLACEMENT_3D('',#16932,#16933,#16934);
#16932 = CARTESIAN_POINT('',(0.,0.,8.05));
#16933 = DIRECTION('',(0.,0.,1.));
#16934 = DIRECTION('',(0.707106781187,-0.707106781187,-0.));
#16935 = ADVANCED_FACE('',(#16936),#16955,.T.);
#16936 = FACE_BOUND('',#16937,.F.);
#16937 = EDGE_LOOP('',(#16938,#16939,#16947,#16954));
#16938 = ORIENTED_EDGE('',*,*,#16909,.T.);
#16939 = ORIENTED_EDGE('',*,*,#16940,.T.);
#16940 = EDGE_CURVE('',#16901,#16941,#16943,.T.);
#16941 = VERTEX_POINT('',#16942);
#16942 = CARTESIAN_POINT('',(0.565685424949,-0.565685424949,3.95));
#16943 = LINE('',#16944,#16945);
#16944 = CARTESIAN_POINT('',(0.565685424949,-0.565685424949,6.85));
#16945 = VECTOR('',#16946,1.);
#16946 = DIRECTION('',(0.,0.,-1.));
#16947 = ORIENTED_EDGE('',*,*,#16948,.F.);
#16948 = EDGE_CURVE('',#16941,#16941,#16949,.T.);
#16949 = CIRCLE('',#16950,0.8);
#16950 = AXIS2_PLACEMENT_3D('',#16951,#16952,#16953);
#16951 = CARTESIAN_POINT('',(0.,0.,3.95));
#16952 = DIRECTION('',(-0.,0.,1.));
#16953 = DIRECTION('',(0.707106781187,-0.707106781187,0.));
#16954 = ORIENTED_EDGE('',*,*,#16940,.F.);
#16955 = CYLINDRICAL_SURFACE('',#16956,0.8);
#16956 = AXIS2_PLACEMENT_3D('',#16957,#16958,#16959);
#16957 = CARTESIAN_POINT('',(0.,0.,6.85));
#16958 = DIRECTION('',(-0.,0.,-1.));
#16959 = DIRECTION('',(0.707106781187,-0.707106781187,-0.));
#16960 = ADVANCED_FACE('',(#16961),#16964,.F.);
#16961 = FACE_BOUND('',#16962,.F.);
#16962 = EDGE_LOOP('',(#16963));
#16963 = ORIENTED_EDGE('',*,*,#16948,.T.);
#16964 = PLANE('',#16965);
#16965 = AXIS2_PLACEMENT_3D('',#16966,#16967,#16968);
#16966 = CARTESIAN_POINT('',(0.,0.,3.95));
#16967 = DIRECTION('',(0.,0.,1.));
#16968 = DIRECTION('',(0.707106781187,-0.707106781187,0.));
#16969 = ( GEOMETRIC_REPRESENTATION_CONTEXT(3) 
GLOBAL_UNCERTAINTY_ASSIGNED_CONTEXT((#16973)) 
GLOBAL_UNIT_ASSIGNED_CONTEXT((#16970,#16971,#16972)) 
REPRESENTATION_CONTEXT('Context #1',
  '3D Context with UNIT and UNCERTAINTY') );
#16970 = ( LENGTH_UNIT() NAMED_UNIT(*) SI_UNIT(.MILLI.,.METRE.) );
#16971 = ( NAMED_UNIT(*) PLANE_ANGLE_UNIT() SI_UNIT($,.RADIAN.) );
#16972 = ( NAMED_UNIT(*) SI_UNIT($,.STERADIAN.) SOLID_ANGLE_UNIT() );
#16973 = UNCERTAINTY_MEASURE_WITH_UNIT(LENGTH_MEASURE(2.E-06),#16970,
  'distance_accuracy_value','confusion accuracy');
#16974 = CONTEXT_DEPENDENT_SHAPE_REPRESENTATION(#16975,#16977);
#16975 = ( REPRESENTATION_RELATIONSHIP('','',#16564,#10) 
REPRESENTATION_RELATIONSHIP_WITH_TRANSFORMATION(#16976) 
SHAPE_REPRESENTATION_RELATIONSHIP() );
#16976 = ITEM_DEFINED_TRANSFORMATION('','',#11,#63);
#16977 = PRODUCT_DEFINITION_SHAPE('Placement','Placement of an item',
  #16978);
#16978 = NEXT_ASSEMBLY_USAGE_OCCURRENCE('493','Body043','',#5,#16559,$);
#16979 = PRODUCT_RELATED_PRODUCT_CATEGORY('part',$,(#16561));
#16980 = SHAPE_DEFINITION_REPRESENTATION(#16981,#16987);
#16981 = PRODUCT_DEFINITION_SHAPE('','',#16982);
#16982 = PRODUCT_DEFINITION('design','',#16983,#16986);
#16983 = PRODUCT_DEFINITION_FORMATION('','',#16984);
#16984 = PRODUCT('Body431','Body431','',(#16985));
#16985 = PRODUCT_CONTEXT('',#2,'mechanical');
#16986 = PRODUCT_DEFINITION_CONTEXT('part definition',#2,'design');
#16987 = ADVANCED_BREP_SHAPE_REPRESENTATION('',(#11,#16988),#18902);
#16988 = MANIFOLD_SOLID_BREP('',#16989);
#16989 = CLOSED_SHELL('',(#16990,#17199,#17246,#17270,#17295,#17326,
    #17464,#17488,#17512,#17536,#17658,#17682,#17706,#17730,#17754,
    #17778,#17802,#17826,#17850,#17874,#17898,#17922,#17946,#17970,
    #17994,#18018,#18035,#18059,#18102,#18119,#18131,#18148,#18165,
    #18207,#18232,#18249,#18288,#18305,#18317,#18350,#18390,#18407,
    #18440,#18475,#18492,#18541,#18558,#18607,#18624,#18641,#18658,
    #18677,#18689,#18731,#18756,#18790,#18823,#18856,#18873,#18890));
#16990 = ADVANCED_FACE('',(#16991),#17194,.T.);
#16991 = FACE_BOUND('',#16992,.T.);
#16992 = EDGE_LOOP('',(#16993,#17003,#17012,#17020,#17028,#17036,#17044,
    #17052,#17060,#17068,#17076,#17084,#17092,#17100,#17108,#17116,
    #17124,#17132,#17140,#17148,#17156,#17164,#17172,#17180,#17188));
#16993 = ORIENTED_EDGE('',*,*,#16994,.F.);
#16994 = EDGE_CURVE('',#16995,#16997,#16999,.T.);
#16995 = VERTEX_POINT('',#16996);
#16996 = CARTESIAN_POINT('',(-0.9,2.600000000001,3.6));
#16997 = VERTEX_POINT('',#16998);
#16998 = CARTESIAN_POINT('',(-0.9,-2.3,3.6));
#16999 = LINE('',#17000,#17001);
#17000 = CARTESIAN_POINT('',(-0.9,-2.75,3.6));
#17001 = VECTOR('',#17002,1.);
#17002 = DIRECTION('',(1.33E-15,-1.,1.67E-15));
#17003 = ORIENTED_EDGE('',*,*,#17004,.T.);
#17004 = EDGE_CURVE('',#16995,#17005,#17007,.T.);
#17005 = VERTEX_POINT('',#17006);
#17006 = CARTESIAN_POINT('',(-0.9,3.100000000001,3.1));
#17007 = CIRCLE('',#17008,0.5);
#17008 = AXIS2_PLACEMENT_3D('',#17009,#17010,#17011);
#17009 = CARTESIAN_POINT('',(-0.9,2.600000000001,3.1));
#17010 = DIRECTION('',(-1.,-6.7E-16,-2.11E-15));
#17011 = DIRECTION('',(-6.7E-16,1.,-2.11E-15));
#17012 = ORIENTED_EDGE('',*,*,#17013,.F.);
#17013 = EDGE_CURVE('',#17014,#17005,#17016,.T.);
#17014 = VERTEX_POINT('',#17015);
#17015 = CARTESIAN_POINT('',(-0.9,3.100000000001,2.8));
#17016 = LINE('',#17017,#17018);
#17017 = CARTESIAN_POINT('',(-0.9,3.100000000001,3.7));
#17018 = VECTOR('',#17019,1.);
#17019 = DIRECTION('',(-1.67E-15,1.1E-16,1.));
#17020 = ORIENTED_EDGE('',*,*,#17021,.F.);
#17021 = EDGE_CURVE('',#17022,#17014,#17024,.T.);
#17022 = VERTEX_POINT('',#17023);
#17023 = CARTESIAN_POINT('',(-0.9,2.5,2.8));
#17024 = LINE('',#17025,#17026);
#17025 = CARTESIAN_POINT('',(-0.9,-3.,2.8));
#17026 = VECTOR('',#17027,1.);
#17027 = DIRECTION('',(-1.33E-15,1.,-1.E-15));
#17028 = ORIENTED_EDGE('',*,*,#17029,.F.);
#17029 = EDGE_CURVE('',#17030,#17022,#17032,.T.);
#17030 = VERTEX_POINT('',#17031);
#17031 = CARTESIAN_POINT('',(-0.9,2.5,2.999999999998));
#17032 = LINE('',#17033,#17034);
#17033 = CARTESIAN_POINT('',(-0.9,2.5,2.45));
#17034 = VECTOR('',#17035,1.);
#17035 = DIRECTION('',(1.67E-15,-1.1E-16,-1.));
#17036 = ORIENTED_EDGE('',*,*,#17037,.F.);
#17037 = EDGE_CURVE('',#17038,#17030,#17040,.T.);
#17038 = VERTEX_POINT('',#17039);
#17039 = CARTESIAN_POINT('',(-0.9,1.65,2.999999999999));
#17040 = LINE('',#17041,#17042);
#17041 = CARTESIAN_POINT('',(-0.9,-0.25,2.999999999998));
#17042 = VECTOR('',#17043,1.);
#17043 = DIRECTION('',(-1.33E-15,1.,-1.67E-15));
#17044 = ORIENTED_EDGE('',*,*,#17045,.T.);
#17045 = EDGE_CURVE('',#17038,#17046,#17048,.T.);
#17046 = VERTEX_POINT('',#17047);
#17047 = CARTESIAN_POINT('',(-0.9,1.505662432703,3.25));
#17048 = LINE('',#17049,#17050);
#17049 = CARTESIAN_POINT('',(-0.9,0.715122960121,4.619254531899));
#17050 = VECTOR('',#17051,1.);
#17051 = DIRECTION('',(-8.6E-16,-0.5,0.866025403784));
#17052 = ORIENTED_EDGE('',*,*,#17053,.T.);
#17053 = EDGE_CURVE('',#17046,#17054,#17056,.T.);
#17054 = VERTEX_POINT('',#17055);
#17055 = CARTESIAN_POINT('',(-0.9,1.361324865405,2.999999999999));
#17056 = LINE('',#17057,#17058);
#17057 = CARTESIAN_POINT('',(-0.9,1.097617513459,2.543245468101));
#17058 = VECTOR('',#17059,1.);
#17059 = DIRECTION('',(1.64E-15,-0.5,-0.866025403784));
#17060 = ORIENTED_EDGE('',*,*,#17061,.F.);
#17061 = EDGE_CURVE('',#17062,#17054,#17064,.T.);
#17062 = VERTEX_POINT('',#17063);
#17063 = CARTESIAN_POINT('',(-0.9,1.157735026919,2.999999999999));
#17064 = LINE('',#17065,#17066);
#17065 = CARTESIAN_POINT('',(-0.9,-0.25,2.999999999998));
#17066 = VECTOR('',#17067,1.);
#17067 = DIRECTION('',(-1.33E-15,1.,-1.67E-15));
#17068 = ORIENTED_EDGE('',*,*,#17069,.T.);
#17069 = EDGE_CURVE('',#17062,#17070,#17072,.T.);
#17070 = VERTEX_POINT('',#17071);
#17071 = CARTESIAN_POINT('',(-0.9,1.013397459622,3.25));
#17072 = LINE('',#17073,#17074);
#17073 = CARTESIAN_POINT('',(-0.9,0.284391108675,4.512676038879));
#17074 = VECTOR('',#17075,1.);
#17075 = DIRECTION('',(-8.6E-16,-0.5,0.866025403784));
#17076 = ORIENTED_EDGE('',*,*,#17077,.T.);
#17077 = EDGE_CURVE('',#17070,#17078,#17080,.T.);
#17078 = VERTEX_POINT('',#17079);
#17079 = CARTESIAN_POINT('',(-0.9,0.869059892324,2.999999999999));
#17080 = LINE('',#17081,#17082);
#17081 = CARTESIAN_POINT('',(-0.9,0.666885662014,2.649823961121));
#17082 = VECTOR('',#17083,1.);
#17083 = DIRECTION('',(1.64E-15,-0.5,-0.866025403784));
#17084 = ORIENTED_EDGE('',*,*,#17085,.F.);
#17085 = EDGE_CURVE('',#17086,#17078,#17088,.T.);
#17086 = VERTEX_POINT('',#17087);
#17087 = CARTESIAN_POINT('',(-0.9,0.665470053838,2.999999999999));
#17088 = LINE('',#17089,#17090);
#17089 = CARTESIAN_POINT('',(-0.9,-0.25,2.999999999998));
#17090 = VECTOR('',#17091,1.);
#17091 = DIRECTION('',(-1.33E-15,1.,-1.67E-15));
#17092 = ORIENTED_EDGE('',*,*,#17093,.T.);
#17093 = EDGE_CURVE('',#17086,#17094,#17096,.T.);
#17094 = VERTEX_POINT('',#17095);
#17095 = CARTESIAN_POINT('',(-0.9,0.521132486541,3.25));
#17096 = LINE('',#17097,#17098);
#17097 = CARTESIAN_POINT('',(-0.9,-0.14634074277,4.406097545859));
#17098 = VECTOR('',#17099,1.);
#17099 = DIRECTION('',(-8.6E-16,-0.5,0.866025403784));
#17100 = ORIENTED_EDGE('',*,*,#17101,.T.);
#17101 = EDGE_CURVE('',#17094,#17102,#17104,.T.);
#17102 = VERTEX_POINT('',#17103);
#17103 = CARTESIAN_POINT('',(-0.9,0.376794919243,2.999999999999));
#17104 = LINE('',#17105,#17106);
#17105 = CARTESIAN_POINT('',(-0.9,0.236153810568,2.756402454141));
#17106 = VECTOR('',#17107,1.);
#17107 = DIRECTION('',(1.64E-15,-0.5,-0.866025403784));
#17108 = ORIENTED_EDGE('',*,*,#17109,.F.);
#17109 = EDGE_CURVE('',#17110,#17102,#17112,.T.);
#17110 = VERTEX_POINT('',#17111);
#17111 = CARTESIAN_POINT('',(-0.9,0.173205080757,2.999999999999));
#17112 = LINE('',#17113,#17114);
#17113 = CARTESIAN_POINT('',(-0.9,-0.25,2.999999999998));
#17114 = VECTOR('',#17115,1.);
#17115 = DIRECTION('',(-1.33E-15,1.,-1.67E-15));
#17116 = ORIENTED_EDGE('',*,*,#17117,.T.);
#17117 = EDGE_CURVE('',#17110,#17118,#17120,.T.);
#17118 = VERTEX_POINT('',#17119);
#17119 = CARTESIAN_POINT('',(-0.9,2.886751345948E-02,3.25));
#17120 = LINE('',#17121,#17122);
#17121 = CARTESIAN_POINT('',(-0.9,-0.577072594216,4.299519052838));
#17122 = VECTOR('',#17123,1.);
#17123 = DIRECTION('',(-8.6E-16,-0.5,0.866025403784));
#17124 = ORIENTED_EDGE('',*,*,#17125,.T.);
#17125 = EDGE_CURVE('',#17118,#17126,#17128,.T.);
#17126 = VERTEX_POINT('',#17127);
#17127 = CARTESIAN_POINT('',(-0.9,-0.115470053838,2.999999999999));
#17128 = LINE('',#17129,#17130);
#17129 = CARTESIAN_POINT('',(-0.9,-0.194578040878,2.862980947162));
#17130 = VECTOR('',#17131,1.);
#17131 = DIRECTION('',(1.64E-15,-0.5,-0.866025403784));
#17132 = ORIENTED_EDGE('',*,*,#17133,.F.);
#17133 = EDGE_CURVE('',#17134,#17126,#17136,.T.);
#17134 = VERTEX_POINT('',#17135);
#17135 = CARTESIAN_POINT('',(-0.9,-0.319059892324,2.999999999999));
#17136 = LINE('',#17137,#17138);
#17137 = CARTESIAN_POINT('',(-0.9,-0.25,2.999999999998));
#17138 = VECTOR('',#17139,1.);
#17139 = DIRECTION('',(-1.33E-15,1.,-1.67E-15));
#17140 = ORIENTED_EDGE('',*,*,#17141,.T.);
#17141 = EDGE_CURVE('',#17134,#17142,#17144,.T.);
#17142 = VERTEX_POINT('',#17143);
#17143 = CARTESIAN_POINT('',(-0.9,-0.463397459622,3.25));
#17144 = LINE('',#17145,#17146);
#17145 = CARTESIAN_POINT('',(-0.9,-1.007804445662,4.192940559818));
#17146 = VECTOR('',#17147,1.);
#17147 = DIRECTION('',(-8.6E-16,-0.5,0.866025403784));
#17148 = ORIENTED_EDGE('',*,*,#17149,.T.);
#17149 = EDGE_CURVE('',#17142,#17150,#17152,.T.);
#17150 = VERTEX_POINT('',#17151);
#17151 = CARTESIAN_POINT('',(-0.9,-0.607735026919,2.999999999999));
#17152 = LINE('',#17153,#17154);
#17153 = CARTESIAN_POINT('',(-0.9,-0.625309892324,2.969559440182));
#17154 = VECTOR('',#17155,1.);
#17155 = DIRECTION('',(1.64E-15,-0.5,-0.866025403784));
#17156 = ORIENTED_EDGE('',*,*,#17157,.F.);
#17157 = EDGE_CURVE('',#17158,#17150,#17160,.T.);
#17158 = VERTEX_POINT('',#17159);
#17159 = CARTESIAN_POINT('',(-0.9,-0.811324865405,2.999999999999));
#17160 = LINE('',#17161,#17162);
#17161 = CARTESIAN_POINT('',(-0.9,-0.25,2.999999999998));
#17162 = VECTOR('',#17163,1.);
#17163 = DIRECTION('',(-1.33E-15,1.,-1.67E-15));
#17164 = ORIENTED_EDGE('',*,*,#17165,.T.);
#17165 = EDGE_CURVE('',#17158,#17166,#17168,.T.);
#17166 = VERTEX_POINT('',#17167);
#17167 = CARTESIAN_POINT('',(-0.9,-0.955662432703,3.25));
#17168 = LINE('',#17169,#17170);
#17169 = CARTESIAN_POINT('',(-0.9,-1.438536297108,4.086362066798));
#17170 = VECTOR('',#17171,1.);
#17171 = DIRECTION('',(-8.6E-16,-0.5,0.866025403784));
#17172 = ORIENTED_EDGE('',*,*,#17173,.T.);
#17173 = EDGE_CURVE('',#17166,#17174,#17176,.T.);
#17174 = VERTEX_POINT('',#17175);
#17175 = CARTESIAN_POINT('',(-0.9,-1.1,2.999999999999));
#17176 = LINE('',#17177,#17178);
#17177 = CARTESIAN_POINT('',(-0.9,-1.05604174377,3.076137933202));
#17178 = VECTOR('',#17179,1.);
#17179 = DIRECTION('',(1.64E-15,-0.5,-0.866025403784));
#17180 = ORIENTED_EDGE('',*,*,#17181,.F.);
#17181 = EDGE_CURVE('',#17182,#17174,#17184,.T.);
#17182 = VERTEX_POINT('',#17183);
#17183 = CARTESIAN_POINT('',(-0.9,-2.3,2.999999999998));
#17184 = LINE('',#17185,#17186);
#17185 = CARTESIAN_POINT('',(-0.9,-0.25,2.999999999998));
#17186 = VECTOR('',#17187,1.);
#17187 = DIRECTION('',(-1.33E-15,1.,-1.67E-15));
#17188 = ORIENTED_EDGE('',*,*,#17189,.F.);
#17189 = EDGE_CURVE('',#16997,#17182,#17190,.T.);
#17190 = LINE('',#17191,#17192);
#17191 = CARTESIAN_POINT('',(-0.9,-2.3,3.6));
#17192 = VECTOR('',#17193,1.);
#17193 = DIRECTION('',(1.67E-15,-1.44E-15,-1.));
#17194 = PLANE('',#17195);
#17195 = AXIS2_PLACEMENT_3D('',#17196,#17197,#17198);
#17196 = CARTESIAN_POINT('',(-0.9,-3.,4.3));
#17197 = DIRECTION('',(-1.,4.4E-16,1.1E-16));
#17198 = DIRECTION('',(-1.1E-16,1.E-15,-1.));
#17199 = ADVANCED_FACE('',(#17200),#17241,.T.);
#17200 = FACE_BOUND('',#17201,.T.);
#17201 = EDGE_LOOP('',(#17202,#17203,#17211,#17219,#17227,#17235));
#17202 = ORIENTED_EDGE('',*,*,#16994,.T.);
#17203 = ORIENTED_EDGE('',*,*,#17204,.T.);
#17204 = EDGE_CURVE('',#16997,#17205,#17207,.T.);
#17205 = VERTEX_POINT('',#17206);
#17206 = CARTESIAN_POINT('',(-0.7,-2.5,3.6));
#17207 = LINE('',#17208,#17209);
#17208 = CARTESIAN_POINT('',(-0.875,-2.325,3.6));
#17209 = VECTOR('',#17210,1.);
#17210 = DIRECTION('',(0.707106781187,-0.707106781187,2.55E-15));
#17211 = ORIENTED_EDGE('',*,*,#17212,.T.);
#17212 = EDGE_CURVE('',#17205,#17213,#17215,.T.);
#17213 = VERTEX_POINT('',#17214);
#17214 = CARTESIAN_POINT('',(0.7,-2.5,3.6));
#17215 = LINE('',#17216,#17217);
#17216 = CARTESIAN_POINT('',(-1.2,-2.5,3.6));
#17217 = VECTOR('',#17218,1.);
#17218 = DIRECTION('',(1.,-1.11E-15,-2.8E-16));
#17219 = ORIENTED_EDGE('',*,*,#17220,.F.);
#17220 = EDGE_CURVE('',#17221,#17213,#17223,.T.);
#17221 = VERTEX_POINT('',#17222);
#17222 = CARTESIAN_POINT('',(0.9,-2.3,3.6));
#17223 = LINE('',#17224,#17225);
#17224 = CARTESIAN_POINT('',(0.275,-2.925,3.6));
#17225 = VECTOR('',#17226,1.);
#17226 = DIRECTION('',(-0.707106781187,-0.707106781187,-8.2E-16));
#17227 = ORIENTED_EDGE('',*,*,#17228,.T.);
#17228 = EDGE_CURVE('',#17221,#17229,#17231,.T.);
#17229 = VERTEX_POINT('',#17230);
#17230 = CARTESIAN_POINT('',(0.9,2.600000000001,3.6));
#17231 = LINE('',#17232,#17233);
#17232 = CARTESIAN_POINT('',(0.9,-2.75,3.6));
#17233 = VECTOR('',#17234,1.);
#17234 = DIRECTION('',(-1.33E-15,1.,-1.67E-15));
#17235 = ORIENTED_EDGE('',*,*,#17236,.F.);
#17236 = EDGE_CURVE('',#16995,#17229,#17237,.T.);
#17237 = LINE('',#17238,#17239);
#17238 = CARTESIAN_POINT('',(-1.2,2.600000000001,3.6));
#17239 = VECTOR('',#17240,1.);
#17240 = DIRECTION('',(1.,-1.11E-15,-2.8E-16));
#17241 = PLANE('',#17242);
#17242 = AXIS2_PLACEMENT_3D('',#17243,#17244,#17245);
#17243 = CARTESIAN_POINT('',(-1.2,-2.5,3.6));
#17244 = DIRECTION('',(-2.39E-15,-7.8E-16,1.));
#17245 = DIRECTION('',(-1.78E-15,1.,7.8E-16));
#17246 = ADVANCED_FACE('',(#17247),#17265,.T.);
#17247 = FACE_BOUND('',#17248,.T.);
#17248 = EDGE_LOOP('',(#17249,#17250,#17251,#17259));
#17249 = ORIENTED_EDGE('',*,*,#17204,.F.);
#17250 = ORIENTED_EDGE('',*,*,#17189,.T.);
#17251 = ORIENTED_EDGE('',*,*,#17252,.T.);
#17252 = EDGE_CURVE('',#17182,#17253,#17255,.T.);
#17253 = VERTEX_POINT('',#17254);
#17254 = CARTESIAN_POINT('',(-0.7,-2.5,3.199999999998));
#17255 = LINE('',#17256,#17257);
#17256 = CARTESIAN_POINT('',(-0.733333333333,-2.466666666667,
    3.166666666665));
#17257 = VECTOR('',#17258,1.);
#17258 = DIRECTION('',(0.57735026919,-0.57735026919,0.57735026919));
#17259 = ORIENTED_EDGE('',*,*,#17260,.F.);
#17260 = EDGE_CURVE('',#17205,#17253,#17261,.T.);
#17261 = LINE('',#17262,#17263);
#17262 = CARTESIAN_POINT('',(-0.7,-2.5,3.6));
#17263 = VECTOR('',#17264,1.);
#17264 = DIRECTION('',(1.67E-15,-1.44E-15,-1.));
#17265 = PLANE('',#17266);
#17266 = AXIS2_PLACEMENT_3D('',#17267,#17268,#17269);
#17267 = CARTESIAN_POINT('',(-0.8,-2.4,3.6));
#17268 = DIRECTION('',(-0.707106781187,-0.707106781187,1.1E-15));
#17269 = DIRECTION('',(7.771825406948E-16,-2.332817459305E-15,-1.));
#17270 = ADVANCED_FACE('',(#17271),#17290,.T.);
#17271 = FACE_BOUND('',#17272,.F.);
#17272 = EDGE_LOOP('',(#17273,#17274,#17282,#17289));
#17273 = ORIENTED_EDGE('',*,*,#17004,.T.);
#17274 = ORIENTED_EDGE('',*,*,#17275,.T.);
#17275 = EDGE_CURVE('',#17005,#17276,#17278,.T.);
#17276 = VERTEX_POINT('',#17277);
#17277 = CARTESIAN_POINT('',(0.9,3.100000000001,3.1));
#17278 = LINE('',#17279,#17280);
#17279 = CARTESIAN_POINT('',(-1.2,3.100000000001,3.1));
#17280 = VECTOR('',#17281,1.);
#17281 = DIRECTION('',(1.,-1.11E-15,-2.8E-16));
#17282 = ORIENTED_EDGE('',*,*,#17283,.F.);
#17283 = EDGE_CURVE('',#17229,#17276,#17284,.T.);
#17284 = CIRCLE('',#17285,0.5);
#17285 = AXIS2_PLACEMENT_3D('',#17286,#17287,#17288);
#17286 = CARTESIAN_POINT('',(0.9,2.600000000001,3.1));
#17287 = DIRECTION('',(-1.,-6.7E-16,-2.11E-15));
#17288 = DIRECTION('',(-6.7E-16,1.,-2.11E-15));
#17289 = ORIENTED_EDGE('',*,*,#17236,.F.);
#17290 = CYLINDRICAL_SURFACE('',#17291,0.5);
#17291 = AXIS2_PLACEMENT_3D('',#17292,#17293,#17294);
#17292 = CARTESIAN_POINT('',(-1.2,2.600000000001,3.1));
#17293 = DIRECTION('',(-1.,8.9E-16,1.1E-16));
#17294 = DIRECTION('',(8.9E-16,1.,-1.89E-15));
#17295 = ADVANCED_FACE('',(#17296),#17321,.T.);
#17296 = FACE_BOUND('',#17297,.T.);
#17297 = EDGE_LOOP('',(#17298,#17308,#17314,#17315));
#17298 = ORIENTED_EDGE('',*,*,#17299,.T.);
#17299 = EDGE_CURVE('',#17300,#17302,#17304,.T.);
#17300 = VERTEX_POINT('',#17301);
#17301 = CARTESIAN_POINT('',(0.9,-1.1,2.999999999999));
#17302 = VERTEX_POINT('',#17303);
#17303 = CARTESIAN_POINT('',(0.9,-2.3,2.999999999998));
#17304 = LINE('',#17305,#17306);
#17305 = CARTESIAN_POINT('',(0.9,-0.25,2.999999999998));
#17306 = VECTOR('',#17307,1.);
#17307 = DIRECTION('',(1.33E-15,-1.,1.67E-15));
#17308 = ORIENTED_EDGE('',*,*,#17309,.F.);
#17309 = EDGE_CURVE('',#17182,#17302,#17310,.T.);
#17310 = LINE('',#17311,#17312);
#17311 = CARTESIAN_POINT('',(-0.9,-2.3,2.999999999998));
#17312 = VECTOR('',#17313,1.);
#17313 = DIRECTION('',(1.,-1.78E-15,1.05E-15));
#17314 = ORIENTED_EDGE('',*,*,#17181,.T.);
#17315 = ORIENTED_EDGE('',*,*,#17316,.F.);
#17316 = EDGE_CURVE('',#17300,#17174,#17317,.T.);
#17317 = LINE('',#17318,#17319);
#17318 = CARTESIAN_POINT('',(9.526179507022,-1.1,3.));
#17319 = VECTOR('',#17320,1.);
#17320 = DIRECTION('',(-1.,7.8E-16,-6.E-17));
#17321 = PLANE('',#17322);
#17322 = AXIS2_PLACEMENT_3D('',#17323,#17324,#17325);
#17323 = CARTESIAN_POINT('',(-1.2,2.5,2.999999999998));
#17324 = DIRECTION('',(2.39E-15,7.8E-16,-1.));
#17325 = DIRECTION('',(1.78E-15,-1.,-7.8E-16));
#17326 = ADVANCED_FACE('',(#17327,#17409),#17459,.T.);
#17327 = FACE_BOUND('',#17328,.T.);
#17328 = EDGE_LOOP('',(#17329,#17337,#17338,#17339,#17347,#17355,#17363,
    #17371,#17379,#17387,#17395,#17403));
#17329 = ORIENTED_EDGE('',*,*,#17330,.T.);
#17330 = EDGE_CURVE('',#17331,#17014,#17333,.T.);
#17331 = VERTEX_POINT('',#17332);
#17332 = CARTESIAN_POINT('',(-1.2,3.100000000001,2.8));
#17333 = LINE('',#17334,#17335);
#17334 = CARTESIAN_POINT('',(-1.05,3.100000000001,2.8));
#17335 = VECTOR('',#17336,1.);
#17336 = DIRECTION('',(1.,-8.9E-16,-3.3E-16));
#17337 = ORIENTED_EDGE('',*,*,#17013,.T.);
#17338 = ORIENTED_EDGE('',*,*,#17275,.T.);
#17339 = ORIENTED_EDGE('',*,*,#17340,.T.);
#17340 = EDGE_CURVE('',#17276,#17341,#17343,.T.);
#17341 = VERTEX_POINT('',#17342);
#17342 = CARTESIAN_POINT('',(0.9,3.100000000001,2.8));
#17343 = LINE('',#17344,#17345);
#17344 = CARTESIAN_POINT('',(0.9,3.100000000001,2.95));
#17345 = VECTOR('',#17346,1.);
#17346 = DIRECTION('',(1.67E-15,-1.1E-16,-1.));
#17347 = ORIENTED_EDGE('',*,*,#17348,.T.);
#17348 = EDGE_CURVE('',#17341,#17349,#17351,.T.);
#17349 = VERTEX_POINT('',#17350);
#17350 = CARTESIAN_POINT('',(1.2,3.100000000001,2.8));
#17351 = LINE('',#17352,#17353);
#17352 = CARTESIAN_POINT('',(0.6,3.100000000001,2.8));
#17353 = VECTOR('',#17354,1.);
#17354 = DIRECTION('',(1.,-8.9E-16,-3.3E-16));
#17355 = ORIENTED_EDGE('',*,*,#17356,.T.);
#17356 = EDGE_CURVE('',#17349,#17357,#17359,.T.);
#17357 = VERTEX_POINT('',#17358);
#17358 = CARTESIAN_POINT('',(1.2,3.1,0.75));
#17359 = LINE('',#17360,#17361);
#17360 = CARTESIAN_POINT('',(1.2,3.100000000001,3.1));
#17361 = VECTOR('',#17362,1.);
#17362 = DIRECTION('',(2.33E-15,1.44E-15,-1.));
#17363 = ORIENTED_EDGE('',*,*,#17364,.T.);
#17364 = EDGE_CURVE('',#17357,#17365,#17367,.T.);
#17365 = VERTEX_POINT('',#17366);
#17366 = CARTESIAN_POINT('',(0.8,3.1,0.75));
#17367 = LINE('',#17368,#17369);
#17368 = CARTESIAN_POINT('',(1.8,3.1,0.75));
#17369 = VECTOR('',#17370,1.);
#17370 = DIRECTION('',(-1.,4.4E-16,3.3E-16));
#17371 = ORIENTED_EDGE('',*,*,#17372,.F.);
#17372 = EDGE_CURVE('',#17373,#17365,#17375,.T.);
#17373 = VERTEX_POINT('',#17374);
#17374 = CARTESIAN_POINT('',(0.8,3.1,0.5));
#17375 = LINE('',#17376,#17377);
#17376 = CARTESIAN_POINT('',(0.8,3.1,-2.5E-15));
#17377 = VECTOR('',#17378,1.);
#17378 = DIRECTION('',(-1.E-15,-3.3E-16,1.));
#17379 = ORIENTED_EDGE('',*,*,#17380,.F.);
#17380 = EDGE_CURVE('',#17381,#17373,#17383,.T.);
#17381 = VERTEX_POINT('',#17382);
#17382 = CARTESIAN_POINT('',(-0.8,3.1,0.5));
#17383 = LINE('',#17384,#17385);
#17384 = CARTESIAN_POINT('',(-1.2,3.100000000001,0.5));
#17385 = VECTOR('',#17386,1.);
#17386 = DIRECTION('',(1.,-1.11E-15,-2.8E-16));
#17387 = ORIENTED_EDGE('',*,*,#17388,.T.);
#17388 = EDGE_CURVE('',#17381,#17389,#17391,.T.);
#17389 = VERTEX_POINT('',#17390);
#17390 = CARTESIAN_POINT('',(-0.8,3.1,0.75));
#17391 = LINE('',#17392,#17393);
#17392 = CARTESIAN_POINT('',(-0.8,3.1,-2.32E-15));
#17393 = VECTOR('',#17394,1.);
#17394 = DIRECTION('',(-1.E-15,-3.3E-16,1.));
#17395 = ORIENTED_EDGE('',*,*,#17396,.F.);
#17396 = EDGE_CURVE('',#17397,#17389,#17399,.T.);
#17397 = VERTEX_POINT('',#17398);
#17398 = CARTESIAN_POINT('',(-1.2,3.1,0.75));
#17399 = LINE('',#17400,#17401);
#17400 = CARTESIAN_POINT('',(-1.8,3.1,0.75));
#17401 = VECTOR('',#17402,1.);
#17402 = DIRECTION('',(1.,-4.4E-16,-3.3E-16));
#17403 = ORIENTED_EDGE('',*,*,#17404,.F.);
#17404 = EDGE_CURVE('',#17331,#17397,#17405,.T.);
#17405 = LINE('',#17406,#17407);
#17406 = CARTESIAN_POINT('',(-1.2,3.100000000001,3.1));
#17407 = VECTOR('',#17408,1.);
#17408 = DIRECTION('',(2.33E-15,1.44E-15,-1.));
#17409 = FACE_BOUND('',#17410,.T.);
#17410 = EDGE_LOOP('',(#17411,#17421,#17429,#17437,#17445,#17453));
#17411 = ORIENTED_EDGE('',*,*,#17412,.F.);
#17412 = EDGE_CURVE('',#17413,#17415,#17417,.T.);
#17413 = VERTEX_POINT('',#17414);
#17414 = CARTESIAN_POINT('',(0.6,3.1,2.5));
#17415 = VERTEX_POINT('',#17416);
#17416 = CARTESIAN_POINT('',(0.6,3.1,1.209917094366));
#17417 = LINE('',#17418,#17419);
#17418 = CARTESIAN_POINT('',(0.6,3.1,2.5));
#17419 = VECTOR('',#17420,1.);
#17420 = DIRECTION('',(6.7E-16,3.3E-16,-1.));
#17421 = ORIENTED_EDGE('',*,*,#17422,.T.);
#17422 = EDGE_CURVE('',#17413,#17423,#17425,.T.);
#17423 = VERTEX_POINT('',#17424);
#17424 = CARTESIAN_POINT('',(-0.6,3.1,2.5));
#17425 = LINE('',#17426,#17427);
#17426 = CARTESIAN_POINT('',(0.6,3.1,2.5));
#17427 = VECTOR('',#17428,1.);
#17428 = DIRECTION('',(-1.,5.6E-16,-2.8E-16));
#17429 = ORIENTED_EDGE('',*,*,#17430,.T.);
#17430 = EDGE_CURVE('',#17423,#17431,#17433,.T.);
#17431 = VERTEX_POINT('',#17432);
#17432 = CARTESIAN_POINT('',(-0.6,3.1,1.209917094366));
#17433 = LINE('',#17434,#17435);
#17434 = CARTESIAN_POINT('',(-0.6,3.1,2.5));
#17435 = VECTOR('',#17436,1.);
#17436 = DIRECTION('',(6.7E-16,3.3E-16,-1.));
#17437 = ORIENTED_EDGE('',*,*,#17438,.T.);
#17438 = EDGE_CURVE('',#17431,#17439,#17441,.T.);
#17439 = VERTEX_POINT('',#17440);
#17440 = CARTESIAN_POINT('',(-0.6,3.1,1.));
#17441 = LINE('',#17442,#17443);
#17442 = CARTESIAN_POINT('',(-0.6,3.1,2.5));
#17443 = VECTOR('',#17444,1.);
#17444 = DIRECTION('',(6.7E-16,3.3E-16,-1.));
#17445 = ORIENTED_EDGE('',*,*,#17446,.F.);
#17446 = EDGE_CURVE('',#17447,#17439,#17449,.T.);
#17447 = VERTEX_POINT('',#17448);
#17448 = CARTESIAN_POINT('',(0.6,3.1,1.));
#17449 = LINE('',#17450,#17451);
#17450 = CARTESIAN_POINT('',(0.6,3.1,1.));
#17451 = VECTOR('',#17452,1.);
#17452 = DIRECTION('',(-1.,5.6E-16,-2.8E-16));
#17453 = ORIENTED_EDGE('',*,*,#17454,.F.);
#17454 = EDGE_CURVE('',#17415,#17447,#17455,.T.);
#17455 = LINE('',#17456,#17457);
#17456 = CARTESIAN_POINT('',(0.6,3.1,2.5));
#17457 = VECTOR('',#17458,1.);
#17458 = DIRECTION('',(6.7E-16,3.3E-16,-1.));
#17459 = PLANE('',#17460);
#17460 = AXIS2_PLACEMENT_3D('',#17461,#17462,#17463);
#17461 = CARTESIAN_POINT('',(-1.2,3.100000000001,3.1));
#17462 = DIRECTION('',(-1.55E-15,1.,-1.67E-15));
#17463 = DIRECTION('',(2.55E-15,-1.67E-15,-1.));
#17464 = ADVANCED_FACE('',(#17465),#17483,.T.);
#17465 = FACE_BOUND('',#17466,.T.);
#17466 = EDGE_LOOP('',(#17467,#17475,#17476,#17477));
#17467 = ORIENTED_EDGE('',*,*,#17468,.F.);
#17468 = EDGE_CURVE('',#17300,#17469,#17471,.T.);
#17469 = VERTEX_POINT('',#17470);
#17470 = CARTESIAN_POINT('',(0.9,-0.955662432703,3.25));
#17471 = LINE('',#17472,#17473);
#17472 = CARTESIAN_POINT('',(0.9,-1.380801270189,2.513637933202));
#17473 = VECTOR('',#17474,1.);
#17474 = DIRECTION('',(-1.64E-15,0.5,0.866025403784));
#17475 = ORIENTED_EDGE('',*,*,#17316,.T.);
#17476 = ORIENTED_EDGE('',*,*,#17173,.F.);
#17477 = ORIENTED_EDGE('',*,*,#17478,.F.);
#17478 = EDGE_CURVE('',#17469,#17166,#17479,.T.);
#17479 = LINE('',#17480,#17481);
#17480 = CARTESIAN_POINT('',(9.526179507022,-0.955662432703,3.25));
#17481 = VECTOR('',#17482,1.);
#17482 = DIRECTION('',(-1.,7.8E-16,-6.E-17));
#17483 = PLANE('',#17484);
#17484 = AXIS2_PLACEMENT_3D('',#17485,#17486,#17487);
#17485 = CARTESIAN_POINT('',(9.526179507022,-1.1,3.));
#17486 = DIRECTION('',(2.1E-16,0.866025403784,-0.5));
#17487 = DIRECTION('',(-1.73E-15,0.5,0.866025403784));
#17488 = ADVANCED_FACE('',(#17489),#17507,.T.);
#17489 = FACE_BOUND('',#17490,.T.);
#17490 = EDGE_LOOP('',(#17491,#17499,#17500,#17501));
#17491 = ORIENTED_EDGE('',*,*,#17492,.F.);
#17492 = EDGE_CURVE('',#17022,#17493,#17495,.T.);
#17493 = VERTEX_POINT('',#17494);
#17494 = CARTESIAN_POINT('',(-1.2,2.5,2.8));
#17495 = LINE('',#17496,#17497);
#17496 = CARTESIAN_POINT('',(-1.05,2.5,2.8));
#17497 = VECTOR('',#17498,1.);
#17498 = DIRECTION('',(-1.,8.9E-16,3.3E-16));
#17499 = ORIENTED_EDGE('',*,*,#17021,.T.);
#17500 = ORIENTED_EDGE('',*,*,#17330,.F.);
#17501 = ORIENTED_EDGE('',*,*,#17502,.T.);
#17502 = EDGE_CURVE('',#17331,#17493,#17503,.T.);
#17503 = LINE('',#17504,#17505);
#17504 = CARTESIAN_POINT('',(-1.2,-1.112514950396,2.8));
#17505 = VECTOR('',#17506,1.);
#17506 = DIRECTION('',(4.4E-16,-1.,1.E-15));
#17507 = PLANE('',#17508);
#17508 = AXIS2_PLACEMENT_3D('',#17509,#17510,#17511);
#17509 = CARTESIAN_POINT('',(-0.9,-3.,2.8));
#17510 = DIRECTION('',(-1.44E-15,-7.8E-16,1.));
#17511 = DIRECTION('',(-1.,6.7E-16,-1.44E-15));
#17512 = ADVANCED_FACE('',(#17513),#17531,.T.);
#17513 = FACE_BOUND('',#17514,.T.);
#17514 = EDGE_LOOP('',(#17515,#17523,#17524,#17525));
#17515 = ORIENTED_EDGE('',*,*,#17516,.F.);
#17516 = EDGE_CURVE('',#17469,#17517,#17519,.T.);
#17517 = VERTEX_POINT('',#17518);
#17518 = CARTESIAN_POINT('',(0.9,-0.811324865405,2.999999999999));
#17519 = LINE('',#17520,#17521);
#17520 = CARTESIAN_POINT('',(0.9,-1.113776770689,3.523862066798));
#17521 = VECTOR('',#17522,1.);
#17522 = DIRECTION('',(8.6E-16,0.5,-0.866025403784));
#17523 = ORIENTED_EDGE('',*,*,#17478,.T.);
#17524 = ORIENTED_EDGE('',*,*,#17165,.F.);
#17525 = ORIENTED_EDGE('',*,*,#17526,.F.);
#17526 = EDGE_CURVE('',#17517,#17158,#17527,.T.);
#17527 = LINE('',#17528,#17529);
#17528 = CARTESIAN_POINT('',(9.526179507022,-0.811324865405,3.));
#17529 = VECTOR('',#17530,1.);
#17530 = DIRECTION('',(-1.,7.8E-16,-6.E-17));
#17531 = PLANE('',#17532);
#17532 = AXIS2_PLACEMENT_3D('',#17533,#17534,#17535);
#17533 = CARTESIAN_POINT('',(9.526179507022,-0.955662432703,3.25));
#17534 = DIRECTION('',(1.17E-15,-0.866025403784,-0.5));
#17535 = DIRECTION('',(9.6E-16,0.5,-0.866025403784));
#17536 = ADVANCED_FACE('',(#17537,#17619),#17653,.T.);
#17537 = FACE_BOUND('',#17538,.T.);
#17538 = EDGE_LOOP('',(#17539,#17547,#17555,#17563,#17571,#17579,#17587,
    #17595,#17603,#17611,#17617,#17618));
#17539 = ORIENTED_EDGE('',*,*,#17540,.F.);
#17540 = EDGE_CURVE('',#17541,#17493,#17543,.T.);
#17541 = VERTEX_POINT('',#17542);
#17542 = CARTESIAN_POINT('',(-1.2,2.5,0.75));
#17543 = LINE('',#17544,#17545);
#17544 = CARTESIAN_POINT('',(-1.2,2.5,0.6));
#17545 = VECTOR('',#17546,1.);
#17546 = DIRECTION('',(-2.33E-15,-1.44E-15,1.));
#17547 = ORIENTED_EDGE('',*,*,#17548,.F.);
#17548 = EDGE_CURVE('',#17549,#17541,#17551,.T.);
#17549 = VERTEX_POINT('',#17550);
#17550 = CARTESIAN_POINT('',(-0.8,2.5,0.75));
#17551 = LINE('',#17552,#17553);
#17552 = CARTESIAN_POINT('',(-0.6,2.5,0.75));
#17553 = VECTOR('',#17554,1.);
#17554 = DIRECTION('',(-1.,6.7E-16,-1.1E-16));
#17555 = ORIENTED_EDGE('',*,*,#17556,.F.);
#17556 = EDGE_CURVE('',#17557,#17549,#17559,.T.);
#17557 = VERTEX_POINT('',#17558);
#17558 = CARTESIAN_POINT('',(-0.8,2.5,0.6));
#17559 = LINE('',#17560,#17561);
#17560 = CARTESIAN_POINT('',(-0.8,2.5,0.3));
#17561 = VECTOR('',#17562,1.);
#17562 = DIRECTION('',(-1.E-15,1.22E-15,1.));
#17563 = ORIENTED_EDGE('',*,*,#17564,.T.);
#17564 = EDGE_CURVE('',#17557,#17565,#17567,.T.);
#17565 = VERTEX_POINT('',#17566);
#17566 = CARTESIAN_POINT('',(0.8,2.5,0.6));
#17567 = LINE('',#17568,#17569);
#17568 = CARTESIAN_POINT('',(-1.2,2.5,0.6));
#17569 = VECTOR('',#17570,1.);
#17570 = DIRECTION('',(1.,-1.11E-15,-2.8E-16));
#17571 = ORIENTED_EDGE('',*,*,#17572,.T.);
#17572 = EDGE_CURVE('',#17565,#17573,#17575,.T.);
#17573 = VERTEX_POINT('',#17574);
#17574 = CARTESIAN_POINT('',(0.8,2.5,0.75));
#17575 = LINE('',#17576,#17577);
#17576 = CARTESIAN_POINT('',(0.8,2.5,0.3));
#17577 = VECTOR('',#17578,1.);
#17578 = DIRECTION('',(-1.E-15,1.22E-15,1.));
#17579 = ORIENTED_EDGE('',*,*,#17580,.F.);
#17580 = EDGE_CURVE('',#17581,#17573,#17583,.T.);
#17581 = VERTEX_POINT('',#17582);
#17582 = CARTESIAN_POINT('',(1.2,2.5,0.75));
#17583 = LINE('',#17584,#17585);
#17584 = CARTESIAN_POINT('',(-0.6,2.5,0.75));
#17585 = VECTOR('',#17586,1.);
#17586 = DIRECTION('',(-1.,6.7E-16,-1.1E-16));
#17587 = ORIENTED_EDGE('',*,*,#17588,.T.);
#17588 = EDGE_CURVE('',#17581,#17589,#17591,.T.);
#17589 = VERTEX_POINT('',#17590);
#17590 = CARTESIAN_POINT('',(1.2,2.5,2.8));
#17591 = LINE('',#17592,#17593);
#17592 = CARTESIAN_POINT('',(1.2,2.5,0.6));
#17593 = VECTOR('',#17594,1.);
#17594 = DIRECTION('',(-2.33E-15,-1.44E-15,1.));
#17595 = ORIENTED_EDGE('',*,*,#17596,.T.);
#17596 = EDGE_CURVE('',#17589,#17597,#17599,.T.);
#17597 = VERTEX_POINT('',#17598);
#17598 = CARTESIAN_POINT('',(0.9,2.5,2.8));
#17599 = LINE('',#17600,#17601);
#17600 = CARTESIAN_POINT('',(0.6,2.5,2.8));
#17601 = VECTOR('',#17602,1.);
#17602 = DIRECTION('',(-1.,8.9E-16,3.3E-16));
#17603 = ORIENTED_EDGE('',*,*,#17604,.T.);
#17604 = EDGE_CURVE('',#17597,#17605,#17607,.T.);
#17605 = VERTEX_POINT('',#17606);
#17606 = CARTESIAN_POINT('',(0.9,2.5,2.999999999998));
#17607 = LINE('',#17608,#17609);
#17608 = CARTESIAN_POINT('',(0.9,2.5,1.7));
#17609 = VECTOR('',#17610,1.);
#17610 = DIRECTION('',(-1.67E-15,1.1E-16,1.));
#17611 = ORIENTED_EDGE('',*,*,#17612,.F.);
#17612 = EDGE_CURVE('',#17030,#17605,#17613,.T.);
#17613 = LINE('',#17614,#17615);
#17614 = CARTESIAN_POINT('',(-1.2,2.5,2.999999999998));
#17615 = VECTOR('',#17616,1.);
#17616 = DIRECTION('',(1.,-1.11E-15,-2.8E-16));
#17617 = ORIENTED_EDGE('',*,*,#17029,.T.);
#17618 = ORIENTED_EDGE('',*,*,#17492,.T.);
#17619 = FACE_BOUND('',#17620,.T.);
#17620 = EDGE_LOOP('',(#17621,#17631,#17639,#17647));
#17621 = ORIENTED_EDGE('',*,*,#17622,.F.);
#17622 = EDGE_CURVE('',#17623,#17625,#17627,.T.);
#17623 = VERTEX_POINT('',#17624);
#17624 = CARTESIAN_POINT('',(0.6,2.5,2.5));
#17625 = VERTEX_POINT('',#17626);
#17626 = CARTESIAN_POINT('',(-0.6,2.5,2.5));
#17627 = LINE('',#17628,#17629);
#17628 = CARTESIAN_POINT('',(0.6,2.5,2.5));
#17629 = VECTOR('',#17630,1.);
#17630 = DIRECTION('',(-1.,5.6E-16,-2.8E-16));
#17631 = ORIENTED_EDGE('',*,*,#17632,.F.);
#17632 = EDGE_CURVE('',#17633,#17623,#17635,.T.);
#17633 = VERTEX_POINT('',#17634);
#17634 = CARTESIAN_POINT('',(0.6,2.5,1.));
#17635 = LINE('',#17636,#17637);
#17636 = CARTESIAN_POINT('',(0.6,2.5,1.));
#17637 = VECTOR('',#17638,1.);
#17638 = DIRECTION('',(-6.7E-16,-3.3E-16,1.));
#17639 = ORIENTED_EDGE('',*,*,#17640,.T.);
#17640 = EDGE_CURVE('',#17633,#17641,#17643,.T.);
#17641 = VERTEX_POINT('',#17642);
#17642 = CARTESIAN_POINT('',(-0.6,2.5,1.));
#17643 = LINE('',#17644,#17645);
#17644 = CARTESIAN_POINT('',(0.6,2.5,1.));
#17645 = VECTOR('',#17646,1.);
#17646 = DIRECTION('',(-1.,5.6E-16,-2.8E-16));
#17647 = ORIENTED_EDGE('',*,*,#17648,.T.);
#17648 = EDGE_CURVE('',#17641,#17625,#17649,.T.);
#17649 = LINE('',#17650,#17651);
#17650 = CARTESIAN_POINT('',(-0.6,2.5,1.));
#17651 = VECTOR('',#17652,1.);
#17652 = DIRECTION('',(-6.7E-16,-3.3E-16,1.));
#17653 = PLANE('',#17654);
#17654 = AXIS2_PLACEMENT_3D('',#17655,#17656,#17657);
#17655 = CARTESIAN_POINT('',(-1.2,2.5,0.6));
#17656 = DIRECTION('',(1.55E-15,-1.,1.67E-15));
#17657 = DIRECTION('',(-2.55E-15,1.67E-15,1.));
#17658 = ADVANCED_FACE('',(#17659),#17677,.T.);
#17659 = FACE_BOUND('',#17660,.T.);
#17660 = EDGE_LOOP('',(#17661,#17662,#17663,#17671));
#17661 = ORIENTED_EDGE('',*,*,#17526,.T.);
#17662 = ORIENTED_EDGE('',*,*,#17157,.T.);
#17663 = ORIENTED_EDGE('',*,*,#17664,.F.);
#17664 = EDGE_CURVE('',#17665,#17150,#17667,.T.);
#17665 = VERTEX_POINT('',#17666);
#17666 = CARTESIAN_POINT('',(0.9,-0.607735026919,2.999999999999));
#17667 = LINE('',#17668,#17669);
#17668 = CARTESIAN_POINT('',(9.526179507022,-0.607735026919,3.));
#17669 = VECTOR('',#17670,1.);
#17670 = DIRECTION('',(-1.,7.8E-16,-6.E-17));
#17671 = ORIENTED_EDGE('',*,*,#17672,.T.);
#17672 = EDGE_CURVE('',#17665,#17517,#17673,.T.);
#17673 = LINE('',#17674,#17675);
#17674 = CARTESIAN_POINT('',(0.9,-0.25,2.999999999998));
#17675 = VECTOR('',#17676,1.);
#17676 = DIRECTION('',(1.33E-15,-1.,1.67E-15));
#17677 = PLANE('',#17678);
#17678 = AXIS2_PLACEMENT_3D('',#17679,#17680,#17681);
#17679 = CARTESIAN_POINT('',(-1.2,2.5,2.999999999998));
#17680 = DIRECTION('',(2.39E-15,7.8E-16,-1.));
#17681 = DIRECTION('',(1.78E-15,-1.,-7.8E-16));
#17682 = ADVANCED_FACE('',(#17683),#17701,.T.);
#17683 = FACE_BOUND('',#17684,.T.);
#17684 = EDGE_LOOP('',(#17685,#17693,#17694,#17695));
#17685 = ORIENTED_EDGE('',*,*,#17686,.T.);
#17686 = EDGE_CURVE('',#17687,#17038,#17689,.T.);
#17687 = VERTEX_POINT('',#17688);
#17688 = CARTESIAN_POINT('',(0.9,1.65,2.999999999999));
#17689 = LINE('',#17690,#17691);
#17690 = CARTESIAN_POINT('',(9.526179507022,1.65,3.));
#17691 = VECTOR('',#17692,1.);
#17692 = DIRECTION('',(-1.,7.8E-16,-6.E-17));
#17693 = ORIENTED_EDGE('',*,*,#17037,.T.);
#17694 = ORIENTED_EDGE('',*,*,#17612,.T.);
#17695 = ORIENTED_EDGE('',*,*,#17696,.T.);
#17696 = EDGE_CURVE('',#17605,#17687,#17697,.T.);
#17697 = LINE('',#17698,#17699);
#17698 = CARTESIAN_POINT('',(0.9,-0.25,2.999999999998));
#17699 = VECTOR('',#17700,1.);
#17700 = DIRECTION('',(1.33E-15,-1.,1.67E-15));
#17701 = PLANE('',#17702);
#17702 = AXIS2_PLACEMENT_3D('',#17703,#17704,#17705);
#17703 = CARTESIAN_POINT('',(-1.2,2.5,2.999999999998));
#17704 = DIRECTION('',(2.39E-15,7.8E-16,-1.));
#17705 = DIRECTION('',(1.78E-15,-1.,-7.8E-16));
#17706 = ADVANCED_FACE('',(#17707),#17725,.T.);
#17707 = FACE_BOUND('',#17708,.T.);
#17708 = EDGE_LOOP('',(#17709,#17717,#17718,#17719));
#17709 = ORIENTED_EDGE('',*,*,#17710,.F.);
#17710 = EDGE_CURVE('',#17665,#17711,#17713,.T.);
#17711 = VERTEX_POINT('',#17712);
#17712 = CARTESIAN_POINT('',(0.9,-0.463397459622,3.25));
#17713 = LINE('',#17714,#17715);
#17714 = CARTESIAN_POINT('',(0.9,-0.950069418743,2.407059440182));
#17715 = VECTOR('',#17716,1.);
#17716 = DIRECTION('',(-1.64E-15,0.5,0.866025403784));
#17717 = ORIENTED_EDGE('',*,*,#17664,.T.);
#17718 = ORIENTED_EDGE('',*,*,#17149,.F.);
#17719 = ORIENTED_EDGE('',*,*,#17720,.F.);
#17720 = EDGE_CURVE('',#17711,#17142,#17721,.T.);
#17721 = LINE('',#17722,#17723);
#17722 = CARTESIAN_POINT('',(9.526179507022,-0.463397459622,3.25));
#17723 = VECTOR('',#17724,1.);
#17724 = DIRECTION('',(-1.,7.8E-16,-6.E-17));
#17725 = PLANE('',#17726);
#17726 = AXIS2_PLACEMENT_3D('',#17727,#17728,#17729);
#17727 = CARTESIAN_POINT('',(9.526179507022,-0.607735026919,3.));
#17728 = DIRECTION('',(2.1E-16,0.866025403784,-0.5));
#17729 = DIRECTION('',(-1.73E-15,0.5,0.866025403784));
#17730 = ADVANCED_FACE('',(#17731),#17749,.T.);
#17731 = FACE_BOUND('',#17732,.T.);
#17732 = EDGE_LOOP('',(#17733,#17741,#17747,#17748));
#17733 = ORIENTED_EDGE('',*,*,#17734,.F.);
#17734 = EDGE_CURVE('',#17735,#17687,#17737,.T.);
#17735 = VERTEX_POINT('',#17736);
#17736 = CARTESIAN_POINT('',(0.9,1.505662432703,3.25));
#17737 = LINE('',#17738,#17739);
#17738 = CARTESIAN_POINT('',(0.9,1.039882486541,4.056754531899));
#17739 = VECTOR('',#17740,1.);
#17740 = DIRECTION('',(8.6E-16,0.5,-0.866025403784));
#17741 = ORIENTED_EDGE('',*,*,#17742,.T.);
#17742 = EDGE_CURVE('',#17735,#17046,#17743,.T.);
#17743 = LINE('',#17744,#17745);
#17744 = CARTESIAN_POINT('',(9.526179507022,1.505662432703,3.25));
#17745 = VECTOR('',#17746,1.);
#17746 = DIRECTION('',(-1.,7.8E-16,-6.E-17));
#17747 = ORIENTED_EDGE('',*,*,#17045,.F.);
#17748 = ORIENTED_EDGE('',*,*,#17686,.F.);
#17749 = PLANE('',#17750);
#17750 = AXIS2_PLACEMENT_3D('',#17751,#17752,#17753);
#17751 = CARTESIAN_POINT('',(9.526179507022,1.505662432703,3.25));
#17752 = DIRECTION('',(1.17E-15,-0.866025403784,-0.5));
#17753 = DIRECTION('',(9.6E-16,0.5,-0.866025403784));
#17754 = ADVANCED_FACE('',(#17755),#17773,.T.);
#17755 = FACE_BOUND('',#17756,.T.);
#17756 = EDGE_LOOP('',(#17757,#17765,#17766,#17767));
#17757 = ORIENTED_EDGE('',*,*,#17758,.F.);
#17758 = EDGE_CURVE('',#17711,#17759,#17761,.T.);
#17759 = VERTEX_POINT('',#17760);
#17760 = CARTESIAN_POINT('',(0.9,-0.319059892324,2.999999999999));
#17761 = LINE('',#17762,#17763);
#17762 = CARTESIAN_POINT('',(0.9,-0.683044919243,3.630440559818));
#17763 = VECTOR('',#17764,1.);
#17764 = DIRECTION('',(8.6E-16,0.5,-0.866025403784));
#17765 = ORIENTED_EDGE('',*,*,#17720,.T.);
#17766 = ORIENTED_EDGE('',*,*,#17141,.F.);
#17767 = ORIENTED_EDGE('',*,*,#17768,.F.);
#17768 = EDGE_CURVE('',#17759,#17134,#17769,.T.);
#17769 = LINE('',#17770,#17771);
#17770 = CARTESIAN_POINT('',(9.526179507022,-0.319059892324,3.));
#17771 = VECTOR('',#17772,1.);
#17772 = DIRECTION('',(-1.,7.8E-16,-6.E-17));
#17773 = PLANE('',#17774);
#17774 = AXIS2_PLACEMENT_3D('',#17775,#17776,#17777);
#17775 = CARTESIAN_POINT('',(9.526179507022,-0.463397459622,3.25));
#17776 = DIRECTION('',(1.17E-15,-0.866025403784,-0.5));
#17777 = DIRECTION('',(9.6E-16,0.5,-0.866025403784));
#17778 = ADVANCED_FACE('',(#17779),#17797,.T.);
#17779 = FACE_BOUND('',#17780,.T.);
#17780 = EDGE_LOOP('',(#17781,#17789,#17795,#17796));
#17781 = ORIENTED_EDGE('',*,*,#17782,.F.);
#17782 = EDGE_CURVE('',#17783,#17735,#17785,.T.);
#17783 = VERTEX_POINT('',#17784);
#17784 = CARTESIAN_POINT('',(0.9,1.361324865405,2.999999999999));
#17785 = LINE('',#17786,#17787);
#17786 = CARTESIAN_POINT('',(0.9,0.77285798704,1.980745468101));
#17787 = VECTOR('',#17788,1.);
#17788 = DIRECTION('',(-1.64E-15,0.5,0.866025403784));
#17789 = ORIENTED_EDGE('',*,*,#17790,.T.);
#17790 = EDGE_CURVE('',#17783,#17054,#17791,.T.);
#17791 = LINE('',#17792,#17793);
#17792 = CARTESIAN_POINT('',(9.526179507022,1.361324865405,3.));
#17793 = VECTOR('',#17794,1.);
#17794 = DIRECTION('',(-1.,7.8E-16,-6.E-17));
#17795 = ORIENTED_EDGE('',*,*,#17053,.F.);
#17796 = ORIENTED_EDGE('',*,*,#17742,.F.);
#17797 = PLANE('',#17798);
#17798 = AXIS2_PLACEMENT_3D('',#17799,#17800,#17801);
#17799 = CARTESIAN_POINT('',(9.526179507022,1.361324865405,3.));
#17800 = DIRECTION('',(2.1E-16,0.866025403784,-0.5));
#17801 = DIRECTION('',(-1.73E-15,0.5,0.866025403784));
#17802 = ADVANCED_FACE('',(#17803),#17821,.T.);
#17803 = FACE_BOUND('',#17804,.T.);
#17804 = EDGE_LOOP('',(#17805,#17806,#17807,#17815));
#17805 = ORIENTED_EDGE('',*,*,#17768,.T.);
#17806 = ORIENTED_EDGE('',*,*,#17133,.T.);
#17807 = ORIENTED_EDGE('',*,*,#17808,.F.);
#17808 = EDGE_CURVE('',#17809,#17126,#17811,.T.);
#17809 = VERTEX_POINT('',#17810);
#17810 = CARTESIAN_POINT('',(0.9,-0.115470053838,2.999999999999));
#17811 = LINE('',#17812,#17813);
#17812 = CARTESIAN_POINT('',(9.526179507022,-0.115470053838,3.));
#17813 = VECTOR('',#17814,1.);
#17814 = DIRECTION('',(-1.,7.8E-16,-6.E-17));
#17815 = ORIENTED_EDGE('',*,*,#17816,.T.);
#17816 = EDGE_CURVE('',#17809,#17759,#17817,.T.);
#17817 = LINE('',#17818,#17819);
#17818 = CARTESIAN_POINT('',(0.9,-0.25,2.999999999998));
#17819 = VECTOR('',#17820,1.);
#17820 = DIRECTION('',(1.33E-15,-1.,1.67E-15));
#17821 = PLANE('',#17822);
#17822 = AXIS2_PLACEMENT_3D('',#17823,#17824,#17825);
#17823 = CARTESIAN_POINT('',(-1.2,2.5,2.999999999998));
#17824 = DIRECTION('',(2.39E-15,7.8E-16,-1.));
#17825 = DIRECTION('',(1.78E-15,-1.,-7.8E-16));
#17826 = ADVANCED_FACE('',(#17827),#17845,.T.);
#17827 = FACE_BOUND('',#17828,.T.);
#17828 = EDGE_LOOP('',(#17829,#17837,#17838,#17839));
#17829 = ORIENTED_EDGE('',*,*,#17830,.T.);
#17830 = EDGE_CURVE('',#17831,#17062,#17833,.T.);
#17831 = VERTEX_POINT('',#17832);
#17832 = CARTESIAN_POINT('',(0.9,1.157735026919,2.999999999999));
#17833 = LINE('',#17834,#17835);
#17834 = CARTESIAN_POINT('',(9.526179507022,1.157735026919,3.));
#17835 = VECTOR('',#17836,1.);
#17836 = DIRECTION('',(-1.,7.8E-16,-6.E-17));
#17837 = ORIENTED_EDGE('',*,*,#17061,.T.);
#17838 = ORIENTED_EDGE('',*,*,#17790,.F.);
#17839 = ORIENTED_EDGE('',*,*,#17840,.T.);
#17840 = EDGE_CURVE('',#17783,#17831,#17841,.T.);
#17841 = LINE('',#17842,#17843);
#17842 = CARTESIAN_POINT('',(0.9,-0.25,2.999999999998));
#17843 = VECTOR('',#17844,1.);
#17844 = DIRECTION('',(1.33E-15,-1.,1.67E-15));
#17845 = PLANE('',#17846);
#17846 = AXIS2_PLACEMENT_3D('',#17847,#17848,#17849);
#17847 = CARTESIAN_POINT('',(-1.2,2.5,2.999999999998));
#17848 = DIRECTION('',(2.39E-15,7.8E-16,-1.));
#17849 = DIRECTION('',(1.78E-15,-1.,-7.8E-16));
#17850 = ADVANCED_FACE('',(#17851),#17869,.T.);
#17851 = FACE_BOUND('',#17852,.T.);
#17852 = EDGE_LOOP('',(#17853,#17861,#17862,#17863));
#17853 = ORIENTED_EDGE('',*,*,#17854,.F.);
#17854 = EDGE_CURVE('',#17809,#17855,#17857,.T.);
#17855 = VERTEX_POINT('',#17856);
#17856 = CARTESIAN_POINT('',(0.9,2.886751345948E-02,3.25));
#17857 = LINE('',#17858,#17859);
#17858 = CARTESIAN_POINT('',(0.9,-0.519337567297,2.300480947162));
#17859 = VECTOR('',#17860,1.);
#17860 = DIRECTION('',(-1.64E-15,0.5,0.866025403784));
#17861 = ORIENTED_EDGE('',*,*,#17808,.T.);
#17862 = ORIENTED_EDGE('',*,*,#17125,.F.);
#17863 = ORIENTED_EDGE('',*,*,#17864,.F.);
#17864 = EDGE_CURVE('',#17855,#17118,#17865,.T.);
#17865 = LINE('',#17866,#17867);
#17866 = CARTESIAN_POINT('',(9.526179507022,2.886751345947E-02,3.25));
#17867 = VECTOR('',#17868,1.);
#17868 = DIRECTION('',(-1.,7.8E-16,-6.E-17));
#17869 = PLANE('',#17870);
#17870 = AXIS2_PLACEMENT_3D('',#17871,#17872,#17873);
#17871 = CARTESIAN_POINT('',(9.526179507022,-0.115470053838,3.));
#17872 = DIRECTION('',(2.1E-16,0.866025403784,-0.5));
#17873 = DIRECTION('',(-1.73E-15,0.5,0.866025403784));
#17874 = ADVANCED_FACE('',(#17875),#17893,.T.);
#17875 = FACE_BOUND('',#17876,.T.);
#17876 = EDGE_LOOP('',(#17877,#17885,#17891,#17892));
#17877 = ORIENTED_EDGE('',*,*,#17878,.F.);
#17878 = EDGE_CURVE('',#17879,#17831,#17881,.T.);
#17879 = VERTEX_POINT('',#17880);
#17880 = CARTESIAN_POINT('',(0.9,1.013397459622,3.25));
#17881 = LINE('',#17882,#17883);
#17882 = CARTESIAN_POINT('',(0.9,0.609150635095,3.950176038879));
#17883 = VECTOR('',#17884,1.);
#17884 = DIRECTION('',(8.6E-16,0.5,-0.866025403784));
#17885 = ORIENTED_EDGE('',*,*,#17886,.T.);
#17886 = EDGE_CURVE('',#17879,#17070,#17887,.T.);
#17887 = LINE('',#17888,#17889);
#17888 = CARTESIAN_POINT('',(9.526179507022,1.013397459622,3.25));
#17889 = VECTOR('',#17890,1.);
#17890 = DIRECTION('',(-1.,7.8E-16,-6.E-17));
#17891 = ORIENTED_EDGE('',*,*,#17069,.F.);
#17892 = ORIENTED_EDGE('',*,*,#17830,.F.);
#17893 = PLANE('',#17894);
#17894 = AXIS2_PLACEMENT_3D('',#17895,#17896,#17897);
#17895 = CARTESIAN_POINT('',(9.526179507022,1.013397459622,3.25));
#17896 = DIRECTION('',(1.17E-15,-0.866025403784,-0.5));
#17897 = DIRECTION('',(9.6E-16,0.5,-0.866025403784));
#17898 = ADVANCED_FACE('',(#17899),#17917,.T.);
#17899 = FACE_BOUND('',#17900,.T.);
#17900 = EDGE_LOOP('',(#17901,#17909,#17910,#17911));
#17901 = ORIENTED_EDGE('',*,*,#17902,.F.);
#17902 = EDGE_CURVE('',#17855,#17903,#17905,.T.);
#17903 = VERTEX_POINT('',#17904);
#17904 = CARTESIAN_POINT('',(0.9,0.173205080757,2.999999999999));
#17905 = LINE('',#17906,#17907);
#17906 = CARTESIAN_POINT('',(0.9,-0.252313067797,3.737019052838));
#17907 = VECTOR('',#17908,1.);
#17908 = DIRECTION('',(8.6E-16,0.5,-0.866025403784));
#17909 = ORIENTED_EDGE('',*,*,#17864,.T.);
#17910 = ORIENTED_EDGE('',*,*,#17117,.F.);
#17911 = ORIENTED_EDGE('',*,*,#17912,.F.);
#17912 = EDGE_CURVE('',#17903,#17110,#17913,.T.);
#17913 = LINE('',#17914,#17915);
#17914 = CARTESIAN_POINT('',(9.526179507022,0.173205080757,3.));
#17915 = VECTOR('',#17916,1.);
#17916 = DIRECTION('',(-1.,7.8E-16,-6.E-17));
#17917 = PLANE('',#17918);
#17918 = AXIS2_PLACEMENT_3D('',#17919,#17920,#17921);
#17919 = CARTESIAN_POINT('',(9.526179507022,2.886751345947E-02,3.25));
#17920 = DIRECTION('',(1.17E-15,-0.866025403784,-0.5));
#17921 = DIRECTION('',(9.6E-16,0.5,-0.866025403784));
#17922 = ADVANCED_FACE('',(#17923),#17941,.T.);
#17923 = FACE_BOUND('',#17924,.T.);
#17924 = EDGE_LOOP('',(#17925,#17933,#17939,#17940));
#17925 = ORIENTED_EDGE('',*,*,#17926,.F.);
#17926 = EDGE_CURVE('',#17927,#17879,#17929,.T.);
#17927 = VERTEX_POINT('',#17928);
#17928 = CARTESIAN_POINT('',(0.9,0.869059892324,2.999999999999));
#17929 = LINE('',#17930,#17931);
#17930 = CARTESIAN_POINT('',(0.9,0.342126135594,2.087323961121));
#17931 = VECTOR('',#17932,1.);
#17932 = DIRECTION('',(-1.64E-15,0.5,0.866025403784));
#17933 = ORIENTED_EDGE('',*,*,#17934,.T.);
#17934 = EDGE_CURVE('',#17927,#17078,#17935,.T.);
#17935 = LINE('',#17936,#17937);
#17936 = CARTESIAN_POINT('',(9.526179507022,0.869059892324,3.));
#17937 = VECTOR('',#17938,1.);
#17938 = DIRECTION('',(-1.,7.8E-16,-6.E-17));
#17939 = ORIENTED_EDGE('',*,*,#17077,.F.);
#17940 = ORIENTED_EDGE('',*,*,#17886,.F.);
#17941 = PLANE('',#17942);
#17942 = AXIS2_PLACEMENT_3D('',#17943,#17944,#17945);
#17943 = CARTESIAN_POINT('',(9.526179507022,0.869059892324,3.));
#17944 = DIRECTION('',(2.1E-16,0.866025403784,-0.5));
#17945 = DIRECTION('',(-1.73E-15,0.5,0.866025403784));
#17946 = ADVANCED_FACE('',(#17947),#17965,.T.);
#17947 = FACE_BOUND('',#17948,.T.);
#17948 = EDGE_LOOP('',(#17949,#17950,#17951,#17959));
#17949 = ORIENTED_EDGE('',*,*,#17912,.T.);
#17950 = ORIENTED_EDGE('',*,*,#17109,.T.);
#17951 = ORIENTED_EDGE('',*,*,#17952,.F.);
#17952 = EDGE_CURVE('',#17953,#17102,#17955,.T.);
#17953 = VERTEX_POINT('',#17954);
#17954 = CARTESIAN_POINT('',(0.9,0.376794919243,2.999999999999));
#17955 = LINE('',#17956,#17957);
#17956 = CARTESIAN_POINT('',(9.526179507022,0.376794919243,3.));
#17957 = VECTOR('',#17958,1.);
#17958 = DIRECTION('',(-1.,7.8E-16,-6.E-17));
#17959 = ORIENTED_EDGE('',*,*,#17960,.T.);
#17960 = EDGE_CURVE('',#17953,#17903,#17961,.T.);
#17961 = LINE('',#17962,#17963);
#17962 = CARTESIAN_POINT('',(0.9,-0.25,2.999999999998));
#17963 = VECTOR('',#17964,1.);
#17964 = DIRECTION('',(1.33E-15,-1.,1.67E-15));
#17965 = PLANE('',#17966);
#17966 = AXIS2_PLACEMENT_3D('',#17967,#17968,#17969);
#17967 = CARTESIAN_POINT('',(-1.2,2.5,2.999999999998));
#17968 = DIRECTION('',(2.39E-15,7.8E-16,-1.));
#17969 = DIRECTION('',(1.78E-15,-1.,-7.8E-16));
#17970 = ADVANCED_FACE('',(#17971),#17989,.T.);
#17971 = FACE_BOUND('',#17972,.T.);
#17972 = EDGE_LOOP('',(#17973,#17981,#17982,#17983));
#17973 = ORIENTED_EDGE('',*,*,#17974,.T.);
#17974 = EDGE_CURVE('',#17975,#17086,#17977,.T.);
#17975 = VERTEX_POINT('',#17976);
#17976 = CARTESIAN_POINT('',(0.9,0.665470053838,2.999999999999));
#17977 = LINE('',#17978,#17979);
#17978 = CARTESIAN_POINT('',(9.526179507022,0.665470053838,3.));
#17979 = VECTOR('',#17980,1.);
#17980 = DIRECTION('',(-1.,7.8E-16,-6.E-17));
#17981 = ORIENTED_EDGE('',*,*,#17085,.T.);
#17982 = ORIENTED_EDGE('',*,*,#17934,.F.);
#17983 = ORIENTED_EDGE('',*,*,#17984,.T.);
#17984 = EDGE_CURVE('',#17927,#17975,#17985,.T.);
#17985 = LINE('',#17986,#17987);
#17986 = CARTESIAN_POINT('',(0.9,-0.25,2.999999999998));
#17987 = VECTOR('',#17988,1.);
#17988 = DIRECTION('',(1.33E-15,-1.,1.67E-15));
#17989 = PLANE('',#17990);
#17990 = AXIS2_PLACEMENT_3D('',#17991,#17992,#17993);
#17991 = CARTESIAN_POINT('',(-1.2,2.5,2.999999999998));
#17992 = DIRECTION('',(2.39E-15,7.8E-16,-1.));
#17993 = DIRECTION('',(1.78E-15,-1.,-7.8E-16));
#17994 = ADVANCED_FACE('',(#17995),#18013,.T.);
#17995 = FACE_BOUND('',#17996,.T.);
#17996 = EDGE_LOOP('',(#17997,#18005,#18006,#18007));
#17997 = ORIENTED_EDGE('',*,*,#17998,.F.);
#17998 = EDGE_CURVE('',#17953,#17999,#18001,.T.);
#17999 = VERTEX_POINT('',#18000);
#18000 = CARTESIAN_POINT('',(0.9,0.521132486541,3.25));
#18001 = LINE('',#18002,#18003);
#18002 = CARTESIAN_POINT('',(0.9,-8.86057158515E-02,2.193902454141));
#18003 = VECTOR('',#18004,1.);
#18004 = DIRECTION('',(-1.64E-15,0.5,0.866025403784));
#18005 = ORIENTED_EDGE('',*,*,#17952,.T.);
#18006 = ORIENTED_EDGE('',*,*,#17101,.F.);
#18007 = ORIENTED_EDGE('',*,*,#18008,.F.);
#18008 = EDGE_CURVE('',#17999,#17094,#18009,.T.);
#18009 = LINE('',#18010,#18011);
#18010 = CARTESIAN_POINT('',(9.526179507022,0.521132486541,3.25));
#18011 = VECTOR('',#18012,1.);
#18012 = DIRECTION('',(-1.,7.8E-16,-6.E-17));
#18013 = PLANE('',#18014);
#18014 = AXIS2_PLACEMENT_3D('',#18015,#18016,#18017);
#18015 = CARTESIAN_POINT('',(9.526179507022,0.376794919243,3.));
#18016 = DIRECTION('',(2.1E-16,0.866025403784,-0.5));
#18017 = DIRECTION('',(-1.73E-15,0.5,0.866025403784));
#18018 = ADVANCED_FACE('',(#18019),#18030,.T.);
#18019 = FACE_BOUND('',#18020,.T.);
#18020 = EDGE_LOOP('',(#18021,#18027,#18028,#18029));
#18021 = ORIENTED_EDGE('',*,*,#18022,.F.);
#18022 = EDGE_CURVE('',#17999,#17975,#18023,.T.);
#18023 = LINE('',#18024,#18025);
#18024 = CARTESIAN_POINT('',(0.9,0.178418783649,3.843597545859));
#18025 = VECTOR('',#18026,1.);
#18026 = DIRECTION('',(8.6E-16,0.5,-0.866025403784));
#18027 = ORIENTED_EDGE('',*,*,#18008,.T.);
#18028 = ORIENTED_EDGE('',*,*,#17093,.F.);
#18029 = ORIENTED_EDGE('',*,*,#17974,.F.);
#18030 = PLANE('',#18031);
#18031 = AXIS2_PLACEMENT_3D('',#18032,#18033,#18034);
#18032 = CARTESIAN_POINT('',(9.526179507022,0.521132486541,3.25));
#18033 = DIRECTION('',(1.17E-15,-0.866025403784,-0.5));
#18034 = DIRECTION('',(9.6E-16,0.5,-0.866025403784));
#18035 = ADVANCED_FACE('',(#18036),#18054,.T.);
#18036 = FACE_BOUND('',#18037,.T.);
#18037 = EDGE_LOOP('',(#18038,#18039,#18040,#18048));
#18038 = ORIENTED_EDGE('',*,*,#17212,.F.);
#18039 = ORIENTED_EDGE('',*,*,#17260,.T.);
#18040 = ORIENTED_EDGE('',*,*,#18041,.T.);
#18041 = EDGE_CURVE('',#17253,#18042,#18044,.T.);
#18042 = VERTEX_POINT('',#18043);
#18043 = CARTESIAN_POINT('',(0.7,-2.5,3.199999999998));
#18044 = LINE('',#18045,#18046);
#18045 = CARTESIAN_POINT('',(-0.9,-2.5,3.199999999998));
#18046 = VECTOR('',#18047,1.);
#18047 = DIRECTION('',(1.,-1.78E-15,1.05E-15));
#18048 = ORIENTED_EDGE('',*,*,#18049,.T.);
#18049 = EDGE_CURVE('',#18042,#17213,#18050,.T.);
#18050 = LINE('',#18051,#18052);
#18051 = CARTESIAN_POINT('',(0.7,-2.5,2.999999999998));
#18052 = VECTOR('',#18053,1.);
#18053 = DIRECTION('',(-1.67E-15,1.44E-15,1.));
#18054 = PLANE('',#18055);
#18055 = AXIS2_PLACEMENT_3D('',#18056,#18057,#18058);
#18056 = CARTESIAN_POINT('',(-1.2,-2.5,2.999999999998));
#18057 = DIRECTION('',(1.55E-15,-1.,1.67E-15));
#18058 = DIRECTION('',(-2.55E-15,1.67E-15,1.));
#18059 = ADVANCED_FACE('',(#18060),#18097,.T.);
#18060 = FACE_BOUND('',#18061,.T.);
#18061 = EDGE_LOOP('',(#18062,#18063,#18064,#18065,#18066,#18067,#18068,
    #18069,#18070,#18071,#18072,#18073,#18074,#18075,#18076,#18077,
    #18078,#18079,#18080,#18081,#18082,#18088,#18089,#18090,#18091));
#18062 = ORIENTED_EDGE('',*,*,#17299,.F.);
#18063 = ORIENTED_EDGE('',*,*,#17468,.T.);
#18064 = ORIENTED_EDGE('',*,*,#17516,.T.);
#18065 = ORIENTED_EDGE('',*,*,#17672,.F.);
#18066 = ORIENTED_EDGE('',*,*,#17710,.T.);
#18067 = ORIENTED_EDGE('',*,*,#17758,.T.);
#18068 = ORIENTED_EDGE('',*,*,#17816,.F.);
#18069 = ORIENTED_EDGE('',*,*,#17854,.T.);
#18070 = ORIENTED_EDGE('',*,*,#17902,.T.);
#18071 = ORIENTED_EDGE('',*,*,#17960,.F.);
#18072 = ORIENTED_EDGE('',*,*,#17998,.T.);
#18073 = ORIENTED_EDGE('',*,*,#18022,.T.);
#18074 = ORIENTED_EDGE('',*,*,#17984,.F.);
#18075 = ORIENTED_EDGE('',*,*,#17926,.T.);
#18076 = ORIENTED_EDGE('',*,*,#17878,.T.);
#18077 = ORIENTED_EDGE('',*,*,#17840,.F.);
#18078 = ORIENTED_EDGE('',*,*,#17782,.T.);
#18079 = ORIENTED_EDGE('',*,*,#17734,.T.);
#18080 = ORIENTED_EDGE('',*,*,#17696,.F.);
#18081 = ORIENTED_EDGE('',*,*,#17604,.F.);
#18082 = ORIENTED_EDGE('',*,*,#18083,.T.);
#18083 = EDGE_CURVE('',#17597,#17341,#18084,.T.);
#18084 = LINE('',#18085,#18086);
#18085 = CARTESIAN_POINT('',(0.9,-3.,2.8));
#18086 = VECTOR('',#18087,1.);
#18087 = DIRECTION('',(-1.33E-15,1.,-1.E-15));
#18088 = ORIENTED_EDGE('',*,*,#17340,.F.);
#18089 = ORIENTED_EDGE('',*,*,#17283,.F.);
#18090 = ORIENTED_EDGE('',*,*,#17228,.F.);
#18091 = ORIENTED_EDGE('',*,*,#18092,.F.);
#18092 = EDGE_CURVE('',#17302,#17221,#18093,.T.);
#18093 = LINE('',#18094,#18095);
#18094 = CARTESIAN_POINT('',(0.9,-2.3,2.999999999998));
#18095 = VECTOR('',#18096,1.);
#18096 = DIRECTION('',(-1.67E-15,1.44E-15,1.));
#18097 = PLANE('',#18098);
#18098 = AXIS2_PLACEMENT_3D('',#18099,#18100,#18101);
#18099 = CARTESIAN_POINT('',(0.9,-3.,2.8));
#18100 = DIRECTION('',(1.,-4.4E-16,-1.1E-16));
#18101 = DIRECTION('',(1.1E-16,-1.E-15,1.));
#18102 = ADVANCED_FACE('',(#18103),#18114,.T.);
#18103 = FACE_BOUND('',#18104,.T.);
#18104 = EDGE_LOOP('',(#18105,#18111,#18112,#18113));
#18105 = ORIENTED_EDGE('',*,*,#18106,.T.);
#18106 = EDGE_CURVE('',#18042,#17302,#18107,.T.);
#18107 = LINE('',#18108,#18109);
#18108 = CARTESIAN_POINT('',(0.533333333333,-2.666666666667,
    3.366666666665));
#18109 = VECTOR('',#18110,1.);
#18110 = DIRECTION('',(0.57735026919,0.57735026919,-0.57735026919));
#18111 = ORIENTED_EDGE('',*,*,#18092,.T.);
#18112 = ORIENTED_EDGE('',*,*,#17220,.T.);
#18113 = ORIENTED_EDGE('',*,*,#18049,.F.);
#18114 = PLANE('',#18115);
#18115 = AXIS2_PLACEMENT_3D('',#18116,#18117,#18118);
#18116 = CARTESIAN_POINT('',(0.8,-2.4,2.999999999998));
#18117 = DIRECTION('',(0.707106781187,-0.707106781187,2.2E-15));
#18118 = DIRECTION('',(-1.66563491861E-15,1.44563491861E-15,1.));
#18119 = ADVANCED_FACE('',(#18120),#18126,.T.);
#18120 = FACE_BOUND('',#18121,.F.);
#18121 = EDGE_LOOP('',(#18122,#18123,#18124,#18125));
#18122 = ORIENTED_EDGE('',*,*,#17252,.T.);
#18123 = ORIENTED_EDGE('',*,*,#18041,.T.);
#18124 = ORIENTED_EDGE('',*,*,#18106,.T.);
#18125 = ORIENTED_EDGE('',*,*,#17309,.F.);
#18126 = PLANE('',#18127);
#18127 = AXIS2_PLACEMENT_3D('',#18128,#18129,#18130);
#18128 = CARTESIAN_POINT('',(-0.9,-2.4,3.099999999998));
#18129 = DIRECTION('',(1.36E-15,-0.707106781187,-0.707106781187));
#18130 = DIRECTION('',(-1.,4.533347775863E-16,-2.376665222414E-15));
#18131 = ADVANCED_FACE('',(#18132),#18143,.F.);
#18132 = FACE_BOUND('',#18133,.F.);
#18133 = EDGE_LOOP('',(#18134,#18135,#18141,#18142));
#18134 = ORIENTED_EDGE('',*,*,#17540,.F.);
#18135 = ORIENTED_EDGE('',*,*,#18136,.F.);
#18136 = EDGE_CURVE('',#17397,#17541,#18137,.T.);
#18137 = LINE('',#18138,#18139);
#18138 = CARTESIAN_POINT('',(-1.2,1.247322696217,0.75));
#18139 = VECTOR('',#18140,1.);
#18140 = DIRECTION('',(-6.7E-16,-1.,5.6E-16));
#18141 = ORIENTED_EDGE('',*,*,#17404,.F.);
#18142 = ORIENTED_EDGE('',*,*,#17502,.T.);
#18143 = PLANE('',#18144);
#18144 = AXIS2_PLACEMENT_3D('',#18145,#18146,#18147);
#18145 = CARTESIAN_POINT('',(-1.2,0.774970099209,1.104489588366));
#18146 = DIRECTION('',(1.,-1.11E-15,-5.6E-16));
#18147 = DIRECTION('',(5.6E-16,-1.44E-15,1.));
#18148 = ADVANCED_FACE('',(#18149),#18160,.F.);
#18149 = FACE_BOUND('',#18150,.F.);
#18150 = EDGE_LOOP('',(#18151,#18152,#18153,#18154));
#18151 = ORIENTED_EDGE('',*,*,#17396,.F.);
#18152 = ORIENTED_EDGE('',*,*,#18136,.T.);
#18153 = ORIENTED_EDGE('',*,*,#17548,.F.);
#18154 = ORIENTED_EDGE('',*,*,#18155,.F.);
#18155 = EDGE_CURVE('',#17389,#17549,#18156,.T.);
#18156 = LINE('',#18157,#18158);
#18157 = CARTESIAN_POINT('',(-0.8,3.1,0.75));
#18158 = VECTOR('',#18159,1.);
#18159 = DIRECTION('',(8.9E-16,-1.,7.8E-16));
#18160 = PLANE('',#18161);
#18161 = AXIS2_PLACEMENT_3D('',#18162,#18163,#18164);
#18162 = CARTESIAN_POINT('',(-1.78E-15,1.719675293224,0.75));
#18163 = DIRECTION('',(-1.E-15,-5.6E-16,1.));
#18164 = DIRECTION('',(1.,-4.4E-16,1.E-15));
#18165 = ADVANCED_FACE('',(#18166),#18202,.F.);
#18166 = FACE_BOUND('',#18167,.F.);
#18167 = EDGE_LOOP('',(#18168,#18177,#18178,#18179,#18180,#18188,#18196)
  );
#18168 = ORIENTED_EDGE('',*,*,#18169,.F.);
#18169 = EDGE_CURVE('',#17381,#18170,#18172,.T.);
#18170 = VERTEX_POINT('',#18171);
#18171 = CARTESIAN_POINT('',(-0.8,2.600000000001,-5.E-15));
#18172 = CIRCLE('',#18173,0.5);
#18173 = AXIS2_PLACEMENT_3D('',#18174,#18175,#18176);
#18174 = CARTESIAN_POINT('',(-0.8,2.600000000001,0.5));
#18175 = DIRECTION('',(-1.,4.4E-16,-1.67E-15));
#18176 = DIRECTION('',(4.4E-16,1.,-2.33E-15));
#18177 = ORIENTED_EDGE('',*,*,#17388,.T.);
#18178 = ORIENTED_EDGE('',*,*,#18155,.T.);
#18179 = ORIENTED_EDGE('',*,*,#17556,.F.);
#18180 = ORIENTED_EDGE('',*,*,#18181,.F.);
#18181 = EDGE_CURVE('',#18182,#17557,#18184,.T.);
#18182 = VERTEX_POINT('',#18183);
#18183 = CARTESIAN_POINT('',(-0.8,0.85,0.6));
#18184 = LINE('',#18185,#18186);
#18185 = CARTESIAN_POINT('',(-0.8,1.65,0.6));
#18186 = VECTOR('',#18187,1.);
#18187 = DIRECTION('',(-6.7E-16,1.,-1.44E-15));
#18188 = ORIENTED_EDGE('',*,*,#18189,.F.);
#18189 = EDGE_CURVE('',#18190,#18182,#18192,.T.);
#18190 = VERTEX_POINT('',#18191);
#18191 = CARTESIAN_POINT('',(-0.8,0.85,-1.E-15));
#18192 = LINE('',#18193,#18194);
#18193 = CARTESIAN_POINT('',(-0.8,0.85,-5.7E-16));
#18194 = VECTOR('',#18195,1.);
#18195 = DIRECTION('',(-1.E-15,-3.3E-16,1.));
#18196 = ORIENTED_EDGE('',*,*,#18197,.F.);
#18197 = EDGE_CURVE('',#18170,#18190,#18198,.T.);
#18198 = LINE('',#18199,#18200);
#18199 = CARTESIAN_POINT('',(-0.8,3.1,-2.14E-15));
#18200 = VECTOR('',#18201,1.);
#18201 = DIRECTION('',(8.9E-16,-1.,7.8E-16));
#18202 = PLANE('',#18203);
#18203 = AXIS2_PLACEMENT_3D('',#18204,#18205,#18206);
#18204 = CARTESIAN_POINT('',(-0.8,3.1,-2.32E-15));
#18205 = DIRECTION('',(1.,-2.2E-16,1.1E-16));
#18206 = DIRECTION('',(-2.2E-16,-1.,7.8E-16));
#18207 = ADVANCED_FACE('',(#18208),#18227,.T.);
#18208 = FACE_BOUND('',#18209,.F.);
#18209 = EDGE_LOOP('',(#18210,#18211,#18219,#18226));
#18210 = ORIENTED_EDGE('',*,*,#18169,.T.);
#18211 = ORIENTED_EDGE('',*,*,#18212,.T.);
#18212 = EDGE_CURVE('',#18170,#18213,#18215,.T.);
#18213 = VERTEX_POINT('',#18214);
#18214 = CARTESIAN_POINT('',(0.8,2.600000000001,-4.E-15));
#18215 = LINE('',#18216,#18217);
#18216 = CARTESIAN_POINT('',(-1.2,2.600000000001,-4.57E-15));
#18217 = VECTOR('',#18218,1.);
#18218 = DIRECTION('',(1.,-1.11E-15,-2.8E-16));
#18219 = ORIENTED_EDGE('',*,*,#18220,.F.);
#18220 = EDGE_CURVE('',#17373,#18213,#18221,.T.);
#18221 = CIRCLE('',#18222,0.5);
#18222 = AXIS2_PLACEMENT_3D('',#18223,#18224,#18225);
#18223 = CARTESIAN_POINT('',(0.8,2.600000000001,0.5));
#18224 = DIRECTION('',(-1.,4.4E-16,-1.67E-15));
#18225 = DIRECTION('',(4.4E-16,1.,-2.33E-15));
#18226 = ORIENTED_EDGE('',*,*,#17380,.F.);
#18227 = CYLINDRICAL_SURFACE('',#18228,0.5);
#18228 = AXIS2_PLACEMENT_3D('',#18229,#18230,#18231);
#18229 = CARTESIAN_POINT('',(-1.2,2.600000000001,0.5));
#18230 = DIRECTION('',(-1.,8.9E-16,1.1E-16));
#18231 = DIRECTION('',(8.9E-16,1.,-1.89E-15));
#18232 = ADVANCED_FACE('',(#18233),#18244,.T.);
#18233 = FACE_BOUND('',#18234,.T.);
#18234 = EDGE_LOOP('',(#18235,#18236,#18237,#18243));
#18235 = ORIENTED_EDGE('',*,*,#18083,.F.);
#18236 = ORIENTED_EDGE('',*,*,#17596,.F.);
#18237 = ORIENTED_EDGE('',*,*,#18238,.F.);
#18238 = EDGE_CURVE('',#17349,#17589,#18239,.T.);
#18239 = LINE('',#18240,#18241);
#18240 = CARTESIAN_POINT('',(1.2,-1.112514950396,2.8));
#18241 = VECTOR('',#18242,1.);
#18242 = DIRECTION('',(4.4E-16,-1.,1.E-15));
#18243 = ORIENTED_EDGE('',*,*,#17348,.F.);
#18244 = PLANE('',#18245);
#18245 = AXIS2_PLACEMENT_3D('',#18246,#18247,#18248);
#18246 = CARTESIAN_POINT('',(2.4,-3.,2.8));
#18247 = DIRECTION('',(-1.44E-15,-7.8E-16,1.));
#18248 = DIRECTION('',(-1.,6.7E-16,-1.44E-15));
#18249 = ADVANCED_FACE('',(#18250),#18283,.T.);
#18250 = FACE_BOUND('',#18251,.T.);
#18251 = EDGE_LOOP('',(#18252,#18253,#18254,#18260,#18261,#18269,#18277)
  );
#18252 = ORIENTED_EDGE('',*,*,#18220,.F.);
#18253 = ORIENTED_EDGE('',*,*,#17372,.T.);
#18254 = ORIENTED_EDGE('',*,*,#18255,.T.);
#18255 = EDGE_CURVE('',#17365,#17573,#18256,.T.);
#18256 = LINE('',#18257,#18258);
#18257 = CARTESIAN_POINT('',(0.8,3.1,0.75));
#18258 = VECTOR('',#18259,1.);
#18259 = DIRECTION('',(8.9E-16,-1.,7.8E-16));
#18260 = ORIENTED_EDGE('',*,*,#17572,.F.);
#18261 = ORIENTED_EDGE('',*,*,#18262,.F.);
#18262 = EDGE_CURVE('',#18263,#17565,#18265,.T.);
#18263 = VERTEX_POINT('',#18264);
#18264 = CARTESIAN_POINT('',(0.8,0.85,0.6));
#18265 = LINE('',#18266,#18267);
#18266 = CARTESIAN_POINT('',(0.8,1.65,0.6));
#18267 = VECTOR('',#18268,1.);
#18268 = DIRECTION('',(-6.7E-16,1.,-1.44E-15));
#18269 = ORIENTED_EDGE('',*,*,#18270,.F.);
#18270 = EDGE_CURVE('',#18271,#18263,#18273,.T.);
#18271 = VERTEX_POINT('',#18272);
#18272 = CARTESIAN_POINT('',(0.8,0.85,-1.E-15));
#18273 = LINE('',#18274,#18275);
#18274 = CARTESIAN_POINT('',(0.8,0.85,-7.5E-16));
#18275 = VECTOR('',#18276,1.);
#18276 = DIRECTION('',(-1.E-15,-3.3E-16,1.));
#18277 = ORIENTED_EDGE('',*,*,#18278,.F.);
#18278 = EDGE_CURVE('',#18213,#18271,#18279,.T.);
#18279 = LINE('',#18280,#18281);
#18280 = CARTESIAN_POINT('',(0.8,3.1,-2.68E-15));
#18281 = VECTOR('',#18282,1.);
#18282 = DIRECTION('',(8.9E-16,-1.,7.8E-16));
#18283 = PLANE('',#18284);
#18284 = AXIS2_PLACEMENT_3D('',#18285,#18286,#18287);
#18285 = CARTESIAN_POINT('',(0.8,3.1,-2.5E-15));
#18286 = DIRECTION('',(1.,-2.2E-16,1.1E-16));
#18287 = DIRECTION('',(-2.2E-16,-1.,7.8E-16));
#18288 = ADVANCED_FACE('',(#18289),#18300,.T.);
#18289 = FACE_BOUND('',#18290,.T.);
#18290 = EDGE_LOOP('',(#18291,#18292,#18298,#18299));
#18291 = ORIENTED_EDGE('',*,*,#17588,.F.);
#18292 = ORIENTED_EDGE('',*,*,#18293,.F.);
#18293 = EDGE_CURVE('',#17357,#17581,#18294,.T.);
#18294 = LINE('',#18295,#18296);
#18295 = CARTESIAN_POINT('',(1.2,1.247322696217,0.75));
#18296 = VECTOR('',#18297,1.);
#18297 = DIRECTION('',(-6.7E-16,-1.,5.6E-16));
#18298 = ORIENTED_EDGE('',*,*,#17356,.F.);
#18299 = ORIENTED_EDGE('',*,*,#18238,.T.);
#18300 = PLANE('',#18301);
#18301 = AXIS2_PLACEMENT_3D('',#18302,#18303,#18304);
#18302 = CARTESIAN_POINT('',(1.2,0.774970099209,1.104489588366));
#18303 = DIRECTION('',(1.,-1.11E-15,-5.6E-16));
#18304 = DIRECTION('',(5.6E-16,-1.44E-15,1.));
#18305 = ADVANCED_FACE('',(#18306),#18312,.F.);
#18306 = FACE_BOUND('',#18307,.F.);
#18307 = EDGE_LOOP('',(#18308,#18309,#18310,#18311));
#18308 = ORIENTED_EDGE('',*,*,#18255,.T.);
#18309 = ORIENTED_EDGE('',*,*,#17580,.F.);
#18310 = ORIENTED_EDGE('',*,*,#18293,.F.);
#18311 = ORIENTED_EDGE('',*,*,#17364,.T.);
#18312 = PLANE('',#18313);
#18313 = AXIS2_PLACEMENT_3D('',#18314,#18315,#18316);
#18314 = CARTESIAN_POINT('',(-1.78E-15,1.719675293224,0.75));
#18315 = DIRECTION('',(-1.E-15,-5.6E-16,1.));
#18316 = DIRECTION('',(1.,-4.4E-16,1.E-15));
#18317 = ADVANCED_FACE('',(#18318),#18345,.T.);
#18318 = FACE_BOUND('',#18319,.T.);
#18319 = EDGE_LOOP('',(#18320,#18321,#18329,#18338));
#18320 = ORIENTED_EDGE('',*,*,#17412,.T.);
#18321 = ORIENTED_EDGE('',*,*,#18322,.T.);
#18322 = EDGE_CURVE('',#17415,#18323,#18325,.T.);
#18323 = VERTEX_POINT('',#18324);
#18324 = CARTESIAN_POINT('',(0.6,3.588840966857,1.254525522281));
#18325 = LINE('',#18326,#18327);
#18326 = CARTESIAN_POINT('',(0.6,2.991323630351,1.199999999993));
#18327 = VECTOR('',#18328,1.);
#18328 = DIRECTION('',(-2.5E-16,0.995862227502,9.087587047949E-02));
#18329 = ORIENTED_EDGE('',*,*,#18330,.T.);
#18330 = EDGE_CURVE('',#18323,#18331,#18333,.T.);
#18331 = VERTEX_POINT('',#18332);
#18332 = CARTESIAN_POINT('',(0.6,3.235125962887,2.120668839071));
#18333 = CIRCLE('',#18334,1.6);
#18334 = AXIS2_PLACEMENT_3D('',#18335,#18336,#18337);
#18335 = CARTESIAN_POINT('',(0.6,1.995461863956,1.109119076621));
#18336 = DIRECTION('',(1.,2.2E-16,3.3E-16));
#18337 = DIRECTION('',(-2.2E-16,1.,-3.3E-16));
#18338 = ORIENTED_EDGE('',*,*,#18339,.F.);
#18339 = EDGE_CURVE('',#17413,#18331,#18340,.T.);
#18340 = CIRCLE('',#18341,0.6);
#18341 = AXIS2_PLACEMENT_3D('',#18342,#18343,#18344);
#18342 = CARTESIAN_POINT('',(0.6,3.7,2.5));
#18343 = DIRECTION('',(1.,2.2E-16,3.3E-16));
#18344 = DIRECTION('',(-2.2E-16,1.,-3.3E-16));
#18345 = PLANE('',#18346);
#18346 = AXIS2_PLACEMENT_3D('',#18347,#18348,#18349);
#18347 = CARTESIAN_POINT('',(0.6,3.038884217096,1.863754103903));
#18348 = DIRECTION('',(1.,-4.4E-16,1.1E-16));
#18349 = DIRECTION('',(-1.1E-16,-1.1E-16,1.));
#18350 = ADVANCED_FACE('',(#18351),#18385,.F.);
#18351 = FACE_BOUND('',#18352,.F.);
#18352 = EDGE_LOOP('',(#18353,#18362,#18363,#18369,#18370,#18378));
#18353 = ORIENTED_EDGE('',*,*,#18354,.F.);
#18354 = EDGE_CURVE('',#17623,#18355,#18357,.T.);
#18355 = VERTEX_POINT('',#18356);
#18356 = CARTESIAN_POINT('',(0.6,2.770251925796,1.741337678159));
#18357 = CIRCLE('',#18358,1.2);
#18358 = AXIS2_PLACEMENT_3D('',#18359,#18360,#18361);
#18359 = CARTESIAN_POINT('',(0.6,3.7,2.5));
#18360 = DIRECTION('',(1.,2.2E-16,3.3E-16));
#18361 = DIRECTION('',(-2.2E-16,1.,-3.3E-16));
#18362 = ORIENTED_EDGE('',*,*,#17632,.F.);
#18363 = ORIENTED_EDGE('',*,*,#18364,.F.);
#18364 = EDGE_CURVE('',#17447,#17633,#18365,.T.);
#18365 = LINE('',#18366,#18367);
#18366 = CARTESIAN_POINT('',(0.6,3.1,1.));
#18367 = VECTOR('',#18368,1.);
#18368 = DIRECTION('',(5.6E-16,-1.,5.6E-16));
#18369 = ORIENTED_EDGE('',*,*,#17454,.F.);
#18370 = ORIENTED_EDGE('',*,*,#18371,.F.);
#18371 = EDGE_CURVE('',#18372,#17415,#18374,.T.);
#18372 = VERTEX_POINT('',#18373);
#18373 = CARTESIAN_POINT('',(0.6,2.991323630351,1.199999999993));
#18374 = LINE('',#18375,#18376);
#18375 = CARTESIAN_POINT('',(0.6,2.991323630351,1.199999999993));
#18376 = VECTOR('',#18377,1.);
#18377 = DIRECTION('',(-2.5E-16,0.995862227502,9.087587047949E-02));
#18378 = ORIENTED_EDGE('',*,*,#18379,.T.);
#18379 = EDGE_CURVE('',#18372,#18355,#18380,.T.);
#18380 = CIRCLE('',#18381,1.);
#18381 = AXIS2_PLACEMENT_3D('',#18382,#18383,#18384);
#18382 = CARTESIAN_POINT('',(0.6,1.995461863956,1.109119076621));
#18383 = DIRECTION('',(1.,2.2E-16,3.3E-16));
#18384 = DIRECTION('',(-2.2E-16,1.,-3.3E-16));
#18385 = PLANE('',#18386);
#18386 = AXIS2_PLACEMENT_3D('',#18387,#18388,#18389);
#18387 = CARTESIAN_POINT('',(0.6,2.8,1.75));
#18388 = DIRECTION('',(1.,-5.6E-16,0.));
#18389 = DIRECTION('',(-1.848E-31,-3.3E-16,1.));
#18390 = ADVANCED_FACE('',(#18391),#18402,.T.);
#18391 = FACE_BOUND('',#18392,.T.);
#18392 = EDGE_LOOP('',(#18393,#18394,#18400,#18401));
#18393 = ORIENTED_EDGE('',*,*,#17446,.T.);
#18394 = ORIENTED_EDGE('',*,*,#18395,.T.);
#18395 = EDGE_CURVE('',#17439,#17641,#18396,.T.);
#18396 = LINE('',#18397,#18398);
#18397 = CARTESIAN_POINT('',(-0.6,3.1,1.));
#18398 = VECTOR('',#18399,1.);
#18399 = DIRECTION('',(5.6E-16,-1.,5.6E-16));
#18400 = ORIENTED_EDGE('',*,*,#17640,.F.);
#18401 = ORIENTED_EDGE('',*,*,#18364,.F.);
#18402 = PLANE('',#18403);
#18403 = AXIS2_PLACEMENT_3D('',#18404,#18405,#18406);
#18404 = CARTESIAN_POINT('',(0.6,3.1,1.));
#18405 = DIRECTION('',(-7.2E-16,3.3E-16,1.));
#18406 = DIRECTION('',(1.1E-16,-1.,3.3E-16));
#18407 = ADVANCED_FACE('',(#18408),#18435,.F.);
#18408 = FACE_BOUND('',#18409,.F.);
#18409 = EDGE_LOOP('',(#18410,#18411,#18419,#18428));
#18410 = ORIENTED_EDGE('',*,*,#17430,.T.);
#18411 = ORIENTED_EDGE('',*,*,#18412,.T.);
#18412 = EDGE_CURVE('',#17431,#18413,#18415,.T.);
#18413 = VERTEX_POINT('',#18414);
#18414 = CARTESIAN_POINT('',(-0.6,3.588840966857,1.254525522281));
#18415 = LINE('',#18416,#18417);
#18416 = CARTESIAN_POINT('',(-0.6,2.991323630351,1.199999999993));
#18417 = VECTOR('',#18418,1.);
#18418 = DIRECTION('',(-2.5E-16,0.995862227502,9.087587047949E-02));
#18419 = ORIENTED_EDGE('',*,*,#18420,.T.);
#18420 = EDGE_CURVE('',#18413,#18421,#18423,.T.);
#18421 = VERTEX_POINT('',#18422);
#18422 = CARTESIAN_POINT('',(-0.6,3.235125962887,2.120668839071));
#18423 = CIRCLE('',#18424,1.6);
#18424 = AXIS2_PLACEMENT_3D('',#18425,#18426,#18427);
#18425 = CARTESIAN_POINT('',(-0.6,1.995461863956,1.109119076621));
#18426 = DIRECTION('',(1.,2.2E-16,3.3E-16));
#18427 = DIRECTION('',(-2.2E-16,1.,-3.3E-16));
#18428 = ORIENTED_EDGE('',*,*,#18429,.F.);
#18429 = EDGE_CURVE('',#17423,#18421,#18430,.T.);
#18430 = CIRCLE('',#18431,0.6);
#18431 = AXIS2_PLACEMENT_3D('',#18432,#18433,#18434);
#18432 = CARTESIAN_POINT('',(-0.6,3.7,2.5));
#18433 = DIRECTION('',(1.,2.2E-16,3.3E-16));
#18434 = DIRECTION('',(-2.2E-16,1.,-3.3E-16));
#18435 = PLANE('',#18436);
#18436 = AXIS2_PLACEMENT_3D('',#18437,#18438,#18439);
#18437 = CARTESIAN_POINT('',(-0.6,3.038884217096,1.863754103903));
#18438 = DIRECTION('',(1.,-4.4E-16,1.1E-16));
#18439 = DIRECTION('',(-1.1E-16,-1.1E-16,1.));
#18440 = ADVANCED_FACE('',(#18441),#18470,.T.);
#18441 = FACE_BOUND('',#18442,.T.);
#18442 = EDGE_LOOP('',(#18443,#18452,#18453,#18454,#18455,#18463));
#18443 = ORIENTED_EDGE('',*,*,#18444,.F.);
#18444 = EDGE_CURVE('',#17625,#18445,#18447,.T.);
#18445 = VERTEX_POINT('',#18446);
#18446 = CARTESIAN_POINT('',(-0.6,2.770251925796,1.741337678159));
#18447 = CIRCLE('',#18448,1.2);
#18448 = AXIS2_PLACEMENT_3D('',#18449,#18450,#18451);
#18449 = CARTESIAN_POINT('',(-0.6,3.7,2.5));
#18450 = DIRECTION('',(1.,2.2E-16,3.3E-16));
#18451 = DIRECTION('',(-2.2E-16,1.,-3.3E-16));
#18452 = ORIENTED_EDGE('',*,*,#17648,.F.);
#18453 = ORIENTED_EDGE('',*,*,#18395,.F.);
#18454 = ORIENTED_EDGE('',*,*,#17438,.F.);
#18455 = ORIENTED_EDGE('',*,*,#18456,.F.);
#18456 = EDGE_CURVE('',#18457,#17431,#18459,.T.);
#18457 = VERTEX_POINT('',#18458);
#18458 = CARTESIAN_POINT('',(-0.6,2.991323630351,1.199999999993));
#18459 = LINE('',#18460,#18461);
#18460 = CARTESIAN_POINT('',(-0.6,2.991323630351,1.199999999993));
#18461 = VECTOR('',#18462,1.);
#18462 = DIRECTION('',(-2.5E-16,0.995862227502,9.087587047949E-02));
#18463 = ORIENTED_EDGE('',*,*,#18464,.T.);
#18464 = EDGE_CURVE('',#18457,#18445,#18465,.T.);
#18465 = CIRCLE('',#18466,1.);
#18466 = AXIS2_PLACEMENT_3D('',#18467,#18468,#18469);
#18467 = CARTESIAN_POINT('',(-0.6,1.995461863956,1.109119076621));
#18468 = DIRECTION('',(1.,2.2E-16,3.3E-16));
#18469 = DIRECTION('',(-2.2E-16,1.,-3.3E-16));
#18470 = PLANE('',#18471);
#18471 = AXIS2_PLACEMENT_3D('',#18472,#18473,#18474);
#18472 = CARTESIAN_POINT('',(-0.6,2.8,1.75));
#18473 = DIRECTION('',(1.,-5.6E-16,0.));
#18474 = DIRECTION('',(-1.848E-31,-3.3E-16,1.));
#18475 = ADVANCED_FACE('',(#18476),#18487,.F.);
#18476 = FACE_BOUND('',#18477,.T.);
#18477 = EDGE_LOOP('',(#18478,#18479,#18480,#18486));
#18478 = ORIENTED_EDGE('',*,*,#17422,.F.);
#18479 = ORIENTED_EDGE('',*,*,#18339,.T.);
#18480 = ORIENTED_EDGE('',*,*,#18481,.F.);
#18481 = EDGE_CURVE('',#18421,#18331,#18482,.T.);
#18482 = LINE('',#18483,#18484);
#18483 = CARTESIAN_POINT('',(-0.6,3.235125962887,2.120668839071));
#18484 = VECTOR('',#18485,1.);
#18485 = DIRECTION('',(1.,-4.4E-16,3.9E-16));
#18486 = ORIENTED_EDGE('',*,*,#18429,.F.);
#18487 = CYLINDRICAL_SURFACE('',#18488,0.6);
#18488 = AXIS2_PLACEMENT_3D('',#18489,#18490,#18491);
#18489 = CARTESIAN_POINT('',(-0.6,3.7,2.5));
#18490 = DIRECTION('',(-1.,2.2E-16,-5.6E-16));
#18491 = DIRECTION('',(2.2E-16,1.,-5.6E-16));
#18492 = ADVANCED_FACE('',(#18493),#18536,.T.);
#18493 = FACE_BOUND('',#18494,.T.);
#18494 = EDGE_LOOP('',(#18495,#18503,#18511,#18519,#18527,#18533,#18534,
    #18535));
#18495 = ORIENTED_EDGE('',*,*,#18496,.F.);
#18496 = EDGE_CURVE('',#18497,#18182,#18499,.T.);
#18497 = VERTEX_POINT('',#18498);
#18498 = CARTESIAN_POINT('',(-0.45,0.5,0.6));
#18499 = LINE('',#18500,#18501);
#18500 = CARTESIAN_POINT('',(-0.7375,0.7875,0.6));
#18501 = VECTOR('',#18502,1.);
#18502 = DIRECTION('',(-0.707106781187,0.707106781187,-2.08E-15));
#18503 = ORIENTED_EDGE('',*,*,#18504,.T.);
#18504 = EDGE_CURVE('',#18497,#18505,#18507,.T.);
#18505 = VERTEX_POINT('',#18506);
#18506 = CARTESIAN_POINT('',(-0.45,0.2,0.6));
#18507 = LINE('',#18508,#18509);
#18508 = CARTESIAN_POINT('',(-0.45,-0.4,0.6));
#18509 = VECTOR('',#18510,1.);
#18510 = DIRECTION('',(1.67E-15,-1.,1.78E-15));
#18511 = ORIENTED_EDGE('',*,*,#18512,.T.);
#18512 = EDGE_CURVE('',#18505,#18513,#18515,.T.);
#18513 = VERTEX_POINT('',#18514);
#18514 = CARTESIAN_POINT('',(0.45,0.2,0.6));
#18515 = LINE('',#18516,#18517);
#18516 = CARTESIAN_POINT('',(-1.2,0.2,0.6));
#18517 = VECTOR('',#18518,1.);
#18518 = DIRECTION('',(1.,-1.11E-15,-2.8E-16));
#18519 = ORIENTED_EDGE('',*,*,#18520,.F.);
#18520 = EDGE_CURVE('',#18521,#18513,#18523,.T.);
#18521 = VERTEX_POINT('',#18522);
#18522 = CARTESIAN_POINT('',(0.45,0.5,0.6));
#18523 = LINE('',#18524,#18525);
#18524 = CARTESIAN_POINT('',(0.45,-0.4,0.6));
#18525 = VECTOR('',#18526,1.);
#18526 = DIRECTION('',(1.67E-15,-1.,1.78E-15));
#18527 = ORIENTED_EDGE('',*,*,#18528,.T.);
#18528 = EDGE_CURVE('',#18521,#18263,#18529,.T.);
#18529 = LINE('',#18530,#18531);
#18530 = CARTESIAN_POINT('',(0.1375,0.1875,0.6));
#18531 = VECTOR('',#18532,1.);
#18532 = DIRECTION('',(0.707106781187,0.707106781187,4.E-17));
#18533 = ORIENTED_EDGE('',*,*,#18262,.T.);
#18534 = ORIENTED_EDGE('',*,*,#17564,.F.);
#18535 = ORIENTED_EDGE('',*,*,#18181,.F.);
#18536 = PLANE('',#18537);
#18537 = AXIS2_PLACEMENT_3D('',#18538,#18539,#18540);
#18538 = CARTESIAN_POINT('',(-1.2,0.2,0.6));
#18539 = DIRECTION('',(-2.39E-15,-7.8E-16,1.));
#18540 = DIRECTION('',(-1.78E-15,1.,7.8E-16));
#18541 = ADVANCED_FACE('',(#18542),#18553,.T.);
#18542 = FACE_BOUND('',#18543,.F.);
#18543 = EDGE_LOOP('',(#18544,#18545,#18546,#18552));
#18544 = ORIENTED_EDGE('',*,*,#17622,.F.);
#18545 = ORIENTED_EDGE('',*,*,#18354,.T.);
#18546 = ORIENTED_EDGE('',*,*,#18547,.F.);
#18547 = EDGE_CURVE('',#18445,#18355,#18548,.T.);
#18548 = LINE('',#18549,#18550);
#18549 = CARTESIAN_POINT('',(-0.6,2.770251925796,1.741337678159));
#18550 = VECTOR('',#18551,1.);
#18551 = DIRECTION('',(1.,-4.4E-16,3.9E-16));
#18552 = ORIENTED_EDGE('',*,*,#18444,.F.);
#18553 = CYLINDRICAL_SURFACE('',#18554,1.2);
#18554 = AXIS2_PLACEMENT_3D('',#18555,#18556,#18557);
#18555 = CARTESIAN_POINT('',(-0.6,3.7,2.5));
#18556 = DIRECTION('',(-1.,2.2E-16,-5.6E-16));
#18557 = DIRECTION('',(2.2E-16,1.,-5.6E-16));
#18558 = ADVANCED_FACE('',(#18559),#18602,.F.);
#18559 = FACE_BOUND('',#18560,.F.);
#18560 = EDGE_LOOP('',(#18561,#18569,#18577,#18585,#18593,#18599,#18600,
    #18601));
#18561 = ORIENTED_EDGE('',*,*,#18562,.T.);
#18562 = EDGE_CURVE('',#18190,#18563,#18565,.T.);
#18563 = VERTEX_POINT('',#18564);
#18564 = CARTESIAN_POINT('',(-0.45,0.5,-2.E-15));
#18565 = LINE('',#18566,#18567);
#18566 = CARTESIAN_POINT('',(-0.8,0.85,-3.9E-16));
#18567 = VECTOR('',#18568,1.);
#18568 = DIRECTION('',(0.707106781187,-0.707106781187,3.1E-16));
#18569 = ORIENTED_EDGE('',*,*,#18570,.T.);
#18570 = EDGE_CURVE('',#18563,#18571,#18573,.T.);
#18571 = VERTEX_POINT('',#18572);
#18572 = CARTESIAN_POINT('',(-0.45,0.3,-1.E-15));
#18573 = LINE('',#18574,#18575);
#18574 = CARTESIAN_POINT('',(-0.45,-0.35,7.8E-16));
#18575 = VECTOR('',#18576,1.);
#18576 = DIRECTION('',(1.67E-15,-1.,1.78E-15));
#18577 = ORIENTED_EDGE('',*,*,#18578,.T.);
#18578 = EDGE_CURVE('',#18571,#18579,#18581,.T.);
#18579 = VERTEX_POINT('',#18580);
#18580 = CARTESIAN_POINT('',(0.45,0.3,0.));
#18581 = LINE('',#18582,#18583);
#18582 = CARTESIAN_POINT('',(-1.2,0.3,-2.3E-16));
#18583 = VECTOR('',#18584,1.);
#18584 = DIRECTION('',(1.,-1.11E-15,-2.8E-16));
#18585 = ORIENTED_EDGE('',*,*,#18586,.F.);
#18586 = EDGE_CURVE('',#18587,#18579,#18589,.T.);
#18587 = VERTEX_POINT('',#18588);
#18588 = CARTESIAN_POINT('',(0.45,0.5,-1.E-15));
#18589 = LINE('',#18590,#18591);
#18590 = CARTESIAN_POINT('',(0.45,-0.35,8.8E-16));
#18591 = VECTOR('',#18592,1.);
#18592 = DIRECTION('',(1.67E-15,-1.,1.78E-15));
#18593 = ORIENTED_EDGE('',*,*,#18594,.F.);
#18594 = EDGE_CURVE('',#18271,#18587,#18595,.T.);
#18595 = LINE('',#18596,#18597);
#18596 = CARTESIAN_POINT('',(0.8,0.85,-9.3E-16));
#18597 = VECTOR('',#18598,1.);
#18598 = DIRECTION('',(-0.707106781187,-0.707106781187,7.9E-16));
#18599 = ORIENTED_EDGE('',*,*,#18278,.F.);
#18600 = ORIENTED_EDGE('',*,*,#18212,.F.);
#18601 = ORIENTED_EDGE('',*,*,#18197,.T.);
#18602 = PLANE('',#18603);
#18603 = AXIS2_PLACEMENT_3D('',#18604,#18605,#18606);
#18604 = CARTESIAN_POINT('',(-1.2,0.3,-2.3E-16));
#18605 = DIRECTION('',(-2.39E-15,-7.8E-16,1.));
#18606 = DIRECTION('',(-1.78E-15,1.,7.8E-16));
#18607 = ADVANCED_FACE('',(#18608),#18619,.F.);
#18608 = FACE_BOUND('',#18609,.F.);
#18609 = EDGE_LOOP('',(#18610,#18611,#18612,#18613));
#18610 = ORIENTED_EDGE('',*,*,#18562,.F.);
#18611 = ORIENTED_EDGE('',*,*,#18189,.T.);
#18612 = ORIENTED_EDGE('',*,*,#18496,.F.);
#18613 = ORIENTED_EDGE('',*,*,#18614,.T.);
#18614 = EDGE_CURVE('',#18497,#18563,#18615,.T.);
#18615 = LINE('',#18616,#18617);
#18616 = CARTESIAN_POINT('',(-0.45,0.5,0.75));
#18617 = VECTOR('',#18618,1.);
#18618 = DIRECTION('',(2.E-15,1.44E-15,-1.));
#18619 = PLANE('',#18620);
#18620 = AXIS2_PLACEMENT_3D('',#18621,#18622,#18623);
#18621 = CARTESIAN_POINT('',(-0.8,0.85,-5.7E-16));
#18622 = DIRECTION('',(0.707106781187,0.707106781187,-3.1E-16));
#18623 = DIRECTION('',(0.707106781187,-0.707106781187,4.7E-16));
#18624 = ADVANCED_FACE('',(#18625),#18636,.T.);
#18625 = FACE_BOUND('',#18626,.T.);
#18626 = EDGE_LOOP('',(#18627,#18628,#18629,#18630));
#18627 = ORIENTED_EDGE('',*,*,#18594,.F.);
#18628 = ORIENTED_EDGE('',*,*,#18270,.T.);
#18629 = ORIENTED_EDGE('',*,*,#18528,.F.);
#18630 = ORIENTED_EDGE('',*,*,#18631,.T.);
#18631 = EDGE_CURVE('',#18521,#18587,#18632,.T.);
#18632 = LINE('',#18633,#18634);
#18633 = CARTESIAN_POINT('',(0.45,0.5,0.75));
#18634 = VECTOR('',#18635,1.);
#18635 = DIRECTION('',(2.E-15,1.44E-15,-1.));
#18636 = PLANE('',#18637);
#18637 = AXIS2_PLACEMENT_3D('',#18638,#18639,#18640);
#18638 = CARTESIAN_POINT('',(0.8,0.85,-7.5E-16));
#18639 = DIRECTION('',(0.707106781187,-0.707106781187,4.7E-16));
#18640 = DIRECTION('',(-0.707106781187,-0.707106781187,6.3E-16));
#18641 = ADVANCED_FACE('',(#18642),#18653,.T.);
#18642 = FACE_BOUND('',#18643,.F.);
#18643 = EDGE_LOOP('',(#18644,#18650,#18651,#18652));
#18644 = ORIENTED_EDGE('',*,*,#18645,.T.);
#18645 = EDGE_CURVE('',#18413,#18323,#18646,.T.);
#18646 = LINE('',#18647,#18648);
#18647 = CARTESIAN_POINT('',(-0.6,3.588840966857,1.254525522281));
#18648 = VECTOR('',#18649,1.);
#18649 = DIRECTION('',(1.,-4.4E-16,3.9E-16));
#18650 = ORIENTED_EDGE('',*,*,#18330,.T.);
#18651 = ORIENTED_EDGE('',*,*,#18481,.F.);
#18652 = ORIENTED_EDGE('',*,*,#18420,.F.);
#18653 = CYLINDRICAL_SURFACE('',#18654,1.6);
#18654 = AXIS2_PLACEMENT_3D('',#18655,#18656,#18657);
#18655 = CARTESIAN_POINT('',(-0.6,1.995461863956,1.109119076621));
#18656 = DIRECTION('',(-1.,2.2E-16,-5.6E-16));
#18657 = DIRECTION('',(2.2E-16,1.,-5.6E-16));
#18658 = ADVANCED_FACE('',(#18659),#18672,.F.);
#18659 = FACE_BOUND('',#18660,.F.);
#18660 = EDGE_LOOP('',(#18661,#18667,#18668,#18669,#18670,#18671));
#18661 = ORIENTED_EDGE('',*,*,#18662,.T.);
#18662 = EDGE_CURVE('',#18457,#18372,#18663,.T.);
#18663 = LINE('',#18664,#18665);
#18664 = CARTESIAN_POINT('',(-0.6,2.991323630351,1.199999999993));
#18665 = VECTOR('',#18666,1.);
#18666 = DIRECTION('',(1.,-4.4E-16,3.9E-16));
#18667 = ORIENTED_EDGE('',*,*,#18371,.T.);
#18668 = ORIENTED_EDGE('',*,*,#18322,.T.);
#18669 = ORIENTED_EDGE('',*,*,#18645,.F.);
#18670 = ORIENTED_EDGE('',*,*,#18412,.F.);
#18671 = ORIENTED_EDGE('',*,*,#18456,.F.);
#18672 = PLANE('',#18673);
#18673 = AXIS2_PLACEMENT_3D('',#18674,#18675,#18676);
#18674 = CARTESIAN_POINT('',(-0.6,2.991323630351,1.199999999993));
#18675 = DIRECTION('',(-4.3E-16,-9.087587047949E-02,0.995862227502));
#18676 = DIRECTION('',(1.7E-16,0.995862227502,9.087587047949E-02));
#18677 = ADVANCED_FACE('',(#18678),#18684,.F.);
#18678 = FACE_BOUND('',#18679,.T.);
#18679 = EDGE_LOOP('',(#18680,#18681,#18682,#18683));
#18680 = ORIENTED_EDGE('',*,*,#18662,.T.);
#18681 = ORIENTED_EDGE('',*,*,#18379,.T.);
#18682 = ORIENTED_EDGE('',*,*,#18547,.F.);
#18683 = ORIENTED_EDGE('',*,*,#18464,.F.);
#18684 = CYLINDRICAL_SURFACE('',#18685,1.);
#18685 = AXIS2_PLACEMENT_3D('',#18686,#18687,#18688);
#18686 = CARTESIAN_POINT('',(-0.6,1.995461863956,1.109119076621));
#18687 = DIRECTION('',(-1.,2.2E-16,-5.6E-16));
#18688 = DIRECTION('',(2.2E-16,1.,-5.6E-16));
#18689 = ADVANCED_FACE('',(#18690),#18726,.F.);
#18690 = FACE_BOUND('',#18691,.F.);
#18691 = EDGE_LOOP('',(#18692,#18693,#18694,#18695,#18703,#18711,#18719)
  );
#18692 = ORIENTED_EDGE('',*,*,#18520,.F.);
#18693 = ORIENTED_EDGE('',*,*,#18631,.T.);
#18694 = ORIENTED_EDGE('',*,*,#18586,.T.);
#18695 = ORIENTED_EDGE('',*,*,#18696,.F.);
#18696 = EDGE_CURVE('',#18697,#18579,#18699,.T.);
#18697 = VERTEX_POINT('',#18698);
#18698 = CARTESIAN_POINT('',(0.45,0.3,-3.));
#18699 = LINE('',#18700,#18701);
#18700 = CARTESIAN_POINT('',(0.45,0.3,0.375));
#18701 = VECTOR('',#18702,1.);
#18702 = DIRECTION('',(-2.E-15,-4.4E-16,1.));
#18703 = ORIENTED_EDGE('',*,*,#18704,.F.);
#18704 = EDGE_CURVE('',#18705,#18697,#18707,.T.);
#18705 = VERTEX_POINT('',#18706);
#18706 = CARTESIAN_POINT('',(0.45,-0.3,-3.));
#18707 = LINE('',#18708,#18709);
#18708 = CARTESIAN_POINT('',(0.45,-1.,-3.));
#18709 = VECTOR('',#18710,1.);
#18710 = DIRECTION('',(-1.67E-15,1.,-1.22E-15));
#18711 = ORIENTED_EDGE('',*,*,#18712,.F.);
#18712 = EDGE_CURVE('',#18713,#18705,#18715,.T.);
#18713 = VERTEX_POINT('',#18714);
#18714 = CARTESIAN_POINT('',(0.45,-0.3,0.1));
#18715 = LINE('',#18716,#18717);
#18716 = CARTESIAN_POINT('',(0.45,-0.3,-1.425));
#18717 = VECTOR('',#18718,1.);
#18718 = DIRECTION('',(2.E-15,4.4E-16,-1.));
#18719 = ORIENTED_EDGE('',*,*,#18720,.T.);
#18720 = EDGE_CURVE('',#18713,#18513,#18721,.T.);
#18721 = CIRCLE('',#18722,0.5);
#18722 = AXIS2_PLACEMENT_3D('',#18723,#18724,#18725);
#18723 = CARTESIAN_POINT('',(0.45,0.2,0.1));
#18724 = DIRECTION('',(-1.,-1.22E-15,-2.33E-15));
#18725 = DIRECTION('',(-1.22E-15,1.,-2.E-15));
#18726 = PLANE('',#18727);
#18727 = AXIS2_PLACEMENT_3D('',#18728,#18729,#18730);
#18728 = CARTESIAN_POINT('',(0.45,-1.,0.75));
#18729 = DIRECTION('',(-1.,5.6E-16,2.2E-16));
#18730 = DIRECTION('',(-2.2E-16,1.22E-15,-1.));
#18731 = ADVANCED_FACE('',(#18732),#18751,.T.);
#18732 = FACE_BOUND('',#18733,.F.);
#18733 = EDGE_LOOP('',(#18734,#18743,#18744,#18745));
#18734 = ORIENTED_EDGE('',*,*,#18735,.T.);
#18735 = EDGE_CURVE('',#18736,#18505,#18738,.T.);
#18736 = VERTEX_POINT('',#18737);
#18737 = CARTESIAN_POINT('',(-0.45,-0.3,0.1));
#18738 = CIRCLE('',#18739,0.5);
#18739 = AXIS2_PLACEMENT_3D('',#18740,#18741,#18742);
#18740 = CARTESIAN_POINT('',(-0.45,0.2,1.E-01));
#18741 = DIRECTION('',(-1.,-1.22E-15,-2.33E-15));
#18742 = DIRECTION('',(-1.22E-15,1.,-2.E-15));
#18743 = ORIENTED_EDGE('',*,*,#18512,.T.);
#18744 = ORIENTED_EDGE('',*,*,#18720,.F.);
#18745 = ORIENTED_EDGE('',*,*,#18746,.F.);
#18746 = EDGE_CURVE('',#18736,#18713,#18747,.T.);
#18747 = LINE('',#18748,#18749);
#18748 = CARTESIAN_POINT('',(-1.2,-0.3,0.1));
#18749 = VECTOR('',#18750,1.);
#18750 = DIRECTION('',(1.,-1.11E-15,-2.8E-16));
#18751 = CYLINDRICAL_SURFACE('',#18752,0.5);
#18752 = AXIS2_PLACEMENT_3D('',#18753,#18754,#18755);
#18753 = CARTESIAN_POINT('',(-1.2,0.2,0.1));
#18754 = DIRECTION('',(-1.,8.9E-16,1.1E-16));
#18755 = DIRECTION('',(8.9E-16,1.,-1.89E-15));
#18756 = ADVANCED_FACE('',(#18757),#18785,.T.);
#18757 = FACE_BOUND('',#18758,.T.);
#18758 = EDGE_LOOP('',(#18759,#18760,#18761,#18762,#18770,#18778,#18784)
  );
#18759 = ORIENTED_EDGE('',*,*,#18504,.F.);
#18760 = ORIENTED_EDGE('',*,*,#18614,.T.);
#18761 = ORIENTED_EDGE('',*,*,#18570,.T.);
#18762 = ORIENTED_EDGE('',*,*,#18763,.F.);
#18763 = EDGE_CURVE('',#18764,#18571,#18766,.T.);
#18764 = VERTEX_POINT('',#18765);
#18765 = CARTESIAN_POINT('',(-0.45,0.3,-3.));
#18766 = LINE('',#18767,#18768);
#18767 = CARTESIAN_POINT('',(-0.45,0.3,0.375));
#18768 = VECTOR('',#18769,1.);
#18769 = DIRECTION('',(-2.E-15,-4.4E-16,1.));
#18770 = ORIENTED_EDGE('',*,*,#18771,.F.);
#18771 = EDGE_CURVE('',#18772,#18764,#18774,.T.);
#18772 = VERTEX_POINT('',#18773);
#18773 = CARTESIAN_POINT('',(-0.45,-0.3,-3.));
#18774 = LINE('',#18775,#18776);
#18775 = CARTESIAN_POINT('',(-0.45,-1.,-3.));
#18776 = VECTOR('',#18777,1.);
#18777 = DIRECTION('',(-1.67E-15,1.,-1.22E-15));
#18778 = ORIENTED_EDGE('',*,*,#18779,.F.);
#18779 = EDGE_CURVE('',#18736,#18772,#18780,.T.);
#18780 = LINE('',#18781,#18782);
#18781 = CARTESIAN_POINT('',(-0.45,-0.3,-1.425));
#18782 = VECTOR('',#18783,1.);
#18783 = DIRECTION('',(2.E-15,4.4E-16,-1.));
#18784 = ORIENTED_EDGE('',*,*,#18735,.T.);
#18785 = PLANE('',#18786);
#18786 = AXIS2_PLACEMENT_3D('',#18787,#18788,#18789);
#18787 = CARTESIAN_POINT('',(-0.45,-1.,0.75));
#18788 = DIRECTION('',(-1.,5.6E-16,2.2E-16));
#18789 = DIRECTION('',(-2.2E-16,1.22E-15,-1.));
#18790 = ADVANCED_FACE('',(#18791),#18818,.T.);
#18791 = FACE_BOUND('',#18792,.T.);
#18792 = EDGE_LOOP('',(#18793,#18794,#18795,#18796,#18804,#18812));
#18793 = ORIENTED_EDGE('',*,*,#18763,.T.);
#18794 = ORIENTED_EDGE('',*,*,#18578,.T.);
#18795 = ORIENTED_EDGE('',*,*,#18696,.F.);
#18796 = ORIENTED_EDGE('',*,*,#18797,.F.);
#18797 = EDGE_CURVE('',#18798,#18697,#18800,.T.);
#18798 = VERTEX_POINT('',#18799);
#18799 = CARTESIAN_POINT('',(0.201471862576,0.3,-3.6));
#18800 = LINE('',#18801,#18802);
#18801 = CARTESIAN_POINT('',(0.859511633129,0.3,-2.01135146135));
#18802 = VECTOR('',#18803,1.);
#18803 = DIRECTION('',(0.382683432365,-7.9E-16,0.923879532511));
#18804 = ORIENTED_EDGE('',*,*,#18805,.F.);
#18805 = EDGE_CURVE('',#18806,#18798,#18808,.T.);
#18806 = VERTEX_POINT('',#18807);
#18807 = CARTESIAN_POINT('',(-0.201471862576,0.3,-3.6));
#18808 = LINE('',#18809,#18810);
#18809 = CARTESIAN_POINT('',(-1.2,0.3,-3.6));
#18810 = VECTOR('',#18811,1.);
#18811 = DIRECTION('',(1.,-1.11E-15,-2.8E-16));
#18812 = ORIENTED_EDGE('',*,*,#18813,.T.);
#18813 = EDGE_CURVE('',#18806,#18764,#18814,.T.);
#18814 = LINE('',#18815,#18816);
#18815 = CARTESIAN_POINT('',(-1.035247564417,0.3,-1.587087392638));
#18816 = VECTOR('',#18817,1.);
#18817 = DIRECTION('',(-0.382683432365,-3.E-17,0.923879532511));
#18818 = PLANE('',#18819);
#18819 = AXIS2_PLACEMENT_3D('',#18820,#18821,#18822);
#18820 = CARTESIAN_POINT('',(-1.2,0.3,-2.3E-16));
#18821 = DIRECTION('',(-1.55E-15,1.,-1.67E-15));
#18822 = DIRECTION('',(2.55E-15,-1.67E-15,-1.));
#18823 = ADVANCED_FACE('',(#18824),#18851,.T.);
#18824 = FACE_BOUND('',#18825,.T.);
#18825 = EDGE_LOOP('',(#18826,#18834,#18842,#18848,#18849,#18850));
#18826 = ORIENTED_EDGE('',*,*,#18827,.T.);
#18827 = EDGE_CURVE('',#18772,#18828,#18830,.T.);
#18828 = VERTEX_POINT('',#18829);
#18829 = CARTESIAN_POINT('',(-0.201471862576,-0.3,-3.6));
#18830 = LINE('',#18831,#18832);
#18831 = CARTESIAN_POINT('',(-0.39885146135,-0.3,-3.123483495706));
#18832 = VECTOR('',#18833,1.);
#18833 = DIRECTION('',(0.382683432365,3.E-17,-0.923879532511));
#18834 = ORIENTED_EDGE('',*,*,#18835,.T.);
#18835 = EDGE_CURVE('',#18828,#18836,#18838,.T.);
#18836 = VERTEX_POINT('',#18837);
#18837 = CARTESIAN_POINT('',(0.201471862576,-0.3,-3.6));
#18838 = LINE('',#18839,#18840);
#18839 = CARTESIAN_POINT('',(-1.2,-0.3,-3.6));
#18840 = VECTOR('',#18841,1.);
#18841 = DIRECTION('',(1.,-1.11E-15,-2.8E-16));
#18842 = ORIENTED_EDGE('',*,*,#18843,.F.);
#18843 = EDGE_CURVE('',#18705,#18836,#18844,.T.);
#18844 = LINE('',#18845,#18846);
#18845 = CARTESIAN_POINT('',(0.223115530061,-0.3,-3.547747564417));
#18846 = VECTOR('',#18847,1.);
#18847 = DIRECTION('',(-0.382683432365,7.9E-16,-0.923879532511));
#18848 = ORIENTED_EDGE('',*,*,#18712,.F.);
#18849 = ORIENTED_EDGE('',*,*,#18746,.F.);
#18850 = ORIENTED_EDGE('',*,*,#18779,.T.);
#18851 = PLANE('',#18852);
#18852 = AXIS2_PLACEMENT_3D('',#18853,#18854,#18855);
#18853 = CARTESIAN_POINT('',(-1.2,-0.3,-3.6));
#18854 = DIRECTION('',(1.55E-15,-1.,1.67E-15));
#18855 = DIRECTION('',(-2.55E-15,1.67E-15,1.));
#18856 = ADVANCED_FACE('',(#18857),#18868,.F.);
#18857 = FACE_BOUND('',#18858,.F.);
#18858 = EDGE_LOOP('',(#18859,#18860,#18861,#18862));
#18859 = ORIENTED_EDGE('',*,*,#18843,.F.);
#18860 = ORIENTED_EDGE('',*,*,#18704,.T.);
#18861 = ORIENTED_EDGE('',*,*,#18797,.F.);
#18862 = ORIENTED_EDGE('',*,*,#18863,.F.);
#18863 = EDGE_CURVE('',#18836,#18798,#18864,.T.);
#18864 = LINE('',#18865,#18866);
#18865 = CARTESIAN_POINT('',(0.201471862576,-1.,-3.6));
#18866 = VECTOR('',#18867,1.);
#18867 = DIRECTION('',(-1.67E-15,1.,-1.22E-15));
#18868 = PLANE('',#18869);
#18869 = AXIS2_PLACEMENT_3D('',#18870,#18871,#18872);
#18870 = CARTESIAN_POINT('',(0.45,-1.,-3.));
#18871 = DIRECTION('',(-0.923879532511,1.3E-16,0.382683432365));
#18872 = DIRECTION('',(-0.382683432365,1.43E-15,-0.923879532511));
#18873 = ADVANCED_FACE('',(#18874),#18885,.T.);
#18874 = FACE_BOUND('',#18875,.T.);
#18875 = EDGE_LOOP('',(#18876,#18877,#18878,#18879));
#18876 = ORIENTED_EDGE('',*,*,#18827,.F.);
#18877 = ORIENTED_EDGE('',*,*,#18771,.T.);
#18878 = ORIENTED_EDGE('',*,*,#18813,.F.);
#18879 = ORIENTED_EDGE('',*,*,#18880,.F.);
#18880 = EDGE_CURVE('',#18828,#18806,#18881,.T.);
#18881 = LINE('',#18882,#18883);
#18882 = CARTESIAN_POINT('',(-0.201471862576,-1.,-3.6));
#18883 = VECTOR('',#18884,1.);
#18884 = DIRECTION('',(-1.67E-15,1.,-1.22E-15));
#18885 = PLANE('',#18886);
#18886 = AXIS2_PLACEMENT_3D('',#18887,#18888,#18889);
#18887 = CARTESIAN_POINT('',(-0.45,-1.,-3.));
#18888 = DIRECTION('',(-0.923879532511,9.E-16,-0.382683432365));
#18889 = DIRECTION('',(0.382683432365,8.3E-16,-0.923879532511));
#18890 = ADVANCED_FACE('',(#18891),#18897,.T.);
#18891 = FACE_BOUND('',#18892,.T.);
#18892 = EDGE_LOOP('',(#18893,#18894,#18895,#18896));
#18893 = ORIENTED_EDGE('',*,*,#18880,.T.);
#18894 = ORIENTED_EDGE('',*,*,#18805,.T.);
#18895 = ORIENTED_EDGE('',*,*,#18863,.F.);
#18896 = ORIENTED_EDGE('',*,*,#18835,.F.);
#18897 = PLANE('',#18898);
#18898 = AXIS2_PLACEMENT_3D('',#18899,#18900,#18901);
#18899 = CARTESIAN_POINT('',(-1.2,0.3,-3.6));
#18900 = DIRECTION('',(2.39E-15,7.8E-16,-1.));
#18901 = DIRECTION('',(1.78E-15,-1.,-7.8E-16));
#18902 = ( GEOMETRIC_REPRESENTATION_CONTEXT(3) 
GLOBAL_UNCERTAINTY_ASSIGNED_CONTEXT((#18906)) 
GLOBAL_UNIT_ASSIGNED_CONTEXT((#18903,#18904,#18905)) 
REPRESENTATION_CONTEXT('Context #1',
  '3D Context with UNIT and UNCERTAINTY') );
#18903 = ( LENGTH_UNIT() NAMED_UNIT(*) SI_UNIT(.MILLI.,.METRE.) );
#18904 = ( NAMED_UNIT(*) PLANE_ANGLE_UNIT() SI_UNIT($,.RADIAN.) );
#18905 = ( NAMED_UNIT(*) SI_UNIT($,.STERADIAN.) SOLID_ANGLE_UNIT() );
#18906 = UNCERTAINTY_MEASURE_WITH_UNIT(LENGTH_MEASURE(2.E-07),#18903,
  'distance_accuracy_value','confusion accuracy');
#18907 = CONTEXT_DEPENDENT_SHAPE_REPRESENTATION(#18908,#18910);
#18908 = ( REPRESENTATION_RELATIONSHIP('','',#16987,#10) 
REPRESENTATION_RELATIONSHIP_WITH_TRANSFORMATION(#18909) 
SHAPE_REPRESENTATION_RELATIONSHIP() );
#18909 = ITEM_DEFINED_TRANSFORMATION('','',#11,#67);
#18910 = PRODUCT_DEFINITION_SHAPE('Placement','Placement of an item',
  #18911);
#18911 = NEXT_ASSEMBLY_USAGE_OCCURRENCE('494','Body431','',#5,#16982,$);
#18912 = PRODUCT_RELATED_PRODUCT_CATEGORY('part',$,(#16984));
#18913 = SHAPE_DEFINITION_REPRESENTATION(#18914,#18920);
#18914 = PRODUCT_DEFINITION_SHAPE('','',#18915);
#18915 = PRODUCT_DEFINITION('design','',#18916,#18919);
#18916 = PRODUCT_DEFINITION_FORMATION('','',#18917);
#18917 = PRODUCT('Body432','Body432','',(#18918));
#18918 = PRODUCT_CONTEXT('',#2,'mechanical');
#18919 = PRODUCT_DEFINITION_CONTEXT('part definition',#2,'design');
#18920 = ADVANCED_BREP_SHAPE_REPRESENTATION('',(#11,#18921),#19246);
#18921 = MANIFOLD_SOLID_BREP('',#18922);
#18922 = CLOSED_SHELL('',(#18923,#18974,#19005,#19063,#19121,#19138,
    #19163,#19175,#19200,#19217,#19234));
#18923 = ADVANCED_FACE('',(#18924,#18958),#18969,.T.);
#18924 = FACE_BOUND('',#18925,.T.);
#18925 = EDGE_LOOP('',(#18926,#18936,#18944,#18952));
#18926 = ORIENTED_EDGE('',*,*,#18927,.T.);
#18927 = EDGE_CURVE('',#18928,#18930,#18932,.T.);
#18928 = VERTEX_POINT('',#18929);
#18929 = CARTESIAN_POINT('',(-1.5,2.,5.4));
#18930 = VERTEX_POINT('',#18931);
#18931 = CARTESIAN_POINT('',(-1.5,-2.,5.4));
#18932 = LINE('',#18933,#18934);
#18933 = CARTESIAN_POINT('',(-1.5,2.,5.4));
#18934 = VECTOR('',#18935,1.);
#18935 = DIRECTION('',(0.,-1.,7.730669073875E-16));
#18936 = ORIENTED_EDGE('',*,*,#18937,.T.);
#18937 = EDGE_CURVE('',#18930,#18938,#18940,.T.);
#18938 = VERTEX_POINT('',#18939);
#18939 = CARTESIAN_POINT('',(1.5,-2.,5.4));
#18940 = LINE('',#18941,#18942);
#18941 = CARTESIAN_POINT('',(-1.5,-2.,5.4));
#18942 = VECTOR('',#18943,1.);
#18943 = DIRECTION('',(1.,0.,0.));
#18944 = ORIENTED_EDGE('',*,*,#18945,.F.);
#18945 = EDGE_CURVE('',#18946,#18938,#18948,.T.);
#18946 = VERTEX_POINT('',#18947);
#18947 = CARTESIAN_POINT('',(1.5,2.,5.4));
#18948 = LINE('',#18949,#18950);
#18949 = CARTESIAN_POINT('',(1.5,2.,5.4));
#18950 = VECTOR('',#18951,1.);
#18951 = DIRECTION('',(0.,-1.,7.730669073875E-16));
#18952 = ORIENTED_EDGE('',*,*,#18953,.F.);
#18953 = EDGE_CURVE('',#18928,#18946,#18954,.T.);
#18954 = LINE('',#18955,#18956);
#18955 = CARTESIAN_POINT('',(-1.5,2.,5.4));
#18956 = VECTOR('',#18957,1.);
#18957 = DIRECTION('',(1.,0.,0.));
#18958 = FACE_BOUND('',#18959,.T.);
#18959 = EDGE_LOOP('',(#18960));
#18960 = ORIENTED_EDGE('',*,*,#18961,.T.);
#18961 = EDGE_CURVE('',#18962,#18962,#18964,.T.);
#18962 = VERTEX_POINT('',#18963);
#18963 = CARTESIAN_POINT('',(0.625,5.995204332976E-16,5.4));
#18964 = CIRCLE('',#18965,0.625);
#18965 = AXIS2_PLACEMENT_3D('',#18966,#18967,#18968);
#18966 = CARTESIAN_POINT('',(0.,5.995204332976E-16,5.4));
#18967 = DIRECTION('',(0.,-1.110223024625E-16,-1.));
#18968 = DIRECTION('',(1.,0.,0.));
#18969 = PLANE('',#18970);
#18970 = AXIS2_PLACEMENT_3D('',#18971,#18972,#18973);
#18971 = CARTESIAN_POINT('',(-1.5,2.,5.4));
#18972 = DIRECTION('',(0.,7.730669073875E-16,1.));
#18973 = DIRECTION('',(1.,0.,0.));
#18974 = ADVANCED_FACE('',(#18975),#19000,.T.);
#18975 = FACE_BOUND('',#18976,.T.);
#18976 = EDGE_LOOP('',(#18977,#18987,#18993,#18994));
#18977 = ORIENTED_EDGE('',*,*,#18978,.T.);
#18978 = EDGE_CURVE('',#18979,#18981,#18983,.T.);
#18979 = VERTEX_POINT('',#18980);
#18980 = CARTESIAN_POINT('',(-1.5,2.,1.1));
#18981 = VERTEX_POINT('',#18982);
#18982 = CARTESIAN_POINT('',(-1.5,-2.,1.1));
#18983 = LINE('',#18984,#18985);
#18984 = CARTESIAN_POINT('',(-1.5,2.,1.1));
#18985 = VECTOR('',#18986,1.);
#18986 = DIRECTION('',(0.,-1.,7.730669073875E-16));
#18987 = ORIENTED_EDGE('',*,*,#18988,.T.);
#18988 = EDGE_CURVE('',#18981,#18930,#18989,.T.);
#18989 = LINE('',#18990,#18991);
#18990 = CARTESIAN_POINT('',(-1.5,-2.,1.1));
#18991 = VECTOR('',#18992,1.);
#18992 = DIRECTION('',(0.,3.330669073875E-16,1.));
#18993 = ORIENTED_EDGE('',*,*,#18927,.F.);
#18994 = ORIENTED_EDGE('',*,*,#18995,.F.);
#18995 = EDGE_CURVE('',#18979,#18928,#18996,.T.);
#18996 = LINE('',#18997,#18998);
#18997 = CARTESIAN_POINT('',(-1.5,2.,1.1));
#18998 = VECTOR('',#18999,1.);
#18999 = DIRECTION('',(0.,3.330669073875E-16,1.));
#19000 = PLANE('',#19001);
#19001 = AXIS2_PLACEMENT_3D('',#19002,#19003,#19004);
#19002 = CARTESIAN_POINT('',(-1.5,2.,1.1));
#19003 = DIRECTION('',(-1.,0.,0.));
#19004 = DIRECTION('',(0.,7.730669073875E-16,1.));
#19005 = ADVANCED_FACE('',(#19006,#19024),#19058,.T.);
#19006 = FACE_BOUND('',#19007,.T.);
#19007 = EDGE_LOOP('',(#19008,#19009,#19017,#19023));
#19008 = ORIENTED_EDGE('',*,*,#18953,.T.);
#19009 = ORIENTED_EDGE('',*,*,#19010,.T.);
#19010 = EDGE_CURVE('',#18946,#19011,#19013,.T.);
#19011 = VERTEX_POINT('',#19012);
#19012 = CARTESIAN_POINT('',(1.5,2.,1.1));
#19013 = LINE('',#19014,#19015);
#19014 = CARTESIAN_POINT('',(1.5,2.,5.4));
#19015 = VECTOR('',#19016,1.);
#19016 = DIRECTION('',(0.,-3.330669073875E-16,-1.));
#19017 = ORIENTED_EDGE('',*,*,#19018,.T.);
#19018 = EDGE_CURVE('',#19011,#18979,#19019,.T.);
#19019 = LINE('',#19020,#19021);
#19020 = CARTESIAN_POINT('',(1.5,2.,1.1));
#19021 = VECTOR('',#19022,1.);
#19022 = DIRECTION('',(-1.,-4.996003610813E-32,-1.5E-16));
#19023 = ORIENTED_EDGE('',*,*,#18995,.T.);
#19024 = FACE_BOUND('',#19025,.F.);
#19025 = EDGE_LOOP('',(#19026,#19036,#19044,#19052));
#19026 = ORIENTED_EDGE('',*,*,#19027,.T.);
#19027 = EDGE_CURVE('',#19028,#19030,#19032,.T.);
#19028 = VERTEX_POINT('',#19029);
#19029 = CARTESIAN_POINT('',(-1.,2.,3.9));
#19030 = VERTEX_POINT('',#19031);
#19031 = CARTESIAN_POINT('',(1.,2.,3.9));
#19032 = LINE('',#19033,#19034);
#19033 = CARTESIAN_POINT('',(-1.,2.,3.9));
#19034 = VECTOR('',#19035,1.);
#19035 = DIRECTION('',(1.,0.,0.));
#19036 = ORIENTED_EDGE('',*,*,#19037,.T.);
#19037 = EDGE_CURVE('',#19030,#19038,#19040,.T.);
#19038 = VERTEX_POINT('',#19039);
#19039 = CARTESIAN_POINT('',(1.,2.,1.9));
#19040 = LINE('',#19041,#19042);
#19041 = CARTESIAN_POINT('',(1.,2.,3.9));
#19042 = VECTOR('',#19043,1.);
#19043 = DIRECTION('',(0.,-3.330669073875E-16,-1.));
#19044 = ORIENTED_EDGE('',*,*,#19045,.T.);
#19045 = EDGE_CURVE('',#19038,#19046,#19048,.T.);
#19046 = VERTEX_POINT('',#19047);
#19047 = CARTESIAN_POINT('',(-1.,2.,1.9));
#19048 = LINE('',#19049,#19050);
#19049 = CARTESIAN_POINT('',(1.,2.,1.9));
#19050 = VECTOR('',#19051,1.);
#19051 = DIRECTION('',(-1.,0.,0.));
#19052 = ORIENTED_EDGE('',*,*,#19053,.T.);
#19053 = EDGE_CURVE('',#19046,#19028,#19054,.T.);
#19054 = LINE('',#19055,#19056);
#19055 = CARTESIAN_POINT('',(-1.,2.,1.9));
#19056 = VECTOR('',#19057,1.);
#19057 = DIRECTION('',(0.,3.330669073875E-16,1.));
#19058 = PLANE('',#19059);
#19059 = AXIS2_PLACEMENT_3D('',#19060,#19061,#19062);
#19060 = CARTESIAN_POINT('',(-4.E-17,2.,3.12610619469));
#19061 = DIRECTION('',(0.,1.,-5.530669073875E-16));
#19062 = DIRECTION('',(0.,5.530669073875E-16,1.));
#19063 = ADVANCED_FACE('',(#19064,#19082),#19116,.F.);
#19064 = FACE_BOUND('',#19065,.F.);
#19065 = EDGE_LOOP('',(#19066,#19067,#19075,#19081));
#19066 = ORIENTED_EDGE('',*,*,#18937,.T.);
#19067 = ORIENTED_EDGE('',*,*,#19068,.T.);
#19068 = EDGE_CURVE('',#18938,#19069,#19071,.T.);
#19069 = VERTEX_POINT('',#19070);
#19070 = CARTESIAN_POINT('',(1.5,-2.,1.1));
#19071 = LINE('',#19072,#19073);
#19072 = CARTESIAN_POINT('',(1.5,-2.,5.4));
#19073 = VECTOR('',#19074,1.);
#19074 = DIRECTION('',(0.,-3.330669073875E-16,-1.));
#19075 = ORIENTED_EDGE('',*,*,#19076,.T.);
#19076 = EDGE_CURVE('',#19069,#18981,#19077,.T.);
#19077 = LINE('',#19078,#19079);
#19078 = CARTESIAN_POINT('',(1.5,-2.,1.1));
#19079 = VECTOR('',#19080,1.);
#19080 = DIRECTION('',(-1.,-4.996003610813E-32,-1.5E-16));
#19081 = ORIENTED_EDGE('',*,*,#18988,.T.);
#19082 = FACE_BOUND('',#19083,.T.);
#19083 = EDGE_LOOP('',(#19084,#19094,#19102,#19110));
#19084 = ORIENTED_EDGE('',*,*,#19085,.T.);
#19085 = EDGE_CURVE('',#19086,#19088,#19090,.T.);
#19086 = VERTEX_POINT('',#19087);
#19087 = CARTESIAN_POINT('',(-1.,-2.,3.9));
#19088 = VERTEX_POINT('',#19089);
#19089 = CARTESIAN_POINT('',(1.,-2.,3.9));
#19090 = LINE('',#19091,#19092);
#19091 = CARTESIAN_POINT('',(-1.,-2.,3.9));
#19092 = VECTOR('',#19093,1.);
#19093 = DIRECTION('',(1.,0.,0.));
#19094 = ORIENTED_EDGE('',*,*,#19095,.T.);
#19095 = EDGE_CURVE('',#19088,#19096,#19098,.T.);
#19096 = VERTEX_POINT('',#19097);
#19097 = CARTESIAN_POINT('',(1.,-2.,1.9));
#19098 = LINE('',#19099,#19100);
#19099 = CARTESIAN_POINT('',(1.,-2.,3.9));
#19100 = VECTOR('',#19101,1.);
#19101 = DIRECTION('',(0.,-3.330669073875E-16,-1.));
#19102 = ORIENTED_EDGE('',*,*,#19103,.T.);
#19103 = EDGE_CURVE('',#19096,#19104,#19106,.T.);
#19104 = VERTEX_POINT('',#19105);
#19105 = CARTESIAN_POINT('',(-1.,-2.,1.9));
#19106 = LINE('',#19107,#19108);
#19107 = CARTESIAN_POINT('',(1.,-2.,1.9));
#19108 = VECTOR('',#19109,1.);
#19109 = DIRECTION('',(-1.,0.,0.));
#19110 = ORIENTED_EDGE('',*,*,#19111,.T.);
#19111 = EDGE_CURVE('',#19104,#19086,#19112,.T.);
#19112 = LINE('',#19113,#19114);
#19113 = CARTESIAN_POINT('',(-1.,-2.,1.9));
#19114 = VECTOR('',#19115,1.);
#19115 = DIRECTION('',(0.,3.330669073875E-16,1.));
#19116 = PLANE('',#19117);
#19117 = AXIS2_PLACEMENT_3D('',#19118,#19119,#19120);
#19118 = CARTESIAN_POINT('',(-4.E-17,-2.,3.12610619469));
#19119 = DIRECTION('',(0.,1.,-5.530669073875E-16));
#19120 = DIRECTION('',(0.,5.530669073875E-16,1.));
#19121 = ADVANCED_FACE('',(#19122),#19133,.T.);
#19122 = FACE_BOUND('',#19123,.T.);
#19123 = EDGE_LOOP('',(#19124,#19125,#19126,#19132));
#19124 = ORIENTED_EDGE('',*,*,#18945,.T.);
#19125 = ORIENTED_EDGE('',*,*,#19068,.T.);
#19126 = ORIENTED_EDGE('',*,*,#19127,.F.);
#19127 = EDGE_CURVE('',#19011,#19069,#19128,.T.);
#19128 = LINE('',#19129,#19130);
#19129 = CARTESIAN_POINT('',(1.5,2.,1.1));
#19130 = VECTOR('',#19131,1.);
#19131 = DIRECTION('',(0.,-1.,7.730669073875E-16));
#19132 = ORIENTED_EDGE('',*,*,#19010,.F.);
#19133 = PLANE('',#19134);
#19134 = AXIS2_PLACEMENT_3D('',#19135,#19136,#19137);
#19135 = CARTESIAN_POINT('',(1.5,2.,5.4));
#19136 = DIRECTION('',(1.,0.,0.));
#19137 = DIRECTION('',(0.,-7.730669073875E-16,-1.));
#19138 = ADVANCED_FACE('',(#19139),#19158,.F.);
#19139 = FACE_BOUND('',#19140,.T.);
#19140 = EDGE_LOOP('',(#19141,#19142,#19150,#19157));
#19141 = ORIENTED_EDGE('',*,*,#18961,.F.);
#19142 = ORIENTED_EDGE('',*,*,#19143,.T.);
#19143 = EDGE_CURVE('',#18962,#19144,#19146,.T.);
#19144 = VERTEX_POINT('',#19145);
#19145 = CARTESIAN_POINT('',(0.625,4.329869796038E-16,3.9));
#19146 = LINE('',#19147,#19148);
#19147 = CARTESIAN_POINT('',(0.625,8.881784197001E-16,6.));
#19148 = VECTOR('',#19149,1.);
#19149 = DIRECTION('',(-7.401486830834E-17,-1.110223024625E-16,-1.));
#19150 = ORIENTED_EDGE('',*,*,#19151,.T.);
#19151 = EDGE_CURVE('',#19144,#19144,#19152,.T.);
#19152 = CIRCLE('',#19153,0.625);
#19153 = AXIS2_PLACEMENT_3D('',#19154,#19155,#19156);
#19154 = CARTESIAN_POINT('',(0.,4.329869796038E-16,3.9));
#19155 = DIRECTION('',(0.,-1.110223024625E-16,-1.));
#19156 = DIRECTION('',(1.,0.,0.));
#19157 = ORIENTED_EDGE('',*,*,#19143,.F.);
#19158 = CYLINDRICAL_SURFACE('',#19159,0.625);
#19159 = AXIS2_PLACEMENT_3D('',#19160,#19161,#19162);
#19160 = CARTESIAN_POINT('',(0.,8.881784197001E-16,6.));
#19161 = DIRECTION('',(-0.,-1.110223024625E-16,-1.));
#19162 = DIRECTION('',(1.,0.,0.));
#19163 = ADVANCED_FACE('',(#19164),#19170,.T.);
#19164 = FACE_BOUND('',#19165,.T.);
#19165 = EDGE_LOOP('',(#19166,#19167,#19168,#19169));
#19166 = ORIENTED_EDGE('',*,*,#19127,.T.);
#19167 = ORIENTED_EDGE('',*,*,#19076,.T.);
#19168 = ORIENTED_EDGE('',*,*,#18978,.F.);
#19169 = ORIENTED_EDGE('',*,*,#19018,.F.);
#19170 = PLANE('',#19171);
#19171 = AXIS2_PLACEMENT_3D('',#19172,#19173,#19174);
#19172 = CARTESIAN_POINT('',(1.5,2.,1.1));
#19173 = DIRECTION('',(1.5E-16,-7.730669073875E-16,-1.));
#19174 = DIRECTION('',(-1.,-4.996003610813E-32,-1.5E-16));
#19175 = ADVANCED_FACE('',(#19176,#19192),#19195,.F.);
#19176 = FACE_BOUND('',#19177,.F.);
#19177 = EDGE_LOOP('',(#19178,#19184,#19185,#19191));
#19178 = ORIENTED_EDGE('',*,*,#19179,.T.);
#19179 = EDGE_CURVE('',#19028,#19086,#19180,.T.);
#19180 = LINE('',#19181,#19182);
#19181 = CARTESIAN_POINT('',(-1.,2.,3.9));
#19182 = VECTOR('',#19183,1.);
#19183 = DIRECTION('',(0.,-1.,7.730669073875E-16));
#19184 = ORIENTED_EDGE('',*,*,#19085,.T.);
#19185 = ORIENTED_EDGE('',*,*,#19186,.F.);
#19186 = EDGE_CURVE('',#19030,#19088,#19187,.T.);
#19187 = LINE('',#19188,#19189);
#19188 = CARTESIAN_POINT('',(1.,2.,3.9));
#19189 = VECTOR('',#19190,1.);
#19190 = DIRECTION('',(0.,-1.,7.730669073875E-16));
#19191 = ORIENTED_EDGE('',*,*,#19027,.F.);
#19192 = FACE_BOUND('',#19193,.F.);
#19193 = EDGE_LOOP('',(#19194));
#19194 = ORIENTED_EDGE('',*,*,#19151,.T.);
#19195 = PLANE('',#19196);
#19196 = AXIS2_PLACEMENT_3D('',#19197,#19198,#19199);
#19197 = CARTESIAN_POINT('',(-1.,2.,3.9));
#19198 = DIRECTION('',(0.,7.730669073875E-16,1.));
#19199 = DIRECTION('',(1.,0.,0.));
#19200 = ADVANCED_FACE('',(#19201),#19212,.F.);
#19201 = FACE_BOUND('',#19202,.F.);
#19202 = EDGE_LOOP('',(#19203,#19204,#19205,#19211));
#19203 = ORIENTED_EDGE('',*,*,#19186,.T.);
#19204 = ORIENTED_EDGE('',*,*,#19095,.T.);
#19205 = ORIENTED_EDGE('',*,*,#19206,.F.);
#19206 = EDGE_CURVE('',#19038,#19096,#19207,.T.);
#19207 = LINE('',#19208,#19209);
#19208 = CARTESIAN_POINT('',(1.,2.,1.9));
#19209 = VECTOR('',#19210,1.);
#19210 = DIRECTION('',(0.,-1.,7.730669073875E-16));
#19211 = ORIENTED_EDGE('',*,*,#19037,.F.);
#19212 = PLANE('',#19213);
#19213 = AXIS2_PLACEMENT_3D('',#19214,#19215,#19216);
#19214 = CARTESIAN_POINT('',(1.,2.,3.9));
#19215 = DIRECTION('',(1.,0.,0.));
#19216 = DIRECTION('',(0.,-7.730669073875E-16,-1.));
#19217 = ADVANCED_FACE('',(#19218),#19229,.F.);
#19218 = FACE_BOUND('',#19219,.F.);
#19219 = EDGE_LOOP('',(#19220,#19221,#19222,#19228));
#19220 = ORIENTED_EDGE('',*,*,#19206,.T.);
#19221 = ORIENTED_EDGE('',*,*,#19103,.T.);
#19222 = ORIENTED_EDGE('',*,*,#19223,.F.);
#19223 = EDGE_CURVE('',#19046,#19104,#19224,.T.);
#19224 = LINE('',#19225,#19226);
#19225 = CARTESIAN_POINT('',(-1.,2.,1.9));
#19226 = VECTOR('',#19227,1.);
#19227 = DIRECTION('',(0.,-1.,7.730669073875E-16));
#19228 = ORIENTED_EDGE('',*,*,#19045,.F.);
#19229 = PLANE('',#19230);
#19230 = AXIS2_PLACEMENT_3D('',#19231,#19232,#19233);
#19231 = CARTESIAN_POINT('',(1.,2.,1.9));
#19232 = DIRECTION('',(0.,-7.730669073875E-16,-1.));
#19233 = DIRECTION('',(-1.,0.,0.));
#19234 = ADVANCED_FACE('',(#19235),#19241,.F.);
#19235 = FACE_BOUND('',#19236,.F.);
#19236 = EDGE_LOOP('',(#19237,#19238,#19239,#19240));
#19237 = ORIENTED_EDGE('',*,*,#19223,.T.);
#19238 = ORIENTED_EDGE('',*,*,#19111,.T.);
#19239 = ORIENTED_EDGE('',*,*,#19179,.F.);
#19240 = ORIENTED_EDGE('',*,*,#19053,.F.);
#19241 = PLANE('',#19242);
#19242 = AXIS2_PLACEMENT_3D('',#19243,#19244,#19245);
#19243 = CARTESIAN_POINT('',(-1.,2.,1.9));
#19244 = DIRECTION('',(-1.,0.,0.));
#19245 = DIRECTION('',(0.,7.730669073875E-16,1.));
#19246 = ( GEOMETRIC_REPRESENTATION_CONTEXT(3) 
GLOBAL_UNCERTAINTY_ASSIGNED_CONTEXT((#19250)) 
GLOBAL_UNIT_ASSIGNED_CONTEXT((#19247,#19248,#19249)) 
REPRESENTATION_CONTEXT('Context #1',
  '3D Context with UNIT and UNCERTAINTY') );
#19247 = ( LENGTH_UNIT() NAMED_UNIT(*) SI_UNIT(.MILLI.,.METRE.) );
#19248 = ( NAMED_UNIT(*) PLANE_ANGLE_UNIT() SI_UNIT($,.RADIAN.) );
#19249 = ( NAMED_UNIT(*) SI_UNIT($,.STERADIAN.) SOLID_ANGLE_UNIT() );
#19250 = UNCERTAINTY_MEASURE_WITH_UNIT(LENGTH_MEASURE(1.E-07),#19247,
  'distance_accuracy_value','confusion accuracy');
#19251 = CONTEXT_DEPENDENT_SHAPE_REPRESENTATION(#19252,#19254);
#19252 = ( REPRESENTATION_RELATIONSHIP('','',#18920,#10) 
REPRESENTATION_RELATIONSHIP_WITH_TRANSFORMATION(#19253) 
SHAPE_REPRESENTATION_RELATIONSHIP() );
#19253 = ITEM_DEFINED_TRANSFORMATION('','',#11,#71);
#19254 = PRODUCT_DEFINITION_SHAPE('Placement','Placement of an item',
  #19255);
#19255 = NEXT_ASSEMBLY_USAGE_OCCURRENCE('495','Body432','',#5,#18915,$);
#19256 = PRODUCT_RELATED_PRODUCT_CATEGORY('part',$,(#18917));
#19257 = SHAPE_DEFINITION_REPRESENTATION(#19258,#19264);
#19258 = PRODUCT_DEFINITION_SHAPE('','',#19259);
#19259 = PRODUCT_DEFINITION('design','',#19260,#19263);
#19260 = PRODUCT_DEFINITION_FORMATION('','',#19261);
#19261 = PRODUCT('Body433','Body433','',(#19262));
#19262 = PRODUCT_CONTEXT('',#2,'mechanical');
#19263 = PRODUCT_DEFINITION_CONTEXT('part definition',#2,'design');
#19264 = ADVANCED_BREP_SHAPE_REPRESENTATION('',(#11,#19265),#19669);
#19265 = MANIFOLD_SOLID_BREP('',#19266);
#19266 = CLOSED_SHELL('',(#19267,#19292,#19358,#19393,#19472,#19490,
    #19510,#19573,#19595,#19625,#19635,#19660));
#19267 = ADVANCED_FACE('',(#19268),#19287,.T.);
#19268 = FACE_BOUND('',#19269,.F.);
#19269 = EDGE_LOOP('',(#19270,#19281));
#19270 = ORIENTED_EDGE('',*,*,#19271,.F.);
#19271 = EDGE_CURVE('',#19272,#19274,#19276,.T.);
#19272 = VERTEX_POINT('',#19273);
#19273 = CARTESIAN_POINT('',(1.010193130046,-0.6849240107,8.05));
#19274 = VERTEX_POINT('',#19275);
#19275 = CARTESIAN_POINT('',(-0.6849240107,1.010193130046,8.05));
#19276 = CIRCLE('',#19277,1.220496235318);
#19277 = AXIS2_PLACEMENT_3D('',#19278,#19279,#19280);
#19278 = CARTESIAN_POINT('',(0.,0.,8.05));
#19279 = DIRECTION('',(-0.,0.,1.));
#19280 = DIRECTION('',(0.707106781187,-0.707106781187,0.));
#19281 = ORIENTED_EDGE('',*,*,#19282,.F.);
#19282 = EDGE_CURVE('',#19274,#19272,#19283,.T.);
#19283 = LINE('',#19284,#19285);
#19284 = CARTESIAN_POINT('',(-176.6140607369,176.93932985631,8.05));
#19285 = VECTOR('',#19286,1.);
#19286 = DIRECTION('',(0.707106781187,-0.707106781187,0.));
#19287 = PLANE('',#19288);
#19288 = AXIS2_PLACEMENT_3D('',#19289,#19290,#19291);
#19289 = CARTESIAN_POINT('',(0.,0.,8.05));
#19290 = DIRECTION('',(0.,0.,1.));
#19291 = DIRECTION('',(0.707106781187,-0.707106781187,-0.));
#19292 = ADVANCED_FACE('',(#19293),#19349,.F.);
#19293 = FACE_BOUND('',#19294,.F.);
#19294 = EDGE_LOOP('',(#19295,#19318,#19319,#19342));
#19295 = ORIENTED_EDGE('',*,*,#19296,.F.);
#19296 = EDGE_CURVE('',#19272,#19297,#19299,.T.);
#19297 = VERTEX_POINT('',#19298);
#19298 = CARTESIAN_POINT('',(1.153277776717,-0.828008657371,
    7.86743114855));
#19299 = B_SPLINE_CURVE_WITH_KNOTS('',5,(#19300,#19301,#19302,#19303,
    #19304,#19305,#19306,#19307,#19308,#19309,#19310,#19311,#19312,
    #19313,#19314,#19315,#19316,#19317),.UNSPECIFIED.,.F.,.F.,(6,4,4,4,6
    ),(0.,0.250129965149,0.500168146575,0.750114408968,1.),
  .UNSPECIFIED.);
#19300 = CARTESIAN_POINT('',(1.010193130046,-0.6849240107,8.05));
#19301 = CARTESIAN_POINT('',(1.020873145873,-0.695604026527,8.05));
#19302 = CARTESIAN_POINT('',(1.031547763316,-0.706278643971,
    8.048624861379));
#19303 = CARTESIAN_POINT('',(1.042095136391,-0.716826017045,
    8.045874209795));
#19304 = CARTESIAN_POINT('',(1.052393941672,-0.727124822327,
    8.041779356199));
#19305 = CARTESIAN_POINT('',(1.072264358631,-0.746995239285,
    8.031025748242));
#19306 = CARTESIAN_POINT('',(1.081836284791,-0.756567165446,
    8.02436790921));
#19307 = CARTESIAN_POINT('',(1.090933626767,-0.765664507421,
    8.016489073427));
#19308 = CARTESIAN_POINT('',(1.099451750022,-0.774182630677,
    8.007479985852));
#19309 = CARTESIAN_POINT('',(1.115147785187,-0.789878665841,
    7.987434570241));
#19310 = CARTESIAN_POINT('',(1.122326229984,-0.797057110638,
    7.976398936322));
#19311 = CARTESIAN_POINT('',(1.12874711615,-0.803477996804,
    7.964463052152));
#19312 = CARTESIAN_POINT('',(1.134336511123,-0.809067391778,
    7.951765039258));
#19313 = CARTESIAN_POINT('',(1.143743946494,-0.818474827148,
    7.925153550379));
#19314 = CARTESIAN_POINT('',(1.147562441742,-0.822293322396,
    7.911240299379));
#19315 = CARTESIAN_POINT('',(1.150442593512,-0.825173474166,
    7.896870508491));
#19316 = CARTESIAN_POINT('',(1.152351208205,-0.827082088859,
    7.882210850582));
#19317 = CARTESIAN_POINT('',(1.153277776717,-0.828008657371,
    7.86743114855));
#19318 = ORIENTED_EDGE('',*,*,#19271,.T.);
#19319 = ORIENTED_EDGE('',*,*,#19320,.T.);
#19320 = EDGE_CURVE('',#19274,#19321,#19323,.T.);
#19321 = VERTEX_POINT('',#19322);
#19322 = CARTESIAN_POINT('',(-0.828008657371,1.153277776717,
    7.86743114855));
#19323 = B_SPLINE_CURVE_WITH_KNOTS('',5,(#19324,#19325,#19326,#19327,
    #19328,#19329,#19330,#19331,#19332,#19333,#19334,#19335,#19336,
    #19337,#19338,#19339,#19340,#19341),.UNSPECIFIED.,.F.,.F.,(6,4,4,4,6
    ),(0.,0.250129965149,0.500168146575,0.750114408968,1.),
  .UNSPECIFIED.);
#19324 = CARTESIAN_POINT('',(-0.6849240107,1.010193130046,8.05));
#19325 = CARTESIAN_POINT('',(-0.695604026527,1.020873145873,8.05));
#19326 = CARTESIAN_POINT('',(-0.706278643971,1.031547763316,
    8.048624861379));
#19327 = CARTESIAN_POINT('',(-0.716826017045,1.042095136391,
    8.045874209795));
#19328 = CARTESIAN_POINT('',(-0.727124822327,1.052393941672,
    8.041779356199));
#19329 = CARTESIAN_POINT('',(-0.746995239285,1.072264358631,
    8.031025748242));
#19330 = CARTESIAN_POINT('',(-0.756567165446,1.081836284791,
    8.02436790921));
#19331 = CARTESIAN_POINT('',(-0.765664507421,1.090933626767,
    8.016489073427));
#19332 = CARTESIAN_POINT('',(-0.774182630677,1.099451750022,
    8.007479985852));
#19333 = CARTESIAN_POINT('',(-0.789878665841,1.115147785187,
    7.987434570241));
#19334 = CARTESIAN_POINT('',(-0.797057110638,1.122326229984,
    7.976398936322));
#19335 = CARTESIAN_POINT('',(-0.803477996804,1.12874711615,
    7.964463052152));
#19336 = CARTESIAN_POINT('',(-0.809067391778,1.134336511123,
    7.951765039258));
#19337 = CARTESIAN_POINT('',(-0.818474827148,1.143743946494,
    7.925153550378));
#19338 = CARTESIAN_POINT('',(-0.822293322396,1.147562441742,
    7.911240299379));
#19339 = CARTESIAN_POINT('',(-0.825173474166,1.150442593512,
    7.896870508491));
#19340 = CARTESIAN_POINT('',(-0.827082088859,1.152351208205,
    7.882210850582));
#19341 = CARTESIAN_POINT('',(-0.828008657371,1.153277776717,
    7.86743114855));
#19342 = ORIENTED_EDGE('',*,*,#19343,.F.);
#19343 = EDGE_CURVE('',#19297,#19321,#19344,.T.);
#19344 = CIRCLE('',#19345,1.419735174936);
#19345 = AXIS2_PLACEMENT_3D('',#19346,#19347,#19348);
#19346 = CARTESIAN_POINT('',(0.,0.,7.86743114855));
#19347 = DIRECTION('',(-0.,0.,1.));
#19348 = DIRECTION('',(0.707106781187,-0.707106781187,0.));
#19349 = SURFACE_OF_REVOLUTION('',#19350,#19355);
#19350 = CIRCLE('',#19351,0.2);
#19351 = AXIS2_PLACEMENT_3D('',#19352,#19353,#19354);
#19352 = CARTESIAN_POINT('',(0.863021164406,-0.863021164406,7.85));
#19353 = DIRECTION('',(0.707106781187,0.707106781187,0.));
#19354 = DIRECTION('',(7.8E-16,-7.8E-16,1.));
#19355 = AXIS1_PLACEMENT('',#19356,#19357);
#19356 = CARTESIAN_POINT('',(0.,0.,6.95));
#19357 = DIRECTION('',(0.,0.,1.));
#19358 = ADVANCED_FACE('',(#19359),#19388,.F.);
#19359 = FACE_BOUND('',#19360,.F.);
#19360 = EDGE_LOOP('',(#19361,#19371,#19378,#19379,#19380,#19381));
#19361 = ORIENTED_EDGE('',*,*,#19362,.F.);
#19362 = EDGE_CURVE('',#19363,#19365,#19367,.T.);
#19363 = VERTEX_POINT('',#19364);
#19364 = CARTESIAN_POINT('',(-0.844770779208,1.170039898554,7.6));
#19365 = VERTEX_POINT('',#19366);
#19366 = CARTESIAN_POINT('',(1.170039898554,-0.844770779208,7.6));
#19367 = LINE('',#19368,#19369);
#19368 = CARTESIAN_POINT('',(-353.3907560336,353.71602515294,7.6));
#19369 = VECTOR('',#19370,1.);
#19370 = DIRECTION('',(0.707106781187,-0.707106781187,0.));
#19371 = ORIENTED_EDGE('',*,*,#19372,.F.);
#19372 = EDGE_CURVE('',#19321,#19363,#19373,.T.);
#19373 = HYPERBOLA('',#19374,2.628912029635,0.23);
#19374 = AXIS2_PLACEMENT_3D('',#19375,#19376,#19377);
#19375 = CARTESIAN_POINT('',(0.162634559673,0.162634559673,
    24.095078454142));
#19376 = DIRECTION('',(0.707106781187,0.707106781187,0.));
#19377 = DIRECTION('',(0.,0.,-1.));
#19378 = ORIENTED_EDGE('',*,*,#19320,.F.);
#19379 = ORIENTED_EDGE('',*,*,#19282,.T.);
#19380 = ORIENTED_EDGE('',*,*,#19296,.T.);
#19381 = ORIENTED_EDGE('',*,*,#19382,.F.);
#19382 = EDGE_CURVE('',#19365,#19297,#19383,.T.);
#19383 = HYPERBOLA('',#19384,2.628912029635,0.23);
#19384 = AXIS2_PLACEMENT_3D('',#19385,#19386,#19387);
#19385 = CARTESIAN_POINT('',(0.162634559673,0.162634559673,
    24.095078454142));
#19386 = DIRECTION('',(0.707106781187,0.707106781187,0.));
#19387 = DIRECTION('',(0.,0.,-1.));
#19388 = PLANE('',#19389);
#19389 = AXIS2_PLACEMENT_3D('',#19390,#19391,#19392);
#19390 = CARTESIAN_POINT('',(-353.3907560336,353.71602515294,7.6));
#19391 = DIRECTION('',(0.707106781187,0.707106781187,0.));
#19392 = DIRECTION('',(0.,0.,1.));
#19393 = ADVANCED_FACE('',(#19394),#19467,.T.);
#19394 = FACE_BOUND('',#19395,.F.);
#19395 = EDGE_LOOP('',(#19396,#19397,#19398,#19399,#19408,#19417,#19426,
    #19435,#19444,#19452,#19459,#19460));
#19396 = ORIENTED_EDGE('',*,*,#19382,.T.);
#19397 = ORIENTED_EDGE('',*,*,#19343,.T.);
#19398 = ORIENTED_EDGE('',*,*,#19372,.T.);
#19399 = ORIENTED_EDGE('',*,*,#19400,.F.);
#19400 = EDGE_CURVE('',#19401,#19363,#19403,.T.);
#19401 = VERTEX_POINT('',#19402);
#19402 = CARTESIAN_POINT('',(-1.170039898554,0.844770779208,7.6));
#19403 = CIRCLE('',#19404,1.443132368708);
#19404 = AXIS2_PLACEMENT_3D('',#19405,#19406,#19407);
#19405 = CARTESIAN_POINT('',(0.,0.,7.6));
#19406 = DIRECTION('',(0.,-0.,-1.));
#19407 = DIRECTION('',(0.707106781187,-0.707106781187,0.));
#19408 = ORIENTED_EDGE('',*,*,#19409,.F.);
#19409 = EDGE_CURVE('',#19410,#19401,#19412,.T.);
#19410 = VERTEX_POINT('',#19411);
#19411 = CARTESIAN_POINT('',(-1.153277776717,0.828008657371,
    7.86743114855));
#19412 = HYPERBOLA('',#19413,2.628912029635,0.23);
#19413 = AXIS2_PLACEMENT_3D('',#19414,#19415,#19416);
#19414 = CARTESIAN_POINT('',(-0.162634559673,-0.162634559673,
    24.095078454142));
#19415 = DIRECTION('',(0.707106781187,0.707106781187,0.));
#19416 = DIRECTION('',(0.,0.,-1.));
#19417 = ORIENTED_EDGE('',*,*,#19418,.T.);
#19418 = EDGE_CURVE('',#19410,#19419,#19421,.T.);
#19419 = VERTEX_POINT('',#19420);
#19420 = CARTESIAN_POINT('',(0.828008657371,-1.153277776717,
    7.86743114855));
#19421 = CIRCLE('',#19422,1.419735174936);
#19422 = AXIS2_PLACEMENT_3D('',#19423,#19424,#19425);
#19423 = CARTESIAN_POINT('',(0.,0.,7.86743114855));
#19424 = DIRECTION('',(-0.,0.,1.));
#19425 = DIRECTION('',(0.707106781187,-0.707106781187,0.));
#19426 = ORIENTED_EDGE('',*,*,#19427,.F.);
#19427 = EDGE_CURVE('',#19428,#19419,#19430,.T.);
#19428 = VERTEX_POINT('',#19429);
#19429 = CARTESIAN_POINT('',(0.844770779208,-1.170039898554,7.6));
#19430 = HYPERBOLA('',#19431,2.628912029635,0.23);
#19431 = AXIS2_PLACEMENT_3D('',#19432,#19433,#19434);
#19432 = CARTESIAN_POINT('',(-0.162634559673,-0.162634559673,
    24.095078454142));
#19433 = DIRECTION('',(0.707106781187,0.707106781187,0.));
#19434 = DIRECTION('',(0.,0.,-1.));
#19435 = ORIENTED_EDGE('',*,*,#19436,.F.);
#19436 = EDGE_CURVE('',#19437,#19428,#19439,.T.);
#19437 = VERTEX_POINT('',#19438);
#19438 = CARTESIAN_POINT('',(1.020448684063,-1.020448684063,7.6));
#19439 = CIRCLE('',#19440,1.443132368708);
#19440 = AXIS2_PLACEMENT_3D('',#19441,#19442,#19443);
#19441 = CARTESIAN_POINT('',(0.,0.,7.6));
#19442 = DIRECTION('',(0.,-0.,-1.));
#19443 = DIRECTION('',(0.707106781187,-0.707106781187,0.));
#19444 = ORIENTED_EDGE('',*,*,#19445,.T.);
#19445 = EDGE_CURVE('',#19437,#19446,#19448,.T.);
#19446 = VERTEX_POINT('',#19447);
#19447 = CARTESIAN_POINT('',(1.06066017178,-1.06066017178,6.95));
#19448 = LINE('',#19449,#19450);
#19449 = CARTESIAN_POINT('',(1.003904369687,-1.003904369687,
    7.86743114855));
#19450 = VECTOR('',#19451,1.);
#19451 = DIRECTION('',(6.162841671622E-02,-6.162841671622E-02,
    -0.996194698092));
#19452 = ORIENTED_EDGE('',*,*,#19453,.F.);
#19453 = EDGE_CURVE('',#19446,#19446,#19454,.T.);
#19454 = CIRCLE('',#19455,1.5);
#19455 = AXIS2_PLACEMENT_3D('',#19456,#19457,#19458);
#19456 = CARTESIAN_POINT('',(0.,0.,6.95));
#19457 = DIRECTION('',(-0.,0.,1.));
#19458 = DIRECTION('',(0.707106781187,-0.707106781187,0.));
#19459 = ORIENTED_EDGE('',*,*,#19445,.F.);
#19460 = ORIENTED_EDGE('',*,*,#19461,.F.);
#19461 = EDGE_CURVE('',#19365,#19437,#19462,.T.);
#19462 = CIRCLE('',#19463,1.443132368708);
#19463 = AXIS2_PLACEMENT_3D('',#19464,#19465,#19466);
#19464 = CARTESIAN_POINT('',(0.,0.,7.6));
#19465 = DIRECTION('',(0.,-0.,-1.));
#19466 = DIRECTION('',(0.707106781187,-0.707106781187,0.));
#19467 = CONICAL_SURFACE('',#19468,1.419735174936,8.726646259972E-02);
#19468 = AXIS2_PLACEMENT_3D('',#19469,#19470,#19471);
#19469 = CARTESIAN_POINT('',(0.,0.,7.86743114855));
#19470 = DIRECTION('',(-0.,0.,-1.));
#19471 = DIRECTION('',(0.707106781187,-0.707106781187,-0.));
#19472 = ADVANCED_FACE('',(#19473),#19485,.T.);
#19473 = FACE_BOUND('',#19474,.T.);
#19474 = EDGE_LOOP('',(#19475,#19476,#19477,#19483,#19484));
#19475 = ORIENTED_EDGE('',*,*,#19362,.F.);
#19476 = ORIENTED_EDGE('',*,*,#19400,.F.);
#19477 = ORIENTED_EDGE('',*,*,#19478,.T.);
#19478 = EDGE_CURVE('',#19401,#19428,#19479,.T.);
#19479 = LINE('',#19480,#19481);
#19480 = CARTESIAN_POINT('',(-353.7160251529,353.3907560336,7.6));
#19481 = VECTOR('',#19482,1.);
#19482 = DIRECTION('',(0.707106781187,-0.707106781187,0.));
#19483 = ORIENTED_EDGE('',*,*,#19436,.F.);
#19484 = ORIENTED_EDGE('',*,*,#19461,.F.);
#19485 = PLANE('',#19486);
#19486 = AXIS2_PLACEMENT_3D('',#19487,#19488,#19489);
#19487 = CARTESIAN_POINT('',(-353.7160251529,353.3907560336,7.6));
#19488 = DIRECTION('',(0.,0.,1.));
#19489 = DIRECTION('',(0.707106781187,-0.707106781187,0.));
#19490 = ADVANCED_FACE('',(#19491,#19494),#19505,.F.);
#19491 = FACE_BOUND('',#19492,.F.);
#19492 = EDGE_LOOP('',(#19493));
#19493 = ORIENTED_EDGE('',*,*,#19453,.T.);
#19494 = FACE_BOUND('',#19495,.F.);
#19495 = EDGE_LOOP('',(#19496));
#19496 = ORIENTED_EDGE('',*,*,#19497,.F.);
#19497 = EDGE_CURVE('',#19498,#19498,#19500,.T.);
#19498 = VERTEX_POINT('',#19499);
#19499 = CARTESIAN_POINT('',(0.636396103068,-0.636396103068,6.95));
#19500 = CIRCLE('',#19501,0.9);
#19501 = AXIS2_PLACEMENT_3D('',#19502,#19503,#19504);
#19502 = CARTESIAN_POINT('',(0.,0.,6.95));
#19503 = DIRECTION('',(-0.,0.,1.));
#19504 = DIRECTION('',(0.707106781187,-0.707106781187,0.));
#19505 = PLANE('',#19506);
#19506 = AXIS2_PLACEMENT_3D('',#19507,#19508,#19509);
#19507 = CARTESIAN_POINT('',(0.,0.,6.95));
#19508 = DIRECTION('',(0.,0.,1.));
#19509 = DIRECTION('',(0.707106781187,-0.707106781187,0.));
#19510 = ADVANCED_FACE('',(#19511),#19568,.T.);
#19511 = FACE_BOUND('',#19512,.T.);
#19512 = EDGE_LOOP('',(#19513,#19514,#19515,#19538,#19546,#19567));
#19513 = ORIENTED_EDGE('',*,*,#19478,.F.);
#19514 = ORIENTED_EDGE('',*,*,#19409,.F.);
#19515 = ORIENTED_EDGE('',*,*,#19516,.F.);
#19516 = EDGE_CURVE('',#19517,#19410,#19519,.T.);
#19517 = VERTEX_POINT('',#19518);
#19518 = CARTESIAN_POINT('',(-1.010193130046,0.6849240107,8.05));
#19519 = B_SPLINE_CURVE_WITH_KNOTS('',5,(#19520,#19521,#19522,#19523,
    #19524,#19525,#19526,#19527,#19528,#19529,#19530,#19531,#19532,
    #19533,#19534,#19535,#19536,#19537),.UNSPECIFIED.,.F.,.F.,(6,4,4,4,6
    ),(0.,0.250129965149,0.500168146575,0.750114408968,1.),
  .UNSPECIFIED.);
#19520 = CARTESIAN_POINT('',(-1.010193130046,0.6849240107,8.05));
#19521 = CARTESIAN_POINT('',(-1.020873145873,0.695604026527,8.05));
#19522 = CARTESIAN_POINT('',(-1.031547763316,0.706278643971,
    8.048624861379));
#19523 = CARTESIAN_POINT('',(-1.042095136391,0.716826017045,
    8.045874209795));
#19524 = CARTESIAN_POINT('',(-1.052393941672,0.727124822327,
    8.041779356199));
#19525 = CARTESIAN_POINT('',(-1.072264358631,0.746995239285,
    8.031025748242));
#19526 = CARTESIAN_POINT('',(-1.081836284791,0.756567165446,
    8.02436790921));
#19527 = CARTESIAN_POINT('',(-1.090933626767,0.765664507421,
    8.016489073427));
#19528 = CARTESIAN_POINT('',(-1.099451750022,0.774182630677,
    8.007479985852));
#19529 = CARTESIAN_POINT('',(-1.115147785187,0.789878665841,
    7.987434570241));
#19530 = CARTESIAN_POINT('',(-1.122326229984,0.797057110638,
    7.976398936322));
#19531 = CARTESIAN_POINT('',(-1.12874711615,0.803477996804,
    7.964463052152));
#19532 = CARTESIAN_POINT('',(-1.134336511123,0.809067391778,
    7.951765039258));
#19533 = CARTESIAN_POINT('',(-1.143743946494,0.818474827148,
    7.925153550379));
#19534 = CARTESIAN_POINT('',(-1.147562441742,0.822293322396,
    7.911240299379));
#19535 = CARTESIAN_POINT('',(-1.150442593512,0.825173474166,
    7.896870508491));
#19536 = CARTESIAN_POINT('',(-1.152351208205,0.827082088859,
    7.882210850582));
#19537 = CARTESIAN_POINT('',(-1.153277776717,0.828008657371,
    7.86743114855));
#19538 = ORIENTED_EDGE('',*,*,#19539,.T.);
#19539 = EDGE_CURVE('',#19517,#19540,#19542,.T.);
#19540 = VERTEX_POINT('',#19541);
#19541 = CARTESIAN_POINT('',(0.6849240107,-1.010193130046,8.05));
#19542 = LINE('',#19543,#19544);
#19543 = CARTESIAN_POINT('',(-176.9393298563,176.61406073696,8.05));
#19544 = VECTOR('',#19545,1.);
#19545 = DIRECTION('',(0.707106781187,-0.707106781187,0.));
#19546 = ORIENTED_EDGE('',*,*,#19547,.T.);
#19547 = EDGE_CURVE('',#19540,#19419,#19548,.T.);
#19548 = B_SPLINE_CURVE_WITH_KNOTS('',5,(#19549,#19550,#19551,#19552,
    #19553,#19554,#19555,#19556,#19557,#19558,#19559,#19560,#19561,
    #19562,#19563,#19564,#19565,#19566),.UNSPECIFIED.,.F.,.F.,(6,4,4,4,6
    ),(0.,0.250129965149,0.500168146575,0.750114408968,1.),
  .UNSPECIFIED.);
#19549 = CARTESIAN_POINT('',(0.6849240107,-1.010193130046,8.05));
#19550 = CARTESIAN_POINT('',(0.695604026527,-1.020873145873,8.05));
#19551 = CARTESIAN_POINT('',(0.706278643971,-1.031547763316,
    8.048624861379));
#19552 = CARTESIAN_POINT('',(0.716826017045,-1.042095136391,
    8.045874209795));
#19553 = CARTESIAN_POINT('',(0.727124822327,-1.052393941672,
    8.041779356199));
#19554 = CARTESIAN_POINT('',(0.746995239285,-1.072264358631,
    8.031025748242));
#19555 = CARTESIAN_POINT('',(0.756567165446,-1.081836284791,
    8.02436790921));
#19556 = CARTESIAN_POINT('',(0.765664507421,-1.090933626767,
    8.016489073427));
#19557 = CARTESIAN_POINT('',(0.774182630677,-1.099451750022,
    8.007479985852));
#19558 = CARTESIAN_POINT('',(0.789878665841,-1.115147785187,
    7.987434570241));
#19559 = CARTESIAN_POINT('',(0.797057110638,-1.122326229984,
    7.976398936322));
#19560 = CARTESIAN_POINT('',(0.803477996804,-1.12874711615,
    7.964463052152));
#19561 = CARTESIAN_POINT('',(0.809067391778,-1.134336511123,
    7.951765039258));
#19562 = CARTESIAN_POINT('',(0.818474827148,-1.143743946494,
    7.925153550379));
#19563 = CARTESIAN_POINT('',(0.822293322396,-1.147562441742,
    7.911240299379));
#19564 = CARTESIAN_POINT('',(0.825173474166,-1.150442593512,
    7.896870508491));
#19565 = CARTESIAN_POINT('',(0.827082088859,-1.152351208205,
    7.882210850582));
#19566 = CARTESIAN_POINT('',(0.828008657371,-1.153277776717,
    7.86743114855));
#19567 = ORIENTED_EDGE('',*,*,#19427,.F.);
#19568 = PLANE('',#19569);
#19569 = AXIS2_PLACEMENT_3D('',#19570,#19571,#19572);
#19570 = CARTESIAN_POINT('',(-353.7160251529,353.3907560336,7.6));
#19571 = DIRECTION('',(0.707106781187,0.707106781187,0.));
#19572 = DIRECTION('',(0.,0.,1.));
#19573 = ADVANCED_FACE('',(#19574),#19586,.F.);
#19574 = FACE_BOUND('',#19575,.F.);
#19575 = EDGE_LOOP('',(#19576,#19583,#19584,#19585));
#19576 = ORIENTED_EDGE('',*,*,#19577,.T.);
#19577 = EDGE_CURVE('',#19517,#19540,#19578,.T.);
#19578 = CIRCLE('',#19579,1.220496235318);
#19579 = AXIS2_PLACEMENT_3D('',#19580,#19581,#19582);
#19580 = CARTESIAN_POINT('',(0.,0.,8.05));
#19581 = DIRECTION('',(-0.,0.,1.));
#19582 = DIRECTION('',(0.707106781187,-0.707106781187,0.));
#19583 = ORIENTED_EDGE('',*,*,#19547,.T.);
#19584 = ORIENTED_EDGE('',*,*,#19418,.F.);
#19585 = ORIENTED_EDGE('',*,*,#19516,.F.);
#19586 = SURFACE_OF_REVOLUTION('',#19587,#19592);
#19587 = CIRCLE('',#19588,0.2);
#19588 = AXIS2_PLACEMENT_3D('',#19589,#19590,#19591);
#19589 = CARTESIAN_POINT('',(0.863021164406,-0.863021164406,7.85));
#19590 = DIRECTION('',(0.707106781187,0.707106781187,0.));
#19591 = DIRECTION('',(7.8E-16,-7.8E-16,1.));
#19592 = AXIS1_PLACEMENT('',#19593,#19594);
#19593 = CARTESIAN_POINT('',(0.,0.,6.95));
#19594 = DIRECTION('',(0.,0.,1.));
#19595 = ADVANCED_FACE('',(#19596),#19616,.F.);
#19596 = FACE_BOUND('',#19597,.F.);
#19597 = EDGE_LOOP('',(#19598,#19599,#19608,#19615));
#19598 = ORIENTED_EDGE('',*,*,#19497,.T.);
#19599 = ORIENTED_EDGE('',*,*,#19600,.T.);
#19600 = EDGE_CURVE('',#19498,#19601,#19603,.T.);
#19601 = VERTEX_POINT('',#19602);
#19602 = CARTESIAN_POINT('',(0.565685424949,-0.565685424949,6.85));
#19603 = CIRCLE('',#19604,1.E-01);
#19604 = AXIS2_PLACEMENT_3D('',#19605,#19606,#19607);
#19605 = CARTESIAN_POINT('',(0.636396103068,-0.636396103068,6.85));
#19606 = DIRECTION('',(-0.707106781187,-0.707106781187,0.));
#19607 = DIRECTION('',(0.,0.,1.));
#19608 = ORIENTED_EDGE('',*,*,#19609,.F.);
#19609 = EDGE_CURVE('',#19601,#19601,#19610,.T.);
#19610 = CIRCLE('',#19611,0.8);
#19611 = AXIS2_PLACEMENT_3D('',#19612,#19613,#19614);
#19612 = CARTESIAN_POINT('',(0.,0.,6.85));
#19613 = DIRECTION('',(-0.,0.,1.));
#19614 = DIRECTION('',(0.707106781187,-0.707106781187,0.));
#19615 = ORIENTED_EDGE('',*,*,#19600,.F.);
#19616 = SURFACE_OF_REVOLUTION('',#19617,#19622);
#19617 = CIRCLE('',#19618,1.E-01);
#19618 = AXIS2_PLACEMENT_3D('',#19619,#19620,#19621);
#19619 = CARTESIAN_POINT('',(0.636396103068,-0.636396103068,6.85));
#19620 = DIRECTION('',(-0.707106781187,-0.707106781187,0.));
#19621 = DIRECTION('',(0.,0.,1.));
#19622 = AXIS1_PLACEMENT('',#19623,#19624);
#19623 = CARTESIAN_POINT('',(0.,0.,6.95));
#19624 = DIRECTION('',(0.,0.,1.));
#19625 = ADVANCED_FACE('',(#19626),#19630,.T.);
#19626 = FACE_BOUND('',#19627,.F.);
#19627 = EDGE_LOOP('',(#19628,#19629));
#19628 = ORIENTED_EDGE('',*,*,#19539,.T.);
#19629 = ORIENTED_EDGE('',*,*,#19577,.F.);
#19630 = PLANE('',#19631);
#19631 = AXIS2_PLACEMENT_3D('',#19632,#19633,#19634);
#19632 = CARTESIAN_POINT('',(0.,0.,8.05));
#19633 = DIRECTION('',(0.,0.,1.));
#19634 = DIRECTION('',(0.707106781187,-0.707106781187,-0.));
#19635 = ADVANCED_FACE('',(#19636),#19655,.T.);
#19636 = FACE_BOUND('',#19637,.F.);
#19637 = EDGE_LOOP('',(#19638,#19639,#19647,#19654));
#19638 = ORIENTED_EDGE('',*,*,#19609,.T.);
#19639 = ORIENTED_EDGE('',*,*,#19640,.T.);
#19640 = EDGE_CURVE('',#19601,#19641,#19643,.T.);
#19641 = VERTEX_POINT('',#19642);
#19642 = CARTESIAN_POINT('',(0.565685424949,-0.565685424949,3.95));
#19643 = LINE('',#19644,#19645);
#19644 = CARTESIAN_POINT('',(0.565685424949,-0.565685424949,6.85));
#19645 = VECTOR('',#19646,1.);
#19646 = DIRECTION('',(0.,0.,-1.));
#19647 = ORIENTED_EDGE('',*,*,#19648,.F.);
#19648 = EDGE_CURVE('',#19641,#19641,#19649,.T.);
#19649 = CIRCLE('',#19650,0.8);
#19650 = AXIS2_PLACEMENT_3D('',#19651,#19652,#19653);
#19651 = CARTESIAN_POINT('',(0.,0.,3.95));
#19652 = DIRECTION('',(-0.,0.,1.));
#19653 = DIRECTION('',(0.707106781187,-0.707106781187,0.));
#19654 = ORIENTED_EDGE('',*,*,#19640,.F.);
#19655 = CYLINDRICAL_SURFACE('',#19656,0.8);
#19656 = AXIS2_PLACEMENT_3D('',#19657,#19658,#19659);
#19657 = CARTESIAN_POINT('',(0.,0.,6.85));
#19658 = DIRECTION('',(-0.,0.,-1.));
#19659 = DIRECTION('',(0.707106781187,-0.707106781187,-0.));
#19660 = ADVANCED_FACE('',(#19661),#19664,.F.);
#19661 = FACE_BOUND('',#19662,.F.);
#19662 = EDGE_LOOP('',(#19663));
#19663 = ORIENTED_EDGE('',*,*,#19648,.T.);
#19664 = PLANE('',#19665);
#19665 = AXIS2_PLACEMENT_3D('',#19666,#19667,#19668);
#19666 = CARTESIAN_POINT('',(0.,0.,3.95));
#19667 = DIRECTION('',(0.,0.,1.));
#19668 = DIRECTION('',(0.707106781187,-0.707106781187,0.));
#19669 = ( GEOMETRIC_REPRESENTATION_CONTEXT(3) 
GLOBAL_UNCERTAINTY_ASSIGNED_CONTEXT((#19673)) 
GLOBAL_UNIT_ASSIGNED_CONTEXT((#19670,#19671,#19672)) 
REPRESENTATION_CONTEXT('Context #1',
  '3D Context with UNIT and UNCERTAINTY') );
#19670 = ( LENGTH_UNIT() NAMED_UNIT(*) SI_UNIT(.MILLI.,.METRE.) );
#19671 = ( NAMED_UNIT(*) PLANE_ANGLE_UNIT() SI_UNIT($,.RADIAN.) );
#19672 = ( NAMED_UNIT(*) SI_UNIT($,.STERADIAN.) SOLID_ANGLE_UNIT() );
#19673 = UNCERTAINTY_MEASURE_WITH_UNIT(LENGTH_MEASURE(2.E-06),#19670,
  'distance_accuracy_value','confusion accuracy');
#19674 = CONTEXT_DEPENDENT_SHAPE_REPRESENTATION(#19675,#19677);
#19675 = ( REPRESENTATION_RELATIONSHIP('','',#19264,#10) 
REPRESENTATION_RELATIONSHIP_WITH_TRANSFORMATION(#19676) 
SHAPE_REPRESENTATION_RELATIONSHIP() );
#19676 = ITEM_DEFINED_TRANSFORMATION('','',#11,#75);
#19677 = PRODUCT_DEFINITION_SHAPE('Placement','Placement of an item',
  #19678);
#19678 = NEXT_ASSEMBLY_USAGE_OCCURRENCE('496','Body433','',#5,#19259,$);
#19679 = PRODUCT_RELATED_PRODUCT_CATEGORY('part',$,(#19261));
#19680 = MECHANICAL_DESIGN_GEOMETRIC_PRESENTATION_REPRESENTATION('',(
    #19681),#8446);
#19681 = STYLED_ITEM('color',(#19682),#8121);
#19682 = PRESENTATION_STYLE_ASSIGNMENT((#19683,#19689));
#19683 = SURFACE_STYLE_USAGE(.BOTH.,#19684);
#19684 = SURFACE_SIDE_STYLE('',(#19685));
#19685 = SURFACE_STYLE_FILL_AREA(#19686);
#19686 = FILL_AREA_STYLE('',(#19687));
#19687 = FILL_AREA_STYLE_COLOUR('',#19688);
#19688 = COLOUR_RGB('',0.823999987314,0.819999987296,0.781000009244);
#19689 = CURVE_STYLE('',#19690,POSITIVE_LENGTH_MEASURE(0.1),#19691);
#19690 = DRAUGHTING_PRE_DEFINED_CURVE_FONT('continuous');
#19691 = COLOUR_RGB('',9.803921802644E-02,9.803921802644E-02,
  9.803921802644E-02);
#19692 = MECHANICAL_DESIGN_GEOMETRIC_PRESENTATION_REPRESENTATION('',(
    #19693),#8869);
#19693 = STYLED_ITEM('color',(#19694),#8465);
#19694 = PRESENTATION_STYLE_ASSIGNMENT((#19695,#19700));
#19695 = SURFACE_STYLE_USAGE(.BOTH.,#19696);
#19696 = SURFACE_SIDE_STYLE('',(#19697));
#19697 = SURFACE_STYLE_FILL_AREA(#19698);
#19698 = FILL_AREA_STYLE('',(#19699));
#19699 = FILL_AREA_STYLE_COLOUR('',#19688);
#19700 = CURVE_STYLE('',#19701,POSITIVE_LENGTH_MEASURE(0.1),#19691);
#19701 = DRAUGHTING_PRE_DEFINED_CURVE_FONT('continuous');
#19702 = MECHANICAL_DESIGN_GEOMETRIC_PRESENTATION_REPRESENTATION('',(
    #19703),#14269);
#19703 = STYLED_ITEM('color',(#19704),#13865);
#19704 = PRESENTATION_STYLE_ASSIGNMENT((#19705,#19710));
#19705 = SURFACE_STYLE_USAGE(.BOTH.,#19706);
#19706 = SURFACE_SIDE_STYLE('',(#19707));
#19707 = SURFACE_STYLE_FILL_AREA(#19708);
#19708 = FILL_AREA_STYLE('',(#19709));
#19709 = FILL_AREA_STYLE_COLOUR('',#19688);
#19710 = CURVE_STYLE('',#19711,POSITIVE_LENGTH_MEASURE(0.1),#19691);
#19711 = DRAUGHTING_PRE_DEFINED_CURVE_FONT('continuous');
#19712 = MECHANICAL_DESIGN_GEOMETRIC_PRESENTATION_REPRESENTATION('',(
    #19713),#19669);
#19713 = STYLED_ITEM('color',(#19714),#19265);
#19714 = PRESENTATION_STYLE_ASSIGNMENT((#19715,#19720));
#19715 = SURFACE_STYLE_USAGE(.BOTH.,#19716);
#19716 = SURFACE_SIDE_STYLE('',(#19717));
#19717 = SURFACE_STYLE_FILL_AREA(#19718);
#19718 = FILL_AREA_STYLE('',(#19719));
#19719 = FILL_AREA_STYLE_COLOUR('',#19688);
#19720 = CURVE_STYLE('',#19721,POSITIVE_LENGTH_MEASURE(0.1),#19691);
#19721 = DRAUGHTING_PRE_DEFINED_CURVE_FONT('continuous');
#19722 = MECHANICAL_DESIGN_GEOMETRIC_PRESENTATION_REPRESENTATION('',(
    #19723),#16546);
#19723 = STYLED_ITEM('color',(#19724),#16221);
#19724 = PRESENTATION_STYLE_ASSIGNMENT((#19725,#19730));
#19725 = SURFACE_STYLE_USAGE(.BOTH.,#19726);
#19726 = SURFACE_SIDE_STYLE('',(#19727));
#19727 = SURFACE_STYLE_FILL_AREA(#19728);
#19728 = FILL_AREA_STYLE('',(#19729));
#19729 = FILL_AREA_STYLE_COLOUR('',#19688);
#19730 = CURVE_STYLE('',#19731,POSITIVE_LENGTH_MEASURE(0.1),#19691);
#19731 = DRAUGHTING_PRE_DEFINED_CURVE_FONT('continuous');
#19732 = MECHANICAL_DESIGN_GEOMETRIC_PRESENTATION_REPRESENTATION('',(
    #19733),#16202);
#19733 = STYLED_ITEM('color',(#19734),#14288);
#19734 = PRESENTATION_STYLE_ASSIGNMENT((#19735,#19740));
#19735 = SURFACE_STYLE_USAGE(.BOTH.,#19736);
#19736 = SURFACE_SIDE_STYLE('',(#19737));
#19737 = SURFACE_STYLE_FILL_AREA(#19738);
#19738 = FILL_AREA_STYLE('',(#19739));
#19739 = FILL_AREA_STYLE_COLOUR('',#19688);
#19740 = CURVE_STYLE('',#19741,POSITIVE_LENGTH_MEASURE(0.1),#19691);
#19741 = DRAUGHTING_PRE_DEFINED_CURVE_FONT('continuous');
#19742 = MECHANICAL_DESIGN_GEOMETRIC_PRESENTATION_REPRESENTATION('',(
    #19743),#11569);
#19743 = STYLED_ITEM('color',(#19744),#11165);
#19744 = PRESENTATION_STYLE_ASSIGNMENT((#19745,#19750));
#19745 = SURFACE_STYLE_USAGE(.BOTH.,#19746);
#19746 = SURFACE_SIDE_STYLE('',(#19747));
#19747 = SURFACE_STYLE_FILL_AREA(#19748);
#19748 = FILL_AREA_STYLE('',(#19749));
#19749 = FILL_AREA_STYLE_COLOUR('',#19688);
#19750 = CURVE_STYLE('',#19751,POSITIVE_LENGTH_MEASURE(0.1),#19691);
#19751 = DRAUGHTING_PRE_DEFINED_CURVE_FONT('continuous');
#19752 = MECHANICAL_DESIGN_GEOMETRIC_PRESENTATION_REPRESENTATION('',(
    #19753),#8102);
#19753 = STYLED_ITEM('color',(#19754),#6188);
#19754 = PRESENTATION_STYLE_ASSIGNMENT((#19755,#19760));
#19755 = SURFACE_STYLE_USAGE(.BOTH.,#19756);
#19756 = SURFACE_SIDE_STYLE('',(#19757));
#19757 = SURFACE_STYLE_FILL_AREA(#19758);
#19758 = FILL_AREA_STYLE('',(#19759));
#19759 = FILL_AREA_STYLE_COLOUR('',#19688);
#19760 = CURVE_STYLE('',#19761,POSITIVE_LENGTH_MEASURE(0.1),#19691);
#19761 = DRAUGHTING_PRE_DEFINED_CURVE_FONT('continuous');
#19762 = MECHANICAL_DESIGN_GEOMETRIC_PRESENTATION_REPRESENTATION('',(
    #19763),#6169);
#19763 = STYLED_ITEM('color',(#19764),#93);
#19764 = PRESENTATION_STYLE_ASSIGNMENT((#19765,#19771));
#19765 = SURFACE_STYLE_USAGE(.BOTH.,#19766);
#19766 = SURFACE_SIDE_STYLE('',(#19767));
#19767 = SURFACE_STYLE_FILL_AREA(#19768);
#19768 = FILL_AREA_STYLE('',(#19769));
#19769 = FILL_AREA_STYLE_COLOUR('',#19770);
#19770 = COLOUR_RGB('',0.34117647,0.61568627,0.42745098);
#19771 = CURVE_STYLE('',#19772,POSITIVE_LENGTH_MEASURE(0.1),#19691);
#19772 = DRAUGHTING_PRE_DEFINED_CURVE_FONT('continuous');
#19773 = MECHANICAL_DESIGN_GEOMETRIC_PRESENTATION_REPRESENTATION('',(
    #19774),#13502);
#19774 = STYLED_ITEM('color',(#19775),#11588);
#19775 = PRESENTATION_STYLE_ASSIGNMENT((#19776,#19781));
#19776 = SURFACE_STYLE_USAGE(.BOTH.,#19777);
#19777 = SURFACE_SIDE_STYLE('',(#19778));
#19778 = SURFACE_STYLE_FILL_AREA(#19779);
#19779 = FILL_AREA_STYLE('',(#19780));
#19780 = FILL_AREA_STYLE_COLOUR('',#19688);
#19781 = CURVE_STYLE('',#19782,POSITIVE_LENGTH_MEASURE(0.1),#19691);
#19782 = DRAUGHTING_PRE_DEFINED_CURVE_FONT('continuous');
#19783 = MECHANICAL_DESIGN_GEOMETRIC_PRESENTATION_REPRESENTATION('',(
    #19784),#13846);
#19784 = STYLED_ITEM('color',(#19785),#13521);
#19785 = PRESENTATION_STYLE_ASSIGNMENT((#19786,#19791));
#19786 = SURFACE_STYLE_USAGE(.BOTH.,#19787);
#19787 = SURFACE_SIDE_STYLE('',(#19788));
#19788 = SURFACE_STYLE_FILL_AREA(#19789);
#19789 = FILL_AREA_STYLE('',(#19790));
#19790 = FILL_AREA_STYLE_COLOUR('',#19688);
#19791 = CURVE_STYLE('',#19792,POSITIVE_LENGTH_MEASURE(0.1),#19691);
#19792 = DRAUGHTING_PRE_DEFINED_CURVE_FONT('continuous');
#19793 = MECHANICAL_DESIGN_GEOMETRIC_PRESENTATION_REPRESENTATION('',(
    #19794),#19246);
#19794 = STYLED_ITEM('color',(#19795),#18921);
#19795 = PRESENTATION_STYLE_ASSIGNMENT((#19796,#19801));
#19796 = SURFACE_STYLE_USAGE(.BOTH.,#19797);
#19797 = SURFACE_SIDE_STYLE('',(#19798));
#19798 = SURFACE_STYLE_FILL_AREA(#19799);
#19799 = FILL_AREA_STYLE('',(#19800));
#19800 = FILL_AREA_STYLE_COLOUR('',#19688);
#19801 = CURVE_STYLE('',#19802,POSITIVE_LENGTH_MEASURE(0.1),#19691);
#19802 = DRAUGHTING_PRE_DEFINED_CURVE_FONT('continuous');
#19803 = MECHANICAL_DESIGN_GEOMETRIC_PRESENTATION_REPRESENTATION('',(
    #19804),#16969);
#19804 = STYLED_ITEM('color',(#19805),#16565);
#19805 = PRESENTATION_STYLE_ASSIGNMENT((#19806,#19811));
#19806 = SURFACE_STYLE_USAGE(.BOTH.,#19807);
#19807 = SURFACE_SIDE_STYLE('',(#19808));
#19808 = SURFACE_STYLE_FILL_AREA(#19809);
#19809 = FILL_AREA_STYLE('',(#19810));
#19810 = FILL_AREA_STYLE_COLOUR('',#19688);
#19811 = CURVE_STYLE('',#19812,POSITIVE_LENGTH_MEASURE(0.1),#19691);
#19812 = DRAUGHTING_PRE_DEFINED_CURVE_FONT('continuous');
#19813 = MECHANICAL_DESIGN_GEOMETRIC_PRESENTATION_REPRESENTATION('',(
    #19814),#18902);
#19814 = STYLED_ITEM('color',(#19815),#16988);
#19815 = PRESENTATION_STYLE_ASSIGNMENT((#19816,#19821));
#19816 = SURFACE_STYLE_USAGE(.BOTH.,#19817);
#19817 = SURFACE_SIDE_STYLE('',(#19818));
#19818 = SURFACE_STYLE_FILL_AREA(#19819);
#19819 = FILL_AREA_STYLE('',(#19820));
#19820 = FILL_AREA_STYLE_COLOUR('',#19688);
#19821 = CURVE_STYLE('',#19822,POSITIVE_LENGTH_MEASURE(0.1),#19691);
#19822 = DRAUGHTING_PRE_DEFINED_CURVE_FONT('continuous');
#19823 = MECHANICAL_DESIGN_GEOMETRIC_PRESENTATION_REPRESENTATION('',(
    #19824),#10802);
#19824 = STYLED_ITEM('color',(#19825),#8888);
#19825 = PRESENTATION_STYLE_ASSIGNMENT((#19826,#19831));
#19826 = SURFACE_STYLE_USAGE(.BOTH.,#19827);
#19827 = SURFACE_SIDE_STYLE('',(#19828));
#19828 = SURFACE_STYLE_FILL_AREA(#19829);
#19829 = FILL_AREA_STYLE('',(#19830));
#19830 = FILL_AREA_STYLE_COLOUR('',#19688);
#19831 = CURVE_STYLE('',#19832,POSITIVE_LENGTH_MEASURE(0.1),#19691);
#19832 = DRAUGHTING_PRE_DEFINED_CURVE_FONT('continuous');
#19833 = MECHANICAL_DESIGN_GEOMETRIC_PRESENTATION_REPRESENTATION('',(
    #19834),#11146);
#19834 = STYLED_ITEM('color',(#19835),#10821);
#19835 = PRESENTATION_STYLE_ASSIGNMENT((#19836,#19841));
#19836 = SURFACE_STYLE_USAGE(.BOTH.,#19837);
#19837 = SURFACE_SIDE_STYLE('',(#19838));
#19838 = SURFACE_STYLE_FILL_AREA(#19839);
#19839 = FILL_AREA_STYLE('',(#19840));
#19840 = FILL_AREA_STYLE_COLOUR('',#19688);
#19841 = CURVE_STYLE('',#19842,POSITIVE_LENGTH_MEASURE(0.1),#19691);
#19842 = DRAUGHTING_PRE_DEFINED_CURVE_FONT('continuous');
ENDSEC;
END-ISO-10303-21;
